,n_rep,num_qubits,n_gadgets,method,mapping,cx,pre-cx,broken_chains,steiner_nodes,I-index,doubles,q-corr
0,,7,76,pauli_polynomial_steiner_gray_clifford,"[0, 1, 2, 3, 4, 5, 6]",334,291,58,110,227,6,100
1,,7,76,pauli_polynomial_steiner_gray_clifford,"[0, 1, 2, 3, 4, 6, 5]",358,321,59,112,237,4,94
2,,7,76,pauli_polynomial_steiner_gray_clifford,"[0, 1, 2, 3, 5, 4, 6]",350,310,56,111,229,8,99
3,,7,76,pauli_polynomial_steiner_gray_clifford,"[0, 1, 2, 3, 6, 4, 5]",378,327,55,107,221,7,102
4,,7,76,pauli_polynomial_steiner_gray_clifford,"[0, 1, 2, 3, 5, 6, 4]",360,322,57,114,236,5,94
5,,7,76,pauli_polynomial_steiner_gray_clifford,"[0, 1, 2, 3, 6, 5, 4]",347,310,55,108,218,6,103
6,,7,76,pauli_polynomial_steiner_gray_clifford,"[0, 1, 2, 4, 3, 5, 6]",352,302,58,109,235,4,96
7,,7,76,pauli_polynomial_steiner_gray_clifford,"[0, 1, 2, 4, 3, 6, 5]",352,307,58,111,227,3,99
8,,7,76,pauli_polynomial_steiner_gray_clifford,"[0, 1, 2, 5, 3, 4, 6]",349,306,58,113,231,5,98
9,,7,76,pauli_polynomial_steiner_gray_clifford,"[0, 1, 2, 6, 3, 4, 5]",347,308,53,104,209,6,108
10,,7,76,pauli_polynomial_steiner_gray_clifford,"[0, 1, 2, 5, 3, 6, 4]",354,310,56,116,222,5,101
11,,7,76,pauli_polynomial_steiner_gray_clifford,"[0, 1, 2, 6, 3, 5, 4]",340,300,51,105,208,7,108
12,,7,76,pauli_polynomial_steiner_gray_clifford,"[0, 1, 2, 4, 5, 3, 6]",332,290,53,102,219,7,104
13,,7,76,pauli_polynomial_steiner_gray_clifford,"[0, 1, 2, 4, 6, 3, 5]",356,322,57,108,229,5,98
14,,7,76,pauli_polynomial_steiner_gray_clifford,"[0, 1, 2, 5, 4, 3, 6]",363,318,55,105,213,6,107
15,,7,76,pauli_polynomial_steiner_gray_clifford,"[0, 1, 2, 6, 4, 3, 5]",315,289,56,106,227,5,99
16,,7,76,pauli_polynomial_steiner_gray_clifford,"[0, 1, 2, 5, 6, 3, 4]",329,295,58,114,220,3,102
17,,7,76,pauli_polynomial_steiner_gray_clifford,"[0, 1, 2, 6, 5, 3, 4]",322,285,55,109,224,4,100
18,,7,76,pauli_polynomial_steiner_gray_clifford,"[0, 1, 2, 4, 5, 6, 3]",337,293,52,100,221,6,104
19,,7,76,pauli_polynomial_steiner_gray_clifford,"[0, 1, 2, 4, 6, 5, 3]",356,307,56,104,239,5,95
20,,7,76,pauli_polynomial_steiner_gray_clifford,"[0, 1, 2, 5, 4, 6, 3]",337,299,52,103,217,7,106
21,,7,76,pauli_polynomial_steiner_gray_clifford,"[0, 1, 2, 6, 4, 5, 3]",351,316,52,102,221,8,104
22,,7,76,pauli_polynomial_steiner_gray_clifford,"[0, 1, 2, 5, 6, 4, 3]",362,310,57,109,233,4,98
23,,7,76,pauli_polynomial_steiner_gray_clifford,"[0, 1, 2, 6, 5, 4, 3]",348,303,53,104,219,6,105
24,,7,76,pauli_polynomial_steiner_gray_clifford,"[0, 1, 3, 2, 4, 5, 6]",328,287,61,115,235,5,96
25,,7,76,pauli_polynomial_steiner_gray_clifford,"[0, 1, 3, 2, 4, 6, 5]",360,315,63,117,245,3,90
26,,7,76,pauli_polynomial_steiner_gray_clifford,"[0, 1, 3, 2, 5, 4, 6]",349,309,60,116,231,6,98
27,,7,76,pauli_polynomial_steiner_gray_clifford,"[0, 1, 3, 2, 6, 4, 5]",351,306,59,112,227,6,99
28,,7,76,pauli_polynomial_steiner_gray_clifford,"[0, 1, 3, 2, 5, 6, 4]",338,297,62,119,238,3,93
29,,7,76,pauli_polynomial_steiner_gray_clifford,"[0, 1, 3, 2, 6, 5, 4]",356,316,59,113,224,5,100
30,,7,76,pauli_polynomial_steiner_gray_clifford,"[0, 1, 4, 2, 3, 5, 6]",371,328,60,114,237,3,95
31,,7,76,pauli_polynomial_steiner_gray_clifford,"[0, 1, 4, 2, 3, 6, 5]",366,315,60,116,229,2,98
32,,7,76,pauli_polynomial_steiner_gray_clifford,"[0, 1, 5, 2, 3, 4, 6]",338,291,63,124,241,3,93
33,,7,76,pauli_polynomial_steiner_gray_clifford,"[0, 1, 6, 2, 3, 4, 5]",341,306,56,109,219,5,103
34,,7,76,pauli_polynomial_steiner_gray_clifford,"[0, 1, 5, 2, 3, 6, 4]",351,302,62,127,232,3,96
35,,7,76,pauli_polynomial_steiner_gray_clifford,"[0, 1, 6, 2, 3, 5, 4]",349,306,55,110,218,6,103
36,,7,76,pauli_polynomial_steiner_gray_clifford,"[0, 1, 4, 2, 5, 3, 6]",351,305,58,107,223,3,102
37,,7,76,pauli_polynomial_steiner_gray_clifford,"[0, 1, 4, 2, 6, 3, 5]",342,303,60,113,219,3,103
38,,7,76,pauli_polynomial_steiner_gray_clifford,"[0, 1, 5, 2, 4, 3, 6]",346,301,62,116,231,2,98
39,,7,76,pauli_polynomial_steiner_gray_clifford,"[0, 1, 6, 2, 4, 3, 5]",331,291,60,111,227,3,99
40,,7,76,pauli_polynomial_steiner_gray_clifford,"[0, 1, 5, 2, 6, 3, 4]",357,316,63,125,220,2,102
41,,7,76,pauli_polynomial_steiner_gray_clifford,"[0, 1, 6, 2, 5, 3, 4]",342,307,59,114,220,3,102
42,,7,76,pauli_polynomial_steiner_gray_clifford,"[0, 1, 4, 2, 5, 6, 3]",342,307,56,105,225,2,102
43,,7,76,pauli_polynomial_steiner_gray_clifford,"[0, 1, 4, 2, 6, 5, 3]",328,295,58,109,229,3,100
44,,7,76,pauli_polynomial_steiner_gray_clifford,"[0, 1, 5, 2, 4, 6, 3]",347,304,59,114,235,3,97
45,,7,76,pauli_polynomial_steiner_gray_clifford,"[0, 1, 6, 2, 4, 5, 3]",351,305,55,107,221,6,104
46,,7,76,pauli_polynomial_steiner_gray_clifford,"[0, 1, 5, 2, 6, 4, 3]",363,318,61,120,233,3,98
47,,7,76,pauli_polynomial_steiner_gray_clifford,"[0, 1, 6, 2, 5, 4, 3]",355,313,55,109,215,5,107
48,,7,76,pauli_polynomial_steiner_gray_clifford,"[0, 1, 3, 4, 2, 5, 6]",352,302,61,115,237,2,95
49,,7,76,pauli_polynomial_steiner_gray_clifford,"[0, 1, 3, 4, 2, 6, 5]",387,339,61,117,233,2,96
50,,7,76,pauli_polynomial_steiner_gray_clifford,"[0, 1, 3, 5, 2, 4, 6]",341,287,61,119,239,4,94
51,,7,76,pauli_polynomial_steiner_gray_clifford,"[0, 1, 3, 6, 2, 4, 5]",352,310,58,112,217,5,104
52,,7,76,pauli_polynomial_steiner_gray_clifford,"[0, 1, 3, 5, 2, 6, 4]",349,299,60,122,228,4,98
53,,7,76,pauli_polynomial_steiner_gray_clifford,"[0, 1, 3, 6, 2, 5, 4]",345,313,57,113,210,5,107
54,,7,76,pauli_polynomial_steiner_gray_clifford,"[0, 1, 4, 3, 2, 5, 6]",353,313,60,115,231,2,98
55,,7,76,pauli_polynomial_steiner_gray_clifford,"[0, 1, 4, 3, 2, 6, 5]",385,340,59,117,227,2,99
56,,7,76,pauli_polynomial_steiner_gray_clifford,"[0, 1, 5, 3, 2, 4, 6]",361,321,62,125,247,4,90
57,,7,76,pauli_polynomial_steiner_gray_clifford,"[0, 1, 6, 3, 2, 4, 5]",354,315,57,112,221,5,102
58,,7,76,pauli_polynomial_steiner_gray_clifford,"[0, 1, 5, 3, 2, 6, 4]",348,304,61,128,236,4,94
59,,7,76,pauli_polynomial_steiner_gray_clifford,"[0, 1, 6, 3, 2, 5, 4]",362,322,57,113,214,5,105
60,,7,76,pauli_polynomial_steiner_gray_clifford,"[0, 1, 4, 5, 2, 3, 6]",329,283,56,107,215,5,106
61,,7,76,pauli_polynomial_steiner_gray_clifford,"[0, 1, 4, 6, 2, 3, 5]",347,303,59,114,229,4,98
62,,7,76,pauli_polynomial_steiner_gray_clifford,"[0, 1, 5, 4, 2, 3, 6]",318,278,58,113,229,5,99
63,,7,76,pauli_polynomial_steiner_gray_clifford,"[0, 1, 6, 4, 2, 3, 5]",342,311,60,114,239,4,93
64,,7,76,pauli_polynomial_steiner_gray_clifford,"[0, 1, 5, 6, 2, 3, 4]",335,301,62,128,234,2,95
65,,7,76,pauli_polynomial_steiner_gray_clifford,"[0, 1, 6, 5, 2, 3, 4]",355,307,61,122,230,2,97
66,,7,76,pauli_polynomial_steiner_gray_clifford,"[0, 1, 4, 5, 2, 6, 3]",352,304,53,105,207,5,111
67,,7,76,pauli_polynomial_steiner_gray_clifford,"[0, 1, 4, 6, 2, 5, 3]",377,330,57,110,225,4,102
68,,7,76,pauli_polynomial_steiner_gray_clifford,"[0, 1, 5, 4, 2, 6, 3]",320,278,56,111,221,5,104
69,,7,76,pauli_polynomial_steiner_gray_clifford,"[0, 1, 6, 4, 2, 5, 3]",340,300,58,110,235,4,97
70,,7,76,pauli_polynomial_steiner_gray_clifford,"[0, 1, 5, 6, 2, 4, 3]",361,315,61,123,237,2,96
71,,7,76,pauli_polynomial_steiner_gray_clifford,"[0, 1, 6, 5, 2, 4, 3]",352,305,59,117,233,2,98
72,,7,76,pauli_polynomial_steiner_gray_clifford,"[0, 1, 3, 4, 5, 2, 6]",344,295,57,109,219,5,104
73,,7,76,pauli_polynomial_steiner_gray_clifford,"[0, 1, 3, 4, 6, 2, 5]",339,305,59,114,229,3,98
74,,7,76,pauli_polynomial_steiner_gray_clifford,"[0, 1, 3, 5, 4, 2, 6]",344,295,58,112,225,6,101
75,,7,76,pauli_polynomial_steiner_gray_clifford,"[0, 1, 3, 6, 4, 2, 5]",369,332,60,114,231,3,97
76,,7,76,pauli_polynomial_steiner_gray_clifford,"[0, 1, 3, 5, 6, 2, 4]",370,324,60,122,232,3,96
77,,7,76,pauli_polynomial_steiner_gray_clifford,"[0, 1, 3, 6, 5, 2, 4]",357,317,60,119,228,2,98
78,,7,76,pauli_polynomial_steiner_gray_clifford,"[0, 1, 4, 3, 5, 2, 6]",349,309,58,109,221,3,103
79,,7,76,pauli_polynomial_steiner_gray_clifford,"[0, 1, 4, 3, 6, 2, 5]",378,335,58,114,213,2,106
80,,7,76,pauli_polynomial_steiner_gray_clifford,"[0, 1, 5, 3, 4, 2, 6]",360,308,62,118,235,3,96
81,,7,76,pauli_polynomial_steiner_gray_clifford,"[0, 1, 6, 3, 4, 2, 5]",367,322,60,114,223,2,101
82,,7,76,pauli_polynomial_steiner_gray_clifford,"[0, 1, 5, 3, 6, 2, 4]",350,310,61,128,226,3,99
83,,7,76,pauli_polynomial_steiner_gray_clifford,"[0, 1, 6, 3, 5, 2, 4]",364,327,59,119,222,3,101
84,,7,76,pauli_polynomial_steiner_gray_clifford,"[0, 1, 4, 5, 3, 2, 6]",342,301,56,108,219,6,104
85,,7,76,pauli_polynomial_steiner_gray_clifford,"[0, 1, 4, 6, 3, 2, 5]",352,317,58,114,225,3,100
86,,7,76,pauli_polynomial_steiner_gray_clifford,"[0, 1, 5, 4, 3, 2, 6]",320,285,59,114,227,5,100
87,,7,76,pauli_polynomial_steiner_gray_clifford,"[0, 1, 6, 4, 3, 2, 5]",359,321,59,114,233,3,96
88,,7,76,pauli_polynomial_steiner_gray_clifford,"[0, 1, 5, 6, 3, 2, 4]",336,296,61,130,236,2,94
89,,7,76,pauli_polynomial_steiner_gray_clifford,"[0, 1, 6, 5, 3, 2, 4]",351,310,59,124,236,3,94
90,,7,76,pauli_polynomial_steiner_gray_clifford,"[0, 1, 4, 5, 6, 2, 3]",312,268,56,109,221,5,104
91,,7,76,pauli_polynomial_steiner_gray_clifford,"[0, 1, 4, 6, 5, 2, 3]",334,292,58,110,235,3,97
92,,7,76,pauli_polynomial_steiner_gray_clifford,"[0, 1, 5, 4, 6, 2, 3]",309,265,58,115,231,6,99
93,,7,76,pauli_polynomial_steiner_gray_clifford,"[0, 1, 6, 4, 5, 2, 3]",337,298,56,110,227,6,101
94,,7,76,pauli_polynomial_steiner_gray_clifford,"[0, 1, 5, 6, 4, 2, 3]",360,313,61,121,249,3,90
95,,7,76,pauli_polynomial_steiner_gray_clifford,"[0, 1, 6, 5, 4, 2, 3]",342,306,57,115,231,5,99
96,,7,76,pauli_polynomial_steiner_gray_clifford,"[0, 1, 3, 4, 5, 6, 2]",327,286,56,107,222,5,103
97,,7,76,pauli_polynomial_steiner_gray_clifford,"[0, 1, 3, 4, 6, 5, 2]",360,318,58,110,236,3,96
98,,7,76,pauli_polynomial_steiner_gray_clifford,"[0, 1, 3, 5, 4, 6, 2]",327,286,56,110,224,7,102
99,,7,76,pauli_polynomial_steiner_gray_clifford,"[0, 1, 3, 6, 4, 5, 2]",332,296,56,110,220,6,104
100,,7,76,pauli_polynomial_steiner_gray_clifford,"[0, 1, 3, 5, 6, 4, 2]",354,312,59,117,242,4,93
101,,7,76,pauli_polynomial_steiner_gray_clifford,"[0, 1, 3, 6, 5, 4, 2]",354,309,57,114,224,5,102
102,,7,76,pauli_polynomial_steiner_gray_clifford,"[0, 1, 4, 3, 5, 6, 2]",347,301,55,107,224,3,102
103,,7,76,pauli_polynomial_steiner_gray_clifford,"[0, 1, 4, 3, 6, 5, 2]",338,293,56,110,220,2,104
104,,7,76,pauli_polynomial_steiner_gray_clifford,"[0, 1, 5, 3, 4, 6, 2]",348,306,59,116,234,4,97
105,,7,76,pauli_polynomial_steiner_gray_clifford,"[0, 1, 6, 3, 4, 5, 2]",360,318,56,110,212,5,108
106,,7,76,pauli_polynomial_steiner_gray_clifford,"[0, 1, 5, 3, 6, 4, 2]",353,306,59,123,236,4,96
107,,7,76,pauli_polynomial_steiner_gray_clifford,"[0, 1, 6, 3, 5, 4, 2]",334,296,55,114,218,6,105
108,,7,76,pauli_polynomial_steiner_gray_clifford,"[0, 1, 4, 5, 3, 6, 2]",333,288,53,106,208,6,110
109,,7,76,pauli_polynomial_steiner_gray_clifford,"[0, 1, 4, 6, 3, 5, 2]",353,307,55,110,222,4,103
110,,7,76,pauli_polynomial_steiner_gray_clifford,"[0, 1, 5, 4, 3, 6, 2]",329,287,57,112,216,5,106
111,,7,76,pauli_polynomial_steiner_gray_clifford,"[0, 1, 6, 4, 3, 5, 2]",379,325,57,110,230,4,99
112,,7,76,pauli_polynomial_steiner_gray_clifford,"[0, 1, 5, 6, 3, 4, 2]",345,299,60,125,234,2,97
113,,7,76,pauli_polynomial_steiner_gray_clifford,"[0, 1, 6, 5, 3, 4, 2]",357,314,58,119,234,3,97
114,,7,76,pauli_polynomial_steiner_gray_clifford,"[0, 1, 4, 5, 6, 3, 2]",357,313,56,109,218,5,105
115,,7,76,pauli_polynomial_steiner_gray_clifford,"[0, 1, 4, 6, 5, 3, 2]",346,309,57,110,236,4,96
116,,7,76,pauli_polynomial_steiner_gray_clifford,"[0, 1, 5, 4, 6, 3, 2]",354,301,58,115,228,6,100
117,,7,76,pauli_polynomial_steiner_gray_clifford,"[0, 1, 6, 4, 5, 3, 2]",368,322,56,110,228,7,100
118,,7,76,pauli_polynomial_steiner_gray_clifford,"[0, 1, 5, 6, 4, 3, 2]",372,327,61,121,244,3,92
119,,7,76,pauli_polynomial_steiner_gray_clifford,"[0, 1, 6, 5, 4, 3, 2]",348,307,58,115,226,5,101
120,,7,76,pauli_polynomial_steiner_gray_clifford,"[0, 2, 1, 3, 4, 5, 6]",351,302,54,104,225,8,101
121,,7,76,pauli_polynomial_steiner_gray_clifford,"[0, 2, 1, 3, 4, 6, 5]",349,308,55,106,235,6,95
122,,7,76,pauli_polynomial_steiner_gray_clifford,"[0, 2, 1, 3, 5, 4, 6]",351,302,54,105,227,10,100
123,,7,76,pauli_polynomial_steiner_gray_clifford,"[0, 2, 1, 3, 6, 4, 5]",349,304,53,101,219,9,103
124,,7,76,pauli_polynomial_steiner_gray_clifford,"[0, 2, 1, 3, 5, 6, 4]",348,304,55,108,234,7,95
125,,7,76,pauli_polynomial_steiner_gray_clifford,"[0, 2, 1, 3, 6, 5, 4]",357,315,53,102,216,8,104
126,,7,76,pauli_polynomial_steiner_gray_clifford,"[0, 2, 1, 4, 3, 5, 6]",337,294,54,103,227,6,100
127,,7,76,pauli_polynomial_steiner_gray_clifford,"[0, 2, 1, 4, 3, 6, 5]",354,310,54,105,219,5,103
128,,7,76,pauli_polynomial_steiner_gray_clifford,"[0, 2, 1, 5, 3, 4, 6]",330,285,56,107,237,7,95
129,,7,76,pauli_polynomial_steiner_gray_clifford,"[0, 2, 1, 6, 3, 4, 5]",323,285,51,98,211,8,107
130,,7,76,pauli_polynomial_steiner_gray_clifford,"[0, 2, 1, 5, 3, 6, 4]",369,321,54,110,228,7,98
131,,7,76,pauli_polynomial_steiner_gray_clifford,"[0, 2, 1, 6, 3, 5, 4]",342,304,49,99,210,9,107
132,,7,76,pauli_polynomial_steiner_gray_clifford,"[0, 2, 1, 4, 5, 3, 6]",336,294,52,96,211,9,108
133,,7,76,pauli_polynomial_steiner_gray_clifford,"[0, 2, 1, 4, 6, 3, 5]",360,317,55,102,221,7,102
134,,7,76,pauli_polynomial_steiner_gray_clifford,"[0, 2, 1, 5, 4, 3, 6]",344,306,54,99,219,8,104
135,,7,76,pauli_polynomial_steiner_gray_clifford,"[0, 2, 1, 6, 4, 3, 5]",340,305,54,100,229,7,98
136,,7,76,pauli_polynomial_steiner_gray_clifford,"[0, 2, 1, 5, 6, 3, 4]",357,311,56,108,226,5,99
137,,7,76,pauli_polynomial_steiner_gray_clifford,"[0, 2, 1, 6, 5, 3, 4]",351,313,53,103,226,6,99
138,,7,76,pauli_polynomial_steiner_gray_clifford,"[0, 2, 1, 4, 5, 6, 3]",353,309,51,94,213,8,108
139,,7,76,pauli_polynomial_steiner_gray_clifford,"[0, 2, 1, 4, 6, 5, 3]",352,309,54,98,231,7,99
140,,7,76,pauli_polynomial_steiner_gray_clifford,"[0, 2, 1, 5, 4, 6, 3]",316,285,51,97,223,9,103
141,,7,76,pauli_polynomial_steiner_gray_clifford,"[0, 2, 1, 6, 4, 5, 3]",352,305,50,96,223,10,103
142,,7,76,pauli_polynomial_steiner_gray_clifford,"[0, 2, 1, 5, 6, 4, 3]",343,306,55,103,239,6,95
143,,7,76,pauli_polynomial_steiner_gray_clifford,"[0, 2, 1, 6, 5, 4, 3]",344,301,51,98,221,8,104
144,,7,76,pauli_polynomial_steiner_gray_clifford,"[0, 3, 1, 2, 4, 5, 6]",318,290,57,109,227,7,100
145,,7,76,pauli_polynomial_steiner_gray_clifford,"[0, 3, 1, 2, 4, 6, 5]",376,331,59,111,237,5,94
146,,7,76,pauli_polynomial_steiner_gray_clifford,"[0, 3, 1, 2, 5, 4, 6]",356,318,55,110,223,8,102
147,,7,76,pauli_polynomial_steiner_gray_clifford,"[0, 3, 1, 2, 6, 4, 5]",372,330,52,106,219,8,103
148,,7,76,pauli_polynomial_steiner_gray_clifford,"[0, 3, 1, 2, 5, 6, 4]",327,278,58,113,230,5,97
149,,7,76,pauli_polynomial_steiner_gray_clifford,"[0, 3, 1, 2, 6, 5, 4]",338,297,53,107,216,7,104
150,,7,76,pauli_polynomial_steiner_gray_clifford,"[0, 4, 1, 2, 3, 5, 6]",349,305,57,109,225,6,101
151,,7,76,pauli_polynomial_steiner_gray_clifford,"[0, 4, 1, 2, 3, 6, 5]",377,329,56,111,217,5,104
152,,7,76,pauli_polynomial_steiner_gray_clifford,"[0, 5, 1, 2, 3, 4, 6]",357,312,62,125,245,4,91
153,,7,76,pauli_polynomial_steiner_gray_clifford,"[0, 6, 1, 2, 3, 4, 5]",342,298,54,105,221,7,102
154,,7,76,pauli_polynomial_steiner_gray_clifford,"[0, 5, 1, 2, 3, 6, 4]",348,309,60,128,236,4,94
155,,7,76,pauli_polynomial_steiner_gray_clifford,"[0, 6, 1, 2, 3, 5, 4]",347,302,53,106,220,8,102
156,,7,76,pauli_polynomial_steiner_gray_clifford,"[0, 4, 1, 2, 5, 3, 6]",359,318,55,102,211,6,108
157,,7,76,pauli_polynomial_steiner_gray_clifford,"[0, 4, 1, 2, 6, 3, 5]",342,303,53,108,207,6,109
158,,7,76,pauli_polynomial_steiner_gray_clifford,"[0, 5, 1, 2, 4, 3, 6]",350,308,62,117,235,3,96
159,,7,76,pauli_polynomial_steiner_gray_clifford,"[0, 6, 1, 2, 4, 3, 5]",371,327,58,107,229,5,98
160,,7,76,pauli_polynomial_steiner_gray_clifford,"[0, 5, 1, 2, 6, 3, 4]",348,306,59,126,224,3,100
161,,7,76,pauli_polynomial_steiner_gray_clifford,"[0, 6, 1, 2, 5, 3, 4]",348,315,57,110,222,5,101
162,,7,76,pauli_polynomial_steiner_gray_clifford,"[0, 4, 1, 2, 5, 6, 3]",347,304,53,100,213,5,108
163,,7,76,pauli_polynomial_steiner_gray_clifford,"[0, 4, 1, 2, 6, 5, 3]",338,297,52,104,217,6,106
164,,7,76,pauli_polynomial_steiner_gray_clifford,"[0, 5, 1, 2, 4, 6, 3]",331,292,58,115,239,4,95
165,,7,76,pauli_polynomial_steiner_gray_clifford,"[0, 6, 1, 2, 4, 5, 3]",326,280,52,103,223,8,103
166,,7,76,pauli_polynomial_steiner_gray_clifford,"[0, 5, 1, 2, 6, 4, 3]",358,310,57,121,237,4,96
167,,7,76,pauli_polynomial_steiner_gray_clifford,"[0, 6, 1, 2, 5, 4, 3]",346,305,52,105,217,7,106
168,,7,76,pauli_polynomial_steiner_gray_clifford,"[0, 3, 1, 4, 2, 5, 6]",358,316,58,109,231,3,98
169,,7,76,pauli_polynomial_steiner_gray_clifford,"[0, 3, 1, 4, 2, 6, 5]",342,294,58,111,227,3,99
170,,7,76,pauli_polynomial_steiner_gray_clifford,"[0, 3, 1, 5, 2, 4, 6]",346,304,58,113,241,4,93
171,,7,76,pauli_polynomial_steiner_gray_clifford,"[0, 3, 1, 6, 2, 4, 5]",369,325,52,106,219,6,103
172,,7,76,pauli_polynomial_steiner_gray_clifford,"[0, 3, 1, 5, 2, 6, 4]",347,306,58,116,230,4,97
173,,7,76,pauli_polynomial_steiner_gray_clifford,"[0, 3, 1, 6, 2, 5, 4]",347,298,52,107,212,6,106
174,,7,76,pauli_polynomial_steiner_gray_clifford,"[0, 4, 1, 3, 2, 5, 6]",359,314,58,110,227,4,100
175,,7,76,pauli_polynomial_steiner_gray_clifford,"[0, 4, 1, 3, 2, 6, 5]",341,294,56,112,223,4,101
176,,7,76,pauli_polynomial_steiner_gray_clifford,"[0, 5, 1, 3, 2, 4, 6]",372,327,63,126,253,3,87
177,,7,76,pauli_polynomial_steiner_gray_clifford,"[0, 6, 1, 3, 2, 4, 5]",354,319,56,108,229,6,98
178,,7,76,pauli_polynomial_steiner_gray_clifford,"[0, 5, 1, 3, 2, 6, 4]",361,327,61,129,242,3,91
179,,7,76,pauli_polynomial_steiner_gray_clifford,"[0, 6, 1, 3, 2, 5, 4]",348,312,56,109,222,6,101
180,,7,76,pauli_polynomial_steiner_gray_clifford,"[0, 4, 1, 5, 2, 3, 6]",323,287,57,102,221,4,103
181,,7,76,pauli_polynomial_steiner_gray_clifford,"[0, 4, 1, 6, 2, 3, 5]",343,300,54,109,217,5,104
182,,7,76,pauli_polynomial_steiner_gray_clifford,"[0, 5, 1, 4, 2, 3, 6]",348,298,62,114,237,2,95
183,,7,76,pauli_polynomial_steiner_gray_clifford,"[0, 6, 1, 4, 2, 3, 5]",349,304,60,110,231,4,97
184,,7,76,pauli_polynomial_steiner_gray_clifford,"[0, 5, 1, 6, 2, 3, 4]",333,295,59,129,234,2,95
185,,7,76,pauli_polynomial_steiner_gray_clifford,"[0, 6, 1, 5, 2, 3, 4]",334,296,60,118,232,3,96
186,,7,76,pauli_polynomial_steiner_gray_clifford,"[0, 4, 1, 5, 2, 6, 3]",326,286,54,100,213,4,108
187,,7,76,pauli_polynomial_steiner_gray_clifford,"[0, 4, 1, 6, 2, 5, 3]",348,306,53,105,213,5,108
188,,7,76,pauli_polynomial_steiner_gray_clifford,"[0, 5, 1, 4, 2, 6, 3]",330,289,59,112,229,2,100
189,,7,76,pauli_polynomial_steiner_gray_clifford,"[0, 6, 1, 4, 2, 5, 3]",363,320,57,106,227,4,101
190,,7,76,pauli_polynomial_steiner_gray_clifford,"[0, 5, 1, 6, 2, 4, 3]",356,315,58,124,237,2,96
191,,7,76,pauli_polynomial_steiner_gray_clifford,"[0, 6, 1, 5, 2, 4, 3]",363,319,57,113,235,3,97
192,,7,76,pauli_polynomial_steiner_gray_clifford,"[0, 3, 1, 4, 5, 2, 6]",356,315,54,103,213,6,107
193,,7,76,pauli_polynomial_steiner_gray_clifford,"[0, 3, 1, 4, 6, 2, 5]",329,286,56,108,223,4,101
194,,7,76,pauli_polynomial_steiner_gray_clifford,"[0, 3, 1, 5, 4, 2, 6]",351,311,56,106,227,6,100
195,,7,76,pauli_polynomial_steiner_gray_clifford,"[0, 3, 1, 6, 4, 2, 5]",352,298,57,108,233,4,96
196,,7,76,pauli_polynomial_steiner_gray_clifford,"[0, 3, 1, 5, 6, 2, 4]",369,331,59,116,234,3,95
197,,7,76,pauli_polynomial_steiner_gray_clifford,"[0, 3, 1, 6, 5, 2, 4]",320,289,58,113,230,3,97
198,,7,76,pauli_polynomial_steiner_gray_clifford,"[0, 4, 1, 3, 5, 2, 6]",360,321,56,104,217,5,105
199,,7,76,pauli_polynomial_steiner_gray_clifford,"[0, 4, 1, 3, 6, 2, 5]",342,305,55,109,209,4,108
200,,7,76,pauli_polynomial_steiner_gray_clifford,"[0, 5, 1, 3, 4, 2, 6]",347,301,61,119,241,2,93
201,,7,76,pauli_polynomial_steiner_gray_clifford,"[0, 6, 1, 3, 4, 2, 5]",339,304,57,110,231,3,97
202,,7,76,pauli_polynomial_steiner_gray_clifford,"[0, 5, 1, 3, 6, 2, 4]",355,316,62,129,232,2,96
203,,7,76,pauli_polynomial_steiner_gray_clifford,"[0, 6, 1, 3, 5, 2, 4]",322,287,59,115,230,4,97
204,,7,76,pauli_polynomial_steiner_gray_clifford,"[0, 4, 1, 5, 3, 2, 6]",323,275,57,103,225,5,101
205,,7,76,pauli_polynomial_steiner_gray_clifford,"[0, 4, 1, 6, 3, 2, 5]",364,326,56,109,213,4,106
206,,7,76,pauli_polynomial_steiner_gray_clifford,"[0, 5, 1, 4, 3, 2, 6]",348,304,60,115,235,2,96
207,,7,76,pauli_polynomial_steiner_gray_clifford,"[0, 6, 1, 4, 3, 2, 5]",351,304,57,110,225,3,100
208,,7,76,pauli_polynomial_steiner_gray_clifford,"[0, 5, 1, 6, 3, 2, 4]",351,308,61,131,236,2,94
209,,7,76,pauli_polynomial_steiner_gray_clifford,"[0, 6, 1, 5, 3, 2, 4]",369,321,59,120,238,4,93
210,,7,76,pauli_polynomial_steiner_gray_clifford,"[0, 4, 1, 5, 6, 2, 3]",339,297,56,104,227,4,101
211,,7,76,pauli_polynomial_steiner_gray_clifford,"[0, 4, 1, 6, 5, 2, 3]",338,295,56,105,223,4,103
212,,7,76,pauli_polynomial_steiner_gray_clifford,"[0, 5, 1, 4, 6, 2, 3]",340,302,60,116,239,3,95
213,,7,76,pauli_polynomial_steiner_gray_clifford,"[0, 6, 1, 4, 5, 2, 3]",323,290,55,106,219,6,105
214,,7,76,pauli_polynomial_steiner_gray_clifford,"[0, 5, 1, 6, 4, 2, 3]",342,297,60,122,249,3,90
215,,7,76,pauli_polynomial_steiner_gray_clifford,"[0, 6, 1, 5, 4, 2, 3]",364,323,55,111,233,6,98
216,,7,76,pauli_polynomial_steiner_gray_clifford,"[0, 3, 1, 4, 5, 6, 2]",353,312,56,101,216,6,106
217,,7,76,pauli_polynomial_steiner_gray_clifford,"[0, 3, 1, 4, 6, 5, 2]",342,303,58,104,230,4,99
218,,7,76,pauli_polynomial_steiner_gray_clifford,"[0, 3, 1, 5, 4, 6, 2]",322,283,57,104,226,7,101
219,,7,76,pauli_polynomial_steiner_gray_clifford,"[0, 3, 1, 6, 4, 5, 2]",359,304,56,104,222,7,103
220,,7,76,pauli_polynomial_steiner_gray_clifford,"[0, 3, 1, 5, 6, 4, 2]",344,313,60,111,244,4,92
221,,7,76,pauli_polynomial_steiner_gray_clifford,"[0, 3, 1, 6, 5, 4, 2]",359,320,57,108,226,6,101
222,,7,76,pauli_polynomial_steiner_gray_clifford,"[0, 4, 1, 3, 5, 6, 2]",357,307,55,102,220,5,104
223,,7,76,pauli_polynomial_steiner_gray_clifford,"[0, 4, 1, 3, 6, 5, 2]",341,298,56,105,216,4,106
224,,7,76,pauli_polynomial_steiner_gray_clifford,"[0, 5, 1, 3, 4, 6, 2]",337,297,60,117,240,3,94
225,,7,76,pauli_polynomial_steiner_gray_clifford,"[0, 6, 1, 3, 4, 5, 2]",334,297,55,106,220,6,104
226,,7,76,pauli_polynomial_steiner_gray_clifford,"[0, 5, 1, 3, 6, 4, 2]",351,315,63,124,242,3,93
227,,7,76,pauli_polynomial_steiner_gray_clifford,"[0, 6, 1, 3, 5, 4, 2]",344,298,57,110,226,7,101
228,,7,76,pauli_polynomial_steiner_gray_clifford,"[0, 4, 1, 5, 3, 6, 2]",325,290,56,101,214,5,107
229,,7,76,pauli_polynomial_steiner_gray_clifford,"[0, 4, 1, 6, 3, 5, 2]",327,284,56,105,210,5,109
230,,7,76,pauli_polynomial_steiner_gray_clifford,"[0, 5, 1, 4, 3, 6, 2]",339,300,60,113,224,2,102
231,,7,76,pauli_polynomial_steiner_gray_clifford,"[0, 6, 1, 4, 3, 5, 2]",334,291,57,106,222,4,103
232,,7,76,pauli_polynomial_steiner_gray_clifford,"[0, 5, 1, 6, 3, 4, 2]",360,315,63,126,234,2,97
233,,7,76,pauli_polynomial_steiner_gray_clifford,"[0, 6, 1, 5, 3, 4, 2]",356,308,60,115,236,4,96
234,,7,76,pauli_polynomial_steiner_gray_clifford,"[0, 4, 1, 5, 6, 3, 2]",343,297,58,104,224,4,102
235,,7,76,pauli_polynomial_steiner_gray_clifford,"[0, 4, 1, 6, 5, 3, 2]",319,278,57,105,224,5,102
236,,7,76,pauli_polynomial_steiner_gray_clifford,"[0, 5, 1, 4, 6, 3, 2]",349,299,63,116,236,3,96
237,,7,76,pauli_polynomial_steiner_gray_clifford,"[0, 6, 1, 4, 5, 3, 2]",355,320,58,106,220,7,104
238,,7,76,pauli_polynomial_steiner_gray_clifford,"[0, 5, 1, 6, 4, 3, 2]",343,298,63,122,244,3,92
239,,7,76,pauli_polynomial_steiner_gray_clifford,"[0, 6, 1, 5, 4, 3, 2]",340,300,59,111,228,6,100
240,,7,76,pauli_polynomial_steiner_gray_clifford,"[0, 2, 3, 1, 4, 5, 6]",355,318,58,107,227,7,100
241,,7,76,pauli_polynomial_steiner_gray_clifford,"[0, 2, 3, 1, 4, 6, 5]",353,314,59,109,237,5,94
242,,7,76,pauli_polynomial_steiner_gray_clifford,"[0, 2, 3, 1, 5, 4, 6]",328,289,59,108,237,8,95
243,,7,76,pauli_polynomial_steiner_gray_clifford,"[0, 2, 3, 1, 6, 4, 5]",359,321,57,104,229,8,98
244,,7,76,pauli_polynomial_steiner_gray_clifford,"[0, 2, 3, 1, 5, 6, 4]",343,307,60,111,244,5,90
245,,7,76,pauli_polynomial_steiner_gray_clifford,"[0, 2, 3, 1, 6, 5, 4]",345,296,57,105,226,7,99
246,,7,76,pauli_polynomial_steiner_gray_clifford,"[0, 2, 4, 1, 3, 5, 6]",368,321,57,106,235,5,96
247,,7,76,pauli_polynomial_steiner_gray_clifford,"[0, 2, 4, 1, 3, 6, 5]",364,324,57,108,227,4,99
248,,7,76,pauli_polynomial_steiner_gray_clifford,"[0, 2, 5, 1, 3, 4, 6]",325,288,58,112,239,5,94
249,,7,76,pauli_polynomial_steiner_gray_clifford,"[0, 2, 6, 1, 3, 4, 5]",351,310,52,99,217,7,104
250,,7,76,pauli_polynomial_steiner_gray_clifford,"[0, 2, 5, 1, 3, 6, 4]",373,338,59,115,230,5,97
251,,7,76,pauli_polynomial_steiner_gray_clifford,"[0, 2, 6, 1, 3, 5, 4]",351,310,53,100,216,8,104
252,,7,76,pauli_polynomial_steiner_gray_clifford,"[0, 2, 4, 1, 5, 3, 6]",361,312,58,99,229,5,99
253,,7,76,pauli_polynomial_steiner_gray_clifford,"[0, 2, 4, 1, 6, 3, 5]",346,307,59,105,221,5,102
254,,7,76,pauli_polynomial_steiner_gray_clifford,"[0, 2, 5, 1, 4, 3, 6]",352,313,58,104,223,4,102
255,,7,76,pauli_polynomial_steiner_gray_clifford,"[0, 2, 6, 1, 4, 3, 5]",360,324,56,101,219,5,103
256,,7,76,pauli_polynomial_steiner_gray_clifford,"[0, 2, 5, 1, 6, 3, 4]",382,336,60,113,222,4,101
257,,7,76,pauli_polynomial_steiner_gray_clifford,"[0, 2, 6, 1, 5, 3, 4]",343,291,57,104,226,5,99
258,,7,76,pauli_polynomial_steiner_gray_clifford,"[0, 2, 4, 1, 5, 6, 3]",356,316,56,97,231,4,99
259,,7,76,pauli_polynomial_steiner_gray_clifford,"[0, 2, 4, 1, 6, 5, 3]",356,317,57,101,231,5,99
260,,7,76,pauli_polynomial_steiner_gray_clifford,"[0, 2, 5, 1, 4, 6, 3]",343,296,57,102,227,5,101
261,,7,76,pauli_polynomial_steiner_gray_clifford,"[0, 2, 6, 1, 4, 5, 3]",341,293,54,97,213,8,108
262,,7,76,pauli_polynomial_steiner_gray_clifford,"[0, 2, 5, 1, 6, 4, 3]",334,295,58,108,235,5,97
263,,7,76,pauli_polynomial_steiner_gray_clifford,"[0, 2, 6, 1, 5, 4, 3]",327,279,54,99,221,7,104
264,,7,76,pauli_polynomial_steiner_gray_clifford,"[0, 3, 2, 1, 4, 5, 6]",354,306,58,107,221,7,103
265,,7,76,pauli_polynomial_steiner_gray_clifford,"[0, 3, 2, 1, 4, 6, 5]",334,300,59,109,231,5,97
266,,7,76,pauli_polynomial_steiner_gray_clifford,"[0, 3, 2, 1, 5, 4, 6]",320,282,56,108,231,8,98
267,,7,76,pauli_polynomial_steiner_gray_clifford,"[0, 3, 2, 1, 6, 4, 5]",341,300,52,104,223,8,101
268,,7,76,pauli_polynomial_steiner_gray_clifford,"[0, 3, 2, 1, 5, 6, 4]",331,292,58,111,238,5,93
269,,7,76,pauli_polynomial_steiner_gray_clifford,"[0, 3, 2, 1, 6, 5, 4]",347,299,53,105,220,7,102
270,,7,76,pauli_polynomial_steiner_gray_clifford,"[0, 4, 2, 1, 3, 5, 6]",342,306,58,107,231,6,98
271,,7,76,pauli_polynomial_steiner_gray_clifford,"[0, 4, 2, 1, 3, 6, 5]",380,327,57,109,223,5,101
272,,7,76,pauli_polynomial_steiner_gray_clifford,"[0, 5, 2, 1, 3, 4, 6]",336,294,59,119,237,4,95
273,,7,76,pauli_polynomial_steiner_gray_clifford,"[0, 6, 2, 1, 3, 4, 5]",344,302,52,101,217,7,104
274,,7,76,pauli_polynomial_steiner_gray_clifford,"[0, 5, 2, 1, 3, 6, 4]",346,307,59,122,228,4,98
275,,7,76,pauli_polynomial_steiner_gray_clifford,"[0, 6, 2, 1, 3, 5, 4]",337,302,53,102,216,8,104
276,,7,76,pauli_polynomial_steiner_gray_clifford,"[0, 4, 2, 1, 5, 3, 6]",336,299,56,100,225,6,101
277,,7,76,pauli_polynomial_steiner_gray_clifford,"[0, 4, 2, 1, 6, 3, 5]",347,303,54,106,217,6,104
278,,7,76,pauli_polynomial_steiner_gray_clifford,"[0, 5, 2, 1, 4, 3, 6]",322,285,59,111,221,3,103
279,,7,76,pauli_polynomial_steiner_gray_clifford,"[0, 6, 2, 1, 4, 3, 5]",351,299,56,103,219,5,103
280,,7,76,pauli_polynomial_steiner_gray_clifford,"[0, 5, 2, 1, 6, 3, 4]",344,307,58,120,220,3,102
281,,7,76,pauli_polynomial_steiner_gray_clifford,"[0, 6, 2, 1, 5, 3, 4]",359,313,57,106,226,5,99
282,,7,76,pauli_polynomial_steiner_gray_clifford,"[0, 4, 2, 1, 5, 6, 3]",361,313,54,98,227,5,101
283,,7,76,pauli_polynomial_steiner_gray_clifford,"[0, 4, 2, 1, 6, 5, 3]",341,302,53,102,227,6,101
284,,7,76,pauli_polynomial_steiner_gray_clifford,"[0, 5, 2, 1, 4, 6, 3]",324,286,57,109,225,4,102
285,,7,76,pauli_polynomial_steiner_gray_clifford,"[0, 6, 2, 1, 4, 5, 3]",342,308,53,99,213,8,108
286,,7,76,pauli_polynomial_steiner_gray_clifford,"[0, 5, 2, 1, 6, 4, 3]",351,311,56,115,233,4,98
287,,7,76,pauli_polynomial_steiner_gray_clifford,"[0, 6, 2, 1, 5, 4, 3]",341,298,53,101,221,7,104
288,,7,76,pauli_polynomial_steiner_gray_clifford,"[0, 3, 4, 1, 2, 5, 6]",339,307,56,104,223,4,102
289,,7,76,pauli_polynomial_steiner_gray_clifford,"[0, 3, 4, 1, 2, 6, 5]",336,291,53,106,219,4,103
290,,7,76,pauli_polynomial_steiner_gray_clifford,"[0, 3, 5, 1, 2, 4, 6]",336,297,56,111,239,6,94
291,,7,76,pauli_polynomial_steiner_gray_clifford,"[0, 3, 6, 1, 2, 4, 5]",340,297,49,102,213,7,106
292,,7,76,pauli_polynomial_steiner_gray_clifford,"[0, 3, 5, 1, 2, 6, 4]",346,304,53,114,228,6,98
293,,7,76,pauli_polynomial_steiner_gray_clifford,"[0, 3, 6, 1, 2, 5, 4]",338,295,49,103,206,7,109
294,,7,76,pauli_polynomial_steiner_gray_clifford,"[0, 4, 3, 1, 2, 5, 6]",334,290,57,105,225,5,101
295,,7,76,pauli_polynomial_steiner_gray_clifford,"[0, 4, 3, 1, 2, 6, 5]",341,299,53,107,221,5,102
296,,7,76,pauli_polynomial_steiner_gray_clifford,"[0, 5, 3, 1, 2, 4, 6]",364,322,60,118,243,5,92
297,,7,76,pauli_polynomial_steiner_gray_clifford,"[0, 6, 3, 1, 2, 4, 5]",360,318,54,104,219,7,103
298,,7,76,pauli_polynomial_steiner_gray_clifford,"[0, 5, 3, 1, 2, 6, 4]",353,308,55,121,232,5,96
299,,7,76,pauli_polynomial_steiner_gray_clifford,"[0, 6, 3, 1, 2, 5, 4]",341,304,53,105,212,7,106
300,,7,76,pauli_polynomial_steiner_gray_clifford,"[0, 4, 5, 1, 2, 3, 6]",348,304,53,97,217,8,105
301,,7,76,pauli_polynomial_steiner_gray_clifford,"[0, 4, 6, 1, 2, 3, 5]",342,301,53,107,227,7,99
302,,7,76,pauli_polynomial_steiner_gray_clifford,"[0, 5, 4, 1, 2, 3, 6]",327,295,56,103,219,6,104
303,,7,76,pauli_polynomial_steiner_gray_clifford,"[0, 6, 4, 1, 2, 3, 5]",345,302,58,108,231,6,97
304,,7,76,pauli_polynomial_steiner_gray_clifford,"[0, 5, 6, 1, 2, 3, 4]",359,307,58,125,234,3,95
305,,7,76,pauli_polynomial_steiner_gray_clifford,"[0, 6, 5, 1, 2, 3, 4]",344,295,60,120,236,4,94
306,,7,76,pauli_polynomial_steiner_gray_clifford,"[0, 4, 5, 1, 2, 6, 3]",338,299,48,95,209,8,110
307,,7,76,pauli_polynomial_steiner_gray_clifford,"[0, 4, 6, 1, 2, 5, 3]",348,303,52,103,223,7,103
308,,7,76,pauli_polynomial_steiner_gray_clifford,"[0, 5, 4, 1, 2, 6, 3]",337,290,50,101,211,6,109
309,,7,76,pauli_polynomial_steiner_gray_clifford,"[0, 6, 4, 1, 2, 5, 3]",332,291,55,104,227,6,101
310,,7,76,pauli_polynomial_steiner_gray_clifford,"[0, 5, 6, 1, 2, 4, 3]",349,317,57,120,237,3,96
311,,7,76,pauli_polynomial_steiner_gray_clifford,"[0, 6, 5, 1, 2, 4, 3]",341,294,58,115,239,4,95
312,,7,76,pauli_polynomial_steiner_gray_clifford,"[0, 3, 4, 1, 5, 2, 6]",362,325,56,98,223,3,102
313,,7,76,pauli_polynomial_steiner_gray_clifford,"[0, 3, 4, 1, 6, 2, 5]",328,291,53,103,215,3,105
314,,7,76,pauli_polynomial_steiner_gray_clifford,"[0, 3, 5, 1, 4, 2, 6]",333,297,58,104,229,4,99
315,,7,76,pauli_polynomial_steiner_gray_clifford,"[0, 3, 6, 1, 4, 2, 5]",357,317,56,104,217,3,104
316,,7,76,pauli_polynomial_steiner_gray_clifford,"[0, 3, 5, 1, 6, 2, 4]",347,307,55,114,228,4,98
317,,7,76,pauli_polynomial_steiner_gray_clifford,"[0, 3, 6, 1, 5, 2, 4]",369,326,56,109,224,3,100
318,,7,76,pauli_polynomial_steiner_gray_clifford,"[0, 4, 3, 1, 5, 2, 6]",340,296,57,99,225,4,101
319,,7,76,pauli_polynomial_steiner_gray_clifford,"[0, 4, 3, 1, 6, 2, 5]",350,309,53,104,217,4,104
320,,7,76,pauli_polynomial_steiner_gray_clifford,"[0, 5, 3, 1, 4, 2, 6]",342,297,59,111,233,3,97
321,,7,76,pauli_polynomial_steiner_gray_clifford,"[0, 6, 3, 1, 4, 2, 5]",337,302,56,106,223,3,101
322,,7,76,pauli_polynomial_steiner_gray_clifford,"[0, 5, 3, 1, 6, 2, 4]",366,318,57,121,232,3,96
323,,7,76,pauli_polynomial_steiner_gray_clifford,"[0, 6, 3, 1, 5, 2, 4]",336,292,58,111,230,3,97
324,,7,76,pauli_polynomial_steiner_gray_clifford,"[0, 4, 5, 1, 3, 2, 6]",328,293,55,98,223,7,102
325,,7,76,pauli_polynomial_steiner_gray_clifford,"[0, 4, 6, 1, 3, 2, 5]",375,338,56,107,229,5,98
326,,7,76,pauli_polynomial_steiner_gray_clifford,"[0, 5, 4, 1, 3, 2, 6]",342,290,55,104,225,5,101
327,,7,76,pauli_polynomial_steiner_gray_clifford,"[0, 6, 4, 1, 3, 2, 5]",338,297,56,108,233,4,96
328,,7,76,pauli_polynomial_steiner_gray_clifford,"[0, 5, 6, 1, 3, 2, 4]",344,313,61,127,242,2,91
329,,7,76,pauli_polynomial_steiner_gray_clifford,"[0, 6, 5, 1, 3, 2, 4]",377,334,61,122,244,3,90
330,,7,76,pauli_polynomial_steiner_gray_clifford,"[0, 4, 5, 1, 6, 2, 3]",345,306,51,99,219,7,105
331,,7,76,pauli_polynomial_steiner_gray_clifford,"[0, 4, 6, 1, 5, 2, 3]",341,301,56,103,233,5,98
332,,7,76,pauli_polynomial_steiner_gray_clifford,"[0, 5, 4, 1, 6, 2, 3]",318,286,53,105,221,5,104
333,,7,76,pauli_polynomial_steiner_gray_clifford,"[0, 6, 4, 1, 5, 2, 3]",342,297,57,104,237,4,96
334,,7,76,pauli_polynomial_steiner_gray_clifford,"[0, 5, 6, 1, 4, 2, 3]",348,310,61,118,239,2,95
335,,7,76,pauli_polynomial_steiner_gray_clifford,"[0, 6, 5, 1, 4, 2, 3]",330,294,60,113,241,3,94
336,,7,76,pauli_polynomial_steiner_gray_clifford,"[0, 3, 4, 1, 5, 6, 2]",345,296,57,96,226,3,101
337,,7,76,pauli_polynomial_steiner_gray_clifford,"[0, 3, 4, 1, 6, 5, 2]",336,301,57,99,222,3,103
338,,7,76,pauli_polynomial_steiner_gray_clifford,"[0, 3, 5, 1, 4, 6, 2]",333,300,58,102,228,5,100
339,,7,76,pauli_polynomial_steiner_gray_clifford,"[0, 3, 6, 1, 4, 5, 2]",334,293,55,100,206,6,111
340,,7,76,pauli_polynomial_steiner_gray_clifford,"[0, 3, 5, 1, 6, 4, 2]",358,312,58,109,238,5,95
341,,7,76,pauli_polynomial_steiner_gray_clifford,"[0, 3, 6, 1, 5, 4, 2]",346,312,55,104,220,6,104
342,,7,76,pauli_polynomial_steiner_gray_clifford,"[0, 4, 3, 1, 5, 6, 2]",339,295,57,97,228,4,100
343,,7,76,pauli_polynomial_steiner_gray_clifford,"[0, 4, 3, 1, 6, 5, 2]",339,300,57,100,224,4,102
344,,7,76,pauli_polynomial_steiner_gray_clifford,"[0, 5, 3, 1, 4, 6, 2]",353,309,58,109,232,4,98
345,,7,76,pauli_polynomial_steiner_gray_clifford,"[0, 6, 3, 1, 4, 5, 2]",357,316,54,102,212,6,108
346,,7,76,pauli_polynomial_steiner_gray_clifford,"[0, 5, 3, 1, 6, 4, 2]",374,329,61,116,242,4,93
347,,7,76,pauli_polynomial_steiner_gray_clifford,"[0, 6, 3, 1, 5, 4, 2]",349,305,57,106,226,6,101
348,,7,76,pauli_polynomial_steiner_gray_clifford,"[0, 4, 5, 1, 3, 6, 2]",319,293,55,96,212,7,108
349,,7,76,pauli_polynomial_steiner_gray_clifford,"[0, 4, 6, 1, 3, 5, 2]",355,311,57,103,226,6,101
350,,7,76,pauli_polynomial_steiner_gray_clifford,"[0, 5, 4, 1, 3, 6, 2]",326,290,55,102,214,5,107
351,,7,76,pauli_polynomial_steiner_gray_clifford,"[0, 6, 4, 1, 3, 5, 2]",352,304,56,104,230,5,99
352,,7,76,pauli_polynomial_steiner_gray_clifford,"[0, 5, 6, 1, 3, 4, 2]",341,299,61,122,240,2,94
353,,7,76,pauli_polynomial_steiner_gray_clifford,"[0, 6, 5, 1, 3, 4, 2]",376,332,60,117,242,3,93
354,,7,76,pauli_polynomial_steiner_gray_clifford,"[0, 4, 5, 1, 6, 3, 2]",346,308,56,99,216,7,106
355,,7,76,pauli_polynomial_steiner_gray_clifford,"[0, 4, 6, 1, 5, 3, 2]",345,306,58,103,234,6,97
356,,7,76,pauli_polynomial_steiner_gray_clifford,"[0, 5, 4, 1, 6, 3, 2]",350,302,59,105,218,5,105
357,,7,76,pauli_polynomial_steiner_gray_clifford,"[0, 6, 4, 1, 5, 3, 2]",341,313,60,104,238,5,95
358,,7,76,pauli_polynomial_steiner_gray_clifford,"[0, 5, 6, 1, 4, 3, 2]",347,312,62,118,234,2,97
359,,7,76,pauli_polynomial_steiner_gray_clifford,"[0, 6, 5, 1, 4, 3, 2]",334,303,61,113,236,3,96
360,,7,76,pauli_polynomial_steiner_gray_clifford,"[0, 2, 3, 4, 1, 5, 6]",345,292,60,109,237,4,95
361,,7,76,pauli_polynomial_steiner_gray_clifford,"[0, 2, 3, 4, 1, 6, 5]",365,318,59,111,229,4,98
362,,7,76,pauli_polynomial_steiner_gray_clifford,"[0, 2, 3, 5, 1, 4, 6]",355,310,61,110,239,6,94
363,,7,76,pauli_polynomial_steiner_gray_clifford,"[0, 2, 3, 6, 1, 4, 5]",347,309,56,103,213,7,106
364,,7,76,pauli_polynomial_steiner_gray_clifford,"[0, 2, 3, 5, 1, 6, 4]",362,311,59,113,238,6,93
365,,7,76,pauli_polynomial_steiner_gray_clifford,"[0, 2, 3, 6, 1, 5, 4]",354,310,55,104,220,7,102
366,,7,76,pauli_polynomial_steiner_gray_clifford,"[0, 2, 4, 3, 1, 5, 6]",337,290,59,109,243,4,92
367,,7,76,pauli_polynomial_steiner_gray_clifford,"[0, 2, 4, 3, 1, 6, 5]",358,317,58,111,235,4,95
368,,7,76,pauli_polynomial_steiner_gray_clifford,"[0, 2, 5, 3, 1, 4, 6]",354,315,58,112,231,6,98
369,,7,76,pauli_polynomial_steiner_gray_clifford,"[0, 2, 6, 3, 1, 4, 5]",343,295,53,101,209,7,108
370,,7,76,pauli_polynomial_steiner_gray_clifford,"[0, 2, 5, 3, 1, 6, 4]",352,304,59,115,230,6,97
371,,7,76,pauli_polynomial_steiner_gray_clifford,"[0, 2, 6, 3, 1, 5, 4]",334,292,55,102,216,7,104
372,,7,76,pauli_polynomial_steiner_gray_clifford,"[0, 2, 4, 5, 1, 3, 6]",342,295,56,98,227,7,100
373,,7,76,pauli_polynomial_steiner_gray_clifford,"[0, 2, 4, 6, 1, 3, 5]",344,312,60,108,237,6,94
374,,7,76,pauli_polynomial_steiner_gray_clifford,"[0, 2, 5, 4, 1, 3, 6]",336,301,54,100,213,7,107
375,,7,76,pauli_polynomial_steiner_gray_clifford,"[0, 2, 6, 4, 1, 3, 5]",356,313,58,106,227,6,99
376,,7,76,pauli_polynomial_steiner_gray_clifford,"[0, 2, 5, 6, 1, 3, 4]",363,329,57,112,228,4,98
377,,7,76,pauli_polynomial_steiner_gray_clifford,"[0, 2, 6, 5, 1, 3, 4]",375,333,57,108,232,4,96
378,,7,76,pauli_polynomial_steiner_gray_clifford,"[0, 2, 4, 5, 1, 6, 3]",349,312,53,96,223,7,103
379,,7,76,pauli_polynomial_steiner_gray_clifford,"[0, 2, 4, 6, 1, 5, 3]",362,317,58,104,241,6,94
380,,7,76,pauli_polynomial_steiner_gray_clifford,"[0, 2, 5, 4, 1, 6, 3]",340,300,54,98,209,7,110
381,,7,76,pauli_polynomial_steiner_gray_clifford,"[0, 2, 6, 4, 1, 5, 3]",359,318,59,102,231,6,99
382,,7,76,pauli_polynomial_steiner_gray_clifford,"[0, 2, 5, 6, 1, 4, 3]",356,311,56,107,225,4,102
383,,7,76,pauli_polynomial_steiner_gray_clifford,"[0, 2, 6, 5, 1, 4, 3]",327,287,56,103,229,4,100
384,,7,76,pauli_polynomial_steiner_gray_clifford,"[0, 3, 2, 4, 1, 5, 6]",364,320,61,109,239,3,94
385,,7,76,pauli_polynomial_steiner_gray_clifford,"[0, 3, 2, 4, 1, 6, 5]",368,325,60,111,231,3,97
386,,7,76,pauli_polynomial_steiner_gray_clifford,"[0, 3, 2, 5, 1, 4, 6]",366,323,60,110,235,4,96
387,,7,76,pauli_polynomial_steiner_gray_clifford,"[0, 3, 2, 6, 1, 4, 5]",337,293,52,103,213,6,106
388,,7,76,pauli_polynomial_steiner_gray_clifford,"[0, 3, 2, 5, 1, 6, 4]",340,296,59,113,234,4,95
389,,7,76,pauli_polynomial_steiner_gray_clifford,"[0, 3, 2, 6, 1, 5, 4]",335,294,52,104,220,6,102
390,,7,76,pauli_polynomial_steiner_gray_clifford,"[0, 4, 2, 3, 1, 5, 6]",370,327,61,110,241,4,93
391,,7,76,pauli_polynomial_steiner_gray_clifford,"[0, 4, 2, 3, 1, 6, 5]",353,307,59,112,233,4,96
392,,7,76,pauli_polynomial_steiner_gray_clifford,"[0, 5, 2, 3, 1, 4, 6]",342,302,61,119,239,3,94
393,,7,76,pauli_polynomial_steiner_gray_clifford,"[0, 6, 2, 3, 1, 4, 5]",353,312,54,103,219,6,103
394,,7,76,pauli_polynomial_steiner_gray_clifford,"[0, 5, 2, 3, 1, 6, 4]",348,303,61,122,238,3,93
395,,7,76,pauli_polynomial_steiner_gray_clifford,"[0, 6, 2, 3, 1, 5, 4]",336,298,56,104,226,6,99
396,,7,76,pauli_polynomial_steiner_gray_clifford,"[0, 4, 2, 5, 1, 3, 6]",320,277,58,99,227,4,100
397,,7,76,pauli_polynomial_steiner_gray_clifford,"[0, 4, 2, 6, 1, 3, 5]",332,298,57,109,223,5,101
398,,7,76,pauli_polynomial_steiner_gray_clifford,"[0, 5, 2, 4, 1, 3, 6]",344,304,59,107,229,2,99
399,,7,76,pauli_polynomial_steiner_gray_clifford,"[0, 6, 2, 4, 1, 3, 5]",334,296,60,108,227,4,99
400,,7,76,pauli_polynomial_steiner_gray_clifford,"[0, 5, 2, 6, 1, 3, 4]",325,285,56,119,226,2,99
401,,7,76,pauli_polynomial_steiner_gray_clifford,"[0, 6, 2, 5, 1, 3, 4]",342,306,58,110,228,3,98
402,,7,76,pauli_polynomial_steiner_gray_clifford,"[0, 4, 2, 5, 1, 6, 3]",326,286,55,97,223,4,103
403,,7,76,pauli_polynomial_steiner_gray_clifford,"[0, 4, 2, 6, 1, 5, 3]",328,294,56,105,227,5,101
404,,7,76,pauli_polynomial_steiner_gray_clifford,"[0, 5, 2, 4, 1, 6, 3]",329,293,58,105,225,2,102
405,,7,76,pauli_polynomial_steiner_gray_clifford,"[0, 6, 2, 4, 1, 5, 3]",339,297,60,104,231,4,99
406,,7,76,pauli_polynomial_steiner_gray_clifford,"[0, 5, 2, 6, 1, 4, 3]",345,297,55,114,223,2,103
407,,7,76,pauli_polynomial_steiner_gray_clifford,"[0, 6, 2, 5, 1, 4, 3]",329,289,56,105,225,3,102
408,,7,76,pauli_polynomial_steiner_gray_clifford,"[0, 3, 4, 2, 1, 5, 6]",338,305,58,106,237,4,95
409,,7,76,pauli_polynomial_steiner_gray_clifford,"[0, 3, 4, 2, 1, 6, 5]",356,310,55,108,229,4,98
410,,7,76,pauli_polynomial_steiner_gray_clifford,"[0, 3, 5, 2, 1, 4, 6]",345,306,57,110,225,6,101
411,,7,76,pauli_polynomial_steiner_gray_clifford,"[0, 3, 6, 2, 1, 4, 5]",344,305,49,101,203,7,111
412,,7,76,pauli_polynomial_steiner_gray_clifford,"[0, 3, 5, 2, 1, 6, 4]",351,312,54,113,224,6,100
413,,7,76,pauli_polynomial_steiner_gray_clifford,"[0, 3, 6, 2, 1, 5, 4]",366,325,49,102,210,7,107
414,,7,76,pauli_polynomial_steiner_gray_clifford,"[0, 4, 3, 2, 1, 5, 6]",349,312,59,107,233,5,97
415,,7,76,pauli_polynomial_steiner_gray_clifford,"[0, 4, 3, 2, 1, 6, 5]",329,299,55,109,225,5,100
416,,7,76,pauli_polynomial_steiner_gray_clifford,"[0, 5, 3, 2, 1, 4, 6]",347,300,61,117,237,5,95
417,,7,76,pauli_polynomial_steiner_gray_clifford,"[0, 6, 3, 2, 1, 4, 5]",352,314,54,103,213,7,106
418,,7,76,pauli_polynomial_steiner_gray_clifford,"[0, 5, 3, 2, 1, 6, 4]",341,299,56,120,236,5,94
419,,7,76,pauli_polynomial_steiner_gray_clifford,"[0, 6, 3, 2, 1, 5, 4]",315,279,53,104,220,7,102
420,,7,76,pauli_polynomial_steiner_gray_clifford,"[0, 4, 5, 2, 1, 3, 6]",350,305,53,96,209,8,109
421,,7,76,pauli_polynomial_steiner_gray_clifford,"[0, 4, 6, 2, 1, 3, 5]",348,312,55,109,223,7,101
422,,7,76,pauli_polynomial_steiner_gray_clifford,"[0, 5, 4, 2, 1, 3, 6]",342,300,56,102,225,6,101
423,,7,76,pauli_polynomial_steiner_gray_clifford,"[0, 6, 4, 2, 1, 3, 5]",361,316,60,110,237,6,94
424,,7,76,pauli_polynomial_steiner_gray_clifford,"[0, 5, 6, 2, 1, 3, 4]",336,301,56,121,230,3,97
425,,7,76,pauli_polynomial_steiner_gray_clifford,"[0, 6, 5, 2, 1, 3, 4]",364,321,58,116,228,4,98
426,,7,76,pauli_polynomial_steiner_gray_clifford,"[0, 4, 5, 2, 1, 6, 3]",365,320,48,94,205,8,112
427,,7,76,pauli_polynomial_steiner_gray_clifford,"[0, 4, 6, 2, 1, 5, 3]",356,309,54,105,227,7,101
428,,7,76,pauli_polynomial_steiner_gray_clifford,"[0, 5, 4, 2, 1, 6, 3]",311,277,50,100,221,6,104
429,,7,76,pauli_polynomial_steiner_gray_clifford,"[0, 6, 4, 2, 1, 5, 3]",348,310,57,106,241,6,94
430,,7,76,pauli_polynomial_steiner_gray_clifford,"[0, 5, 6, 2, 1, 4, 3]",323,285,55,116,227,3,101
431,,7,76,pauli_polynomial_steiner_gray_clifford,"[0, 6, 5, 2, 1, 4, 3]",339,299,56,111,225,4,102
432,,7,76,pauli_polynomial_steiner_gray_clifford,"[0, 3, 4, 5, 1, 2, 6]",340,301,52,93,219,7,104
433,,7,76,pauli_polynomial_steiner_gray_clifford,"[0, 3, 4, 6, 1, 2, 5]",376,333,53,103,225,5,100
434,,7,76,pauli_polynomial_steiner_gray_clifford,"[0, 3, 5, 4, 1, 2, 6]",327,290,52,96,211,8,108
435,,7,76,pauli_polynomial_steiner_gray_clifford,"[0, 3, 6, 4, 1, 2, 5]",318,285,55,104,217,5,104
436,,7,76,pauli_polynomial_steiner_gray_clifford,"[0, 3, 5, 6, 1, 2, 4]",352,310,54,113,228,5,98
437,,7,76,pauli_polynomial_steiner_gray_clifford,"[0, 3, 6, 5, 1, 2, 4]",328,281,56,111,228,4,98
438,,7,76,pauli_polynomial_steiner_gray_clifford,"[0, 4, 3, 5, 1, 2, 6]",329,287,55,94,223,6,102
439,,7,76,pauli_polynomial_steiner_gray_clifford,"[0, 4, 3, 6, 1, 2, 5]",325,283,54,104,211,5,107
440,,7,76,pauli_polynomial_steiner_gray_clifford,"[0, 5, 3, 4, 1, 2, 6]",345,310,56,103,225,4,101
441,,7,76,pauli_polynomial_steiner_gray_clifford,"[0, 6, 3, 4, 1, 2, 5]",370,320,56,106,215,4,105
442,,7,76,pauli_polynomial_steiner_gray_clifford,"[0, 5, 3, 6, 1, 2, 4]",333,306,56,120,226,4,99
443,,7,76,pauli_polynomial_steiner_gray_clifford,"[0, 6, 3, 5, 1, 2, 4]",338,300,57,113,228,5,98
444,,7,76,pauli_polynomial_steiner_gray_clifford,"[0, 4, 5, 3, 1, 2, 6]",340,293,52,94,213,9,107
445,,7,76,pauli_polynomial_steiner_gray_clifford,"[0, 4, 6, 3, 1, 2, 5]",338,300,56,107,219,6,103
446,,7,76,pauli_polynomial_steiner_gray_clifford,"[0, 5, 4, 3, 1, 2, 6]",328,288,53,100,223,6,102
447,,7,76,pauli_polynomial_steiner_gray_clifford,"[0, 6, 4, 3, 1, 2, 5]",338,297,56,108,231,5,97
448,,7,76,pauli_polynomial_steiner_gray_clifford,"[0, 5, 6, 3, 1, 2, 4]",355,315,61,124,232,3,96
449,,7,76,pauli_polynomial_steiner_gray_clifford,"[0, 6, 5, 3, 1, 2, 4]",366,328,60,119,234,5,95
450,,7,76,pauli_polynomial_steiner_gray_clifford,"[0, 4, 5, 6, 1, 2, 3]",352,301,52,100,219,8,105
451,,7,76,pauli_polynomial_steiner_gray_clifford,"[0, 4, 6, 5, 1, 2, 3]",336,295,57,103,237,6,96
452,,7,76,pauli_polynomial_steiner_gray_clifford,"[0, 5, 4, 6, 1, 2, 3]",340,291,53,106,231,7,99
453,,7,76,pauli_polynomial_steiner_gray_clifford,"[0, 6, 4, 5, 1, 2, 3]",328,282,55,104,233,8,98
454,,7,76,pauli_polynomial_steiner_gray_clifford,"[0, 5, 6, 4, 1, 2, 3]",345,301,61,113,239,4,95
455,,7,76,pauli_polynomial_steiner_gray_clifford,"[0, 6, 5, 4, 1, 2, 3]",326,286,58,108,223,7,103
456,,7,76,pauli_polynomial_steiner_gray_clifford,"[0, 3, 4, 5, 1, 6, 2]",330,289,54,91,218,6,105
457,,7,76,pauli_polynomial_steiner_gray_clifford,"[0, 3, 4, 6, 1, 5, 2]",361,318,58,99,232,4,98
458,,7,76,pauli_polynomial_steiner_gray_clifford,"[0, 3, 5, 4, 1, 6, 2]",347,307,54,94,210,7,109
459,,7,76,pauli_polynomial_steiner_gray_clifford,"[0, 3, 6, 4, 1, 5, 2]",351,298,58,100,224,4,102
460,,7,76,pauli_polynomial_steiner_gray_clifford,"[0, 3, 5, 6, 1, 4, 2]",372,324,59,108,228,4,100
461,,7,76,pauli_polynomial_steiner_gray_clifford,"[0, 3, 6, 5, 1, 4, 2]",363,311,59,106,228,3,100
462,,7,76,pauli_polynomial_steiner_gray_clifford,"[0, 4, 3, 5, 1, 6, 2]",349,308,56,92,222,5,103
463,,7,76,pauli_polynomial_steiner_gray_clifford,"[0, 4, 3, 6, 1, 5, 2]",361,320,59,100,218,4,105
464,,7,76,pauli_polynomial_steiner_gray_clifford,"[0, 5, 3, 4, 1, 6, 2]",342,301,57,101,224,3,102
465,,7,76,pauli_polynomial_steiner_gray_clifford,"[0, 6, 3, 4, 1, 5, 2]",335,301,58,102,222,3,103
466,,7,76,pauli_polynomial_steiner_gray_clifford,"[0, 5, 3, 6, 1, 4, 2]",337,290,62,115,226,3,101
467,,7,76,pauli_polynomial_steiner_gray_clifford,"[0, 6, 3, 5, 1, 4, 2]",352,318,60,108,228,4,100
468,,7,76,pauli_polynomial_steiner_gray_clifford,"[0, 4, 5, 3, 1, 6, 2]",333,299,53,92,212,8,108
469,,7,76,pauli_polynomial_steiner_gray_clifford,"[0, 4, 6, 3, 1, 5, 2]",340,307,59,103,226,5,101
470,,7,76,pauli_polynomial_steiner_gray_clifford,"[0, 5, 4, 3, 1, 6, 2]",353,303,54,98,222,5,103
471,,7,76,pauli_polynomial_steiner_gray_clifford,"[0, 6, 4, 3, 1, 5, 2]",331,299,58,104,238,4,95
472,,7,76,pauli_polynomial_steiner_gray_clifford,"[0, 5, 6, 3, 1, 4, 2]",354,307,62,119,232,2,98
473,,7,76,pauli_polynomial_steiner_gray_clifford,"[0, 6, 5, 3, 1, 4, 2]",378,329,60,114,234,4,97
474,,7,76,pauli_polynomial_steiner_gray_clifford,"[0, 4, 5, 6, 1, 3, 2]",351,307,58,100,222,7,103
475,,7,76,pauli_polynomial_steiner_gray_clifford,"[0, 4, 6, 5, 1, 3, 2]",338,297,61,103,240,5,94
476,,7,76,pauli_polynomial_steiner_gray_clifford,"[0, 5, 4, 6, 1, 3, 2]",348,309,60,106,234,6,97
477,,7,76,pauli_polynomial_steiner_gray_clifford,"[0, 6, 4, 5, 1, 3, 2]",346,301,60,104,236,7,96
478,,7,76,pauli_polynomial_steiner_gray_clifford,"[0, 5, 6, 4, 1, 3, 2]",350,305,63,113,242,3,93
479,,7,76,pauli_polynomial_steiner_gray_clifford,"[0, 6, 5, 4, 1, 3, 2]",339,295,60,108,226,6,101
480,,7,76,pauli_polynomial_steiner_gray_clifford,"[0, 2, 3, 4, 5, 1, 6]",355,310,59,108,229,7,99
481,,7,76,pauli_polynomial_steiner_gray_clifford,"[0, 2, 3, 4, 6, 1, 5]",354,315,61,115,239,5,93
482,,7,76,pauli_polynomial_steiner_gray_clifford,"[0, 2, 3, 5, 4, 1, 6]",344,307,59,108,221,8,103
483,,7,76,pauli_polynomial_steiner_gray_clifford,"[0, 2, 3, 6, 4, 1, 5]",359,318,60,112,231,5,97
484,,7,76,pauli_polynomial_steiner_gray_clifford,"[0, 2, 3, 5, 6, 1, 4]",350,304,59,113,228,5,98
485,,7,76,pauli_polynomial_steiner_gray_clifford,"[0, 2, 3, 6, 5, 1, 4]",351,308,58,110,228,4,98
486,,7,76,pauli_polynomial_steiner_gray_clifford,"[0, 2, 4, 3, 5, 1, 6]",331,297,60,108,237,5,95
487,,7,76,pauli_polynomial_steiner_gray_clifford,"[0, 2, 4, 3, 6, 1, 5]",352,311,61,115,229,4,98
488,,7,76,pauli_polynomial_steiner_gray_clifford,"[0, 2, 5, 3, 4, 1, 6]",358,317,59,110,223,5,102
489,,7,76,pauli_polynomial_steiner_gray_clifford,"[0, 2, 6, 3, 4, 1, 5]",334,292,58,110,219,4,103
490,,7,76,pauli_polynomial_steiner_gray_clifford,"[0, 2, 5, 3, 6, 1, 4]",332,295,59,115,214,5,105
491,,7,76,pauli_polynomial_steiner_gray_clifford,"[0, 2, 6, 3, 5, 1, 4]",341,310,57,108,218,5,103
492,,7,76,pauli_polynomial_steiner_gray_clifford,"[0, 2, 4, 5, 3, 1, 6]",354,316,56,104,227,8,100
493,,7,76,pauli_polynomial_steiner_gray_clifford,"[0, 2, 4, 6, 3, 1, 5]",352,313,61,115,237,5,94
494,,7,76,pauli_polynomial_steiner_gray_clifford,"[0, 2, 5, 4, 3, 1, 6]",352,314,55,106,221,7,103
495,,7,76,pauli_polynomial_steiner_gray_clifford,"[0, 2, 6, 4, 3, 1, 5]",351,305,59,113,235,5,95
496,,7,76,pauli_polynomial_steiner_gray_clifford,"[0, 2, 5, 6, 3, 1, 4]",333,296,56,114,220,4,102
497,,7,76,pauli_polynomial_steiner_gray_clifford,"[0, 2, 6, 5, 3, 1, 4]",370,323,55,110,224,5,100
498,,7,76,pauli_polynomial_steiner_gray_clifford,"[0, 2, 4, 5, 6, 1, 3]",334,291,55,103,229,7,100
499,,7,76,pauli_polynomial_steiner_gray_clifford,"[0, 2, 4, 6, 5, 1, 3]",355,314,59,107,247,5,91
500,,7,76,pauli_polynomial_steiner_gray_clifford,"[0, 2, 5, 4, 6, 1, 3]",337,295,55,105,225,8,102
501,,7,76,pauli_polynomial_steiner_gray_clifford,"[0, 2, 6, 4, 5, 1, 3]",359,313,57,105,229,8,100
502,,7,76,pauli_polynomial_steiner_gray_clifford,"[0, 2, 5, 6, 4, 1, 3]",341,308,56,108,233,5,98
503,,7,76,pauli_polynomial_steiner_gray_clifford,"[0, 2, 6, 5, 4, 1, 3]",324,288,54,104,219,7,105
504,,7,76,pauli_polynomial_steiner_gray_clifford,"[0, 3, 2, 4, 5, 1, 6]",348,307,57,108,231,6,98
505,,7,76,pauli_polynomial_steiner_gray_clifford,"[0, 3, 2, 4, 6, 1, 5]",363,328,60,115,241,4,92
506,,7,76,pauli_polynomial_steiner_gray_clifford,"[0, 3, 2, 5, 4, 1, 6]",348,309,58,108,217,6,105
507,,7,76,pauli_polynomial_steiner_gray_clifford,"[0, 3, 2, 6, 4, 1, 5]",354,308,59,112,231,4,97
508,,7,76,pauli_polynomial_steiner_gray_clifford,"[0, 3, 2, 5, 6, 1, 4]",354,313,60,113,224,3,100
509,,7,76,pauli_polynomial_steiner_gray_clifford,"[0, 3, 2, 6, 5, 1, 4]",344,304,58,110,228,3,98
510,,7,76,pauli_polynomial_steiner_gray_clifford,"[0, 4, 2, 3, 5, 1, 6]",354,310,60,109,235,5,96
511,,7,76,pauli_polynomial_steiner_gray_clifford,"[0, 4, 2, 3, 6, 1, 5]",351,309,60,116,227,4,99
512,,7,76,pauli_polynomial_steiner_gray_clifford,"[0, 5, 2, 3, 4, 1, 6]",365,331,62,117,231,2,98
513,,7,76,pauli_polynomial_steiner_gray_clifford,"[0, 6, 2, 3, 4, 1, 5]",372,330,59,112,229,3,98
514,,7,76,pauli_polynomial_steiner_gray_clifford,"[0, 5, 2, 3, 6, 1, 4]",355,309,62,122,222,2,101
515,,7,76,pauli_polynomial_steiner_gray_clifford,"[0, 6, 2, 3, 5, 1, 4]",353,307,59,110,228,4,98
516,,7,76,pauli_polynomial_steiner_gray_clifford,"[0, 4, 2, 5, 3, 1, 6]",352,309,59,105,227,5,100
517,,7,76,pauli_polynomial_steiner_gray_clifford,"[0, 4, 2, 6, 3, 1, 5]",347,309,61,116,223,4,101
518,,7,76,pauli_polynomial_steiner_gray_clifford,"[0, 5, 2, 4, 3, 1, 6]",355,313,60,113,237,2,95
519,,7,76,pauli_polynomial_steiner_gray_clifford,"[0, 6, 2, 4, 3, 1, 5]",340,305,61,115,235,3,95
520,,7,76,pauli_polynomial_steiner_gray_clifford,"[0, 5, 2, 6, 3, 1, 4]",356,317,58,121,218,2,103
521,,7,76,pauli_polynomial_steiner_gray_clifford,"[0, 6, 2, 5, 3, 1, 4]",349,302,57,112,220,4,102
522,,7,76,pauli_polynomial_steiner_gray_clifford,"[0, 4, 2, 5, 6, 1, 3]",362,318,57,104,229,4,100
523,,7,76,pauli_polynomial_steiner_gray_clifford,"[0, 4, 2, 6, 5, 1, 3]",349,306,59,108,233,4,98
524,,7,76,pauli_polynomial_steiner_gray_clifford,"[0, 5, 2, 4, 6, 1, 3]",342,302,59,112,241,3,94
525,,7,76,pauli_polynomial_steiner_gray_clifford,"[0, 6, 2, 4, 5, 1, 3]",338,298,57,107,229,6,100
526,,7,76,pauli_polynomial_steiner_gray_clifford,"[0, 5, 2, 6, 4, 1, 3]",344,307,57,115,231,3,99
527,,7,76,pauli_polynomial_steiner_gray_clifford,"[0, 6, 2, 5, 4, 1, 3]",323,281,53,106,215,6,107
528,,7,76,pauli_polynomial_steiner_gray_clifford,"[0, 3, 4, 2, 5, 1, 6]",346,309,58,105,233,3,97
529,,7,76,pauli_polynomial_steiner_gray_clifford,"[0, 3, 4, 2, 6, 1, 5]",329,296,57,112,229,3,98
530,,7,76,pauli_polynomial_steiner_gray_clifford,"[0, 3, 5, 2, 4, 1, 6]",326,280,59,108,225,4,101
531,,7,76,pauli_polynomial_steiner_gray_clifford,"[0, 3, 6, 2, 4, 1, 5]",362,318,58,110,221,3,102
532,,7,76,pauli_polynomial_steiner_gray_clifford,"[0, 3, 5, 2, 6, 1, 4]",360,322,56,113,214,4,105
533,,7,76,pauli_polynomial_steiner_gray_clifford,"[0, 3, 6, 2, 5, 1, 4]",342,294,56,108,214,3,105
534,,7,76,pauli_polynomial_steiner_gray_clifford,"[0, 4, 3, 2, 5, 1, 6]",337,292,60,106,229,4,99
535,,7,76,pauli_polynomial_steiner_gray_clifford,"[0, 4, 3, 2, 6, 1, 5]",361,312,57,113,225,4,100
536,,7,76,pauli_polynomial_steiner_gray_clifford,"[0, 5, 3, 2, 4, 1, 6]",350,314,63,115,237,3,95
537,,7,76,pauli_polynomial_steiner_gray_clifford,"[0, 6, 3, 2, 4, 1, 5]",367,317,60,112,231,3,97
538,,7,76,pauli_polynomial_steiner_gray_clifford,"[0, 5, 3, 2, 6, 1, 4]",366,317,58,120,226,3,99
539,,7,76,pauli_polynomial_steiner_gray_clifford,"[0, 6, 3, 2, 5, 1, 4]",350,314,58,110,224,3,100
540,,7,76,pauli_polynomial_steiner_gray_clifford,"[0, 4, 5, 2, 3, 1, 6]",369,322,56,102,219,7,104
541,,7,76,pauli_polynomial_steiner_gray_clifford,"[0, 4, 6, 2, 3, 1, 5]",342,302,60,116,233,5,96
542,,7,76,pauli_polynomial_steiner_gray_clifford,"[0, 5, 4, 2, 3, 1, 6]",336,292,58,108,235,5,96
543,,7,76,pauli_polynomial_steiner_gray_clifford,"[0, 6, 4, 2, 3, 1, 5]",354,314,62,117,247,4,89
544,,7,76,pauli_polynomial_steiner_gray_clifford,"[0, 5, 6, 2, 3, 1, 4]",344,305,59,123,232,2,96
545,,7,76,pauli_polynomial_steiner_gray_clifford,"[0, 6, 5, 2, 3, 1, 4]",340,304,59,118,230,3,97
546,,7,76,pauli_polynomial_steiner_gray_clifford,"[0, 4, 5, 2, 6, 1, 3]",355,313,51,101,211,7,109
547,,7,76,pauli_polynomial_steiner_gray_clifford,"[0, 4, 6, 2, 5, 1, 3]",357,312,58,108,229,5,100
548,,7,76,pauli_polynomial_steiner_gray_clifford,"[0, 5, 4, 2, 6, 1, 3]",354,312,53,107,227,5,101
549,,7,76,pauli_polynomial_steiner_gray_clifford,"[0, 6, 4, 2, 5, 1, 3]",350,299,58,109,243,4,93
550,,7,76,pauli_polynomial_steiner_gray_clifford,"[0, 5, 6, 2, 4, 1, 3]",359,309,59,117,235,2,97
551,,7,76,pauli_polynomial_steiner_gray_clifford,"[0, 6, 5, 2, 4, 1, 3]",313,274,57,112,233,3,98
552,,7,76,pauli_polynomial_steiner_gray_clifford,"[0, 3, 4, 5, 2, 1, 6]",348,310,52,98,215,7,106
553,,7,76,pauli_polynomial_steiner_gray_clifford,"[0, 3, 4, 6, 2, 1, 5]",345,298,55,110,229,5,98
554,,7,76,pauli_polynomial_steiner_gray_clifford,"[0, 3, 5, 4, 2, 1, 6]",344,305,52,101,221,8,103
555,,7,76,pauli_polynomial_steiner_gray_clifford,"[0, 3, 6, 4, 2, 1, 5]",341,306,57,111,231,5,97
556,,7,76,pauli_polynomial_steiner_gray_clifford,"[0, 3, 5, 6, 2, 1, 4]",338,293,54,113,218,5,103
557,,7,76,pauli_polynomial_steiner_gray_clifford,"[0, 3, 6, 5, 2, 1, 4]",352,308,56,111,214,4,105
558,,7,76,pauli_polynomial_steiner_gray_clifford,"[0, 4, 3, 5, 2, 1, 6]",345,293,56,99,219,6,104
559,,7,76,pauli_polynomial_steiner_gray_clifford,"[0, 4, 3, 6, 2, 1, 5]",354,311,56,111,215,5,105
560,,7,76,pauli_polynomial_steiner_gray_clifford,"[0, 5, 3, 4, 2, 1, 6]",368,329,59,108,235,4,96
561,,7,76,pauli_polynomial_steiner_gray_clifford,"[0, 6, 3, 4, 2, 1, 5]",353,311,60,113,229,4,98
562,,7,76,pauli_polynomial_steiner_gray_clifford,"[0, 5, 3, 6, 2, 1, 4]",331,294,56,120,216,4,104
563,,7,76,pauli_polynomial_steiner_gray_clifford,"[0, 6, 3, 5, 2, 1, 4]",329,291,57,113,214,5,105
564,,7,76,pauli_polynomial_steiner_gray_clifford,"[0, 4, 5, 3, 2, 1, 6]",361,318,53,99,217,9,105
565,,7,76,pauli_polynomial_steiner_gray_clifford,"[0, 4, 6, 3, 2, 1, 5]",360,317,58,114,227,6,99
566,,7,76,pauli_polynomial_steiner_gray_clifford,"[0, 5, 4, 3, 2, 1, 6]",345,294,56,105,227,6,100
567,,7,76,pauli_polynomial_steiner_gray_clifford,"[0, 6, 4, 3, 2, 1, 5]",372,329,60,115,239,5,93
568,,7,76,pauli_polynomial_steiner_gray_clifford,"[0, 5, 6, 3, 2, 1, 4]",345,304,61,124,226,3,99
569,,7,76,pauli_polynomial_steiner_gray_clifford,"[0, 6, 5, 3, 2, 1, 4]",345,312,60,119,228,5,98
570,,7,76,pauli_polynomial_steiner_gray_clifford,"[0, 4, 5, 6, 2, 1, 3]",339,295,52,103,215,8,107
571,,7,76,pauli_polynomial_steiner_gray_clifford,"[0, 4, 6, 5, 2, 1, 3]",354,307,57,106,229,6,100
572,,7,76,pauli_polynomial_steiner_gray_clifford,"[0, 5, 4, 6, 2, 1, 3]",355,314,53,109,227,7,101
573,,7,76,pauli_polynomial_steiner_gray_clifford,"[0, 6, 4, 5, 2, 1, 3]",354,307,54,107,225,8,102
574,,7,76,pauli_polynomial_steiner_gray_clifford,"[0, 5, 6, 4, 2, 1, 3]",344,307,61,116,245,4,92
575,,7,76,pauli_polynomial_steiner_gray_clifford,"[0, 6, 5, 4, 2, 1, 3]",328,281,57,111,229,7,100
576,,7,76,pauli_polynomial_steiner_gray_clifford,"[0, 3, 4, 5, 6, 1, 2]",347,299,52,94,218,7,105
577,,7,76,pauli_polynomial_steiner_gray_clifford,"[0, 3, 4, 6, 5, 1, 2]",343,303,56,99,236,5,96
578,,7,76,pauli_polynomial_steiner_gray_clifford,"[0, 3, 5, 4, 6, 1, 2]",339,305,51,97,220,9,104
579,,7,76,pauli_polynomial_steiner_gray_clifford,"[0, 3, 6, 4, 5, 1, 2]",348,308,53,100,220,8,104
580,,7,76,pauli_polynomial_steiner_gray_clifford,"[0, 3, 5, 6, 4, 1, 2]",340,293,56,104,228,6,100
581,,7,76,pauli_polynomial_steiner_gray_clifford,"[0, 3, 6, 5, 4, 1, 2]",350,311,54,102,210,7,109
582,,7,76,pauli_polynomial_steiner_gray_clifford,"[0, 4, 3, 5, 6, 1, 2]",355,313,53,95,222,6,103
583,,7,76,pauli_polynomial_steiner_gray_clifford,"[0, 4, 3, 6, 5, 1, 2]",356,307,56,100,222,5,103
584,,7,76,pauli_polynomial_steiner_gray_clifford,"[0, 5, 3, 4, 6, 1, 2]",354,317,56,104,234,5,97
585,,7,76,pauli_polynomial_steiner_gray_clifford,"[0, 6, 3, 4, 5, 1, 2]",337,305,55,102,218,7,105
586,,7,76,pauli_polynomial_steiner_gray_clifford,"[0, 5, 3, 6, 4, 1, 2]",334,292,58,111,226,5,101
587,,7,76,pauli_polynomial_steiner_gray_clifford,"[0, 6, 3, 5, 4, 1, 2]",331,290,54,104,210,8,109
588,,7,76,pauli_polynomial_steiner_gray_clifford,"[0, 4, 5, 3, 6, 1, 2]",329,287,50,95,206,9,111
589,,7,76,pauli_polynomial_steiner_gray_clifford,"[0, 4, 6, 3, 5, 1, 2]",341,302,55,103,224,7,102
590,,7,76,pauli_polynomial_steiner_gray_clifford,"[0, 5, 4, 3, 6, 1, 2]",348,311,54,101,216,6,106
591,,7,76,pauli_polynomial_steiner_gray_clifford,"[0, 6, 4, 3, 5, 1, 2]",349,306,57,104,236,6,96
592,,7,76,pauli_polynomial_steiner_gray_clifford,"[0, 5, 6, 3, 4, 1, 2]",335,295,59,115,224,3,102
593,,7,76,pauli_polynomial_steiner_gray_clifford,"[0, 6, 5, 3, 4, 1, 2]",333,298,57,110,226,5,101
594,,7,76,pauli_polynomial_steiner_gray_clifford,"[0, 4, 5, 6, 3, 1, 2]",325,290,54,100,212,8,108
595,,7,76,pauli_polynomial_steiner_gray_clifford,"[0, 4, 6, 5, 3, 1, 2]",354,307,56,103,230,7,99
596,,7,76,pauli_polynomial_steiner_gray_clifford,"[0, 5, 4, 6, 3, 1, 2]",347,297,56,106,224,7,102
597,,7,76,pauli_polynomial_steiner_gray_clifford,"[0, 6, 4, 5, 3, 1, 2]",359,316,55,104,226,9,101
598,,7,76,pauli_polynomial_steiner_gray_clifford,"[0, 5, 6, 4, 3, 1, 2]",344,295,59,113,240,4,94
599,,7,76,pauli_polynomial_steiner_gray_clifford,"[0, 6, 5, 4, 3, 1, 2]",357,314,56,108,224,7,102
600,,7,76,pauli_polynomial_steiner_gray_clifford,"[0, 2, 3, 4, 5, 6, 1]",344,306,57,115,226,6,97
601,,7,76,pauli_polynomial_steiner_gray_clifford,"[0, 2, 3, 4, 6, 5, 1]",356,315,60,120,244,4,88
602,,7,76,pauli_polynomial_steiner_gray_clifford,"[0, 2, 3, 5, 4, 6, 1]",350,308,56,115,228,8,96
603,,7,76,pauli_polynomial_steiner_gray_clifford,"[0, 2, 3, 6, 4, 5, 1]",348,313,56,117,228,7,96
604,,7,76,pauli_polynomial_steiner_gray_clifford,"[0, 2, 3, 5, 6, 4, 1]",334,311,58,117,236,5,92
605,,7,76,pauli_polynomial_steiner_gray_clifford,"[0, 2, 3, 6, 5, 4, 1]",352,310,55,114,218,6,101
606,,7,76,pauli_polynomial_steiner_gray_clifford,"[0, 2, 4, 3, 5, 6, 1]",338,295,57,115,234,4,93
607,,7,76,pauli_polynomial_steiner_gray_clifford,"[0, 2, 4, 3, 6, 5, 1]",356,309,59,120,234,3,93
608,,7,76,pauli_polynomial_steiner_gray_clifford,"[0, 2, 5, 3, 4, 6, 1]",340,299,58,117,230,5,95
609,,7,76,pauli_polynomial_steiner_gray_clifford,"[0, 2, 6, 3, 4, 5, 1]",333,292,56,115,216,6,102
610,,7,76,pauli_polynomial_steiner_gray_clifford,"[0, 2, 5, 3, 6, 4, 1]",357,310,57,119,222,5,99
611,,7,76,pauli_polynomial_steiner_gray_clifford,"[0, 2, 6, 3, 5, 4, 1]",352,304,53,112,208,7,106
612,,7,76,pauli_polynomial_steiner_gray_clifford,"[0, 2, 4, 5, 3, 6, 1]",349,313,53,111,218,7,101
613,,7,76,pauli_polynomial_steiner_gray_clifford,"[0, 2, 4, 6, 3, 5, 1]",345,301,58,120,236,5,92
614,,7,76,pauli_polynomial_steiner_gray_clifford,"[0, 2, 5, 4, 3, 6, 1]",339,308,55,113,212,6,104
615,,7,76,pauli_polynomial_steiner_gray_clifford,"[0, 2, 6, 4, 3, 5, 1]",346,312,59,118,234,5,93
616,,7,76,pauli_polynomial_steiner_gray_clifford,"[0, 2, 5, 6, 3, 4, 1]",355,315,55,118,220,3,100
617,,7,76,pauli_polynomial_steiner_gray_clifford,"[0, 2, 6, 5, 3, 4, 1]",338,292,54,114,224,4,98
618,,7,76,pauli_polynomial_steiner_gray_clifford,"[0, 2, 4, 5, 6, 3, 1]",342,306,55,112,224,6,98
619,,7,76,pauli_polynomial_steiner_gray_clifford,"[0, 2, 4, 6, 5, 3, 1]",320,281,58,116,242,5,89
620,,7,76,pauli_polynomial_steiner_gray_clifford,"[0, 2, 5, 4, 6, 3, 1]",344,308,55,114,220,7,100
621,,7,76,pauli_polynomial_steiner_gray_clifford,"[0, 2, 6, 4, 5, 3, 1]",339,299,56,114,224,8,98
622,,7,76,pauli_polynomial_steiner_gray_clifford,"[0, 2, 5, 6, 4, 3, 1]",341,307,56,117,236,4,92
623,,7,76,pauli_polynomial_steiner_gray_clifford,"[0, 2, 6, 5, 4, 3, 1]",337,297,54,113,222,6,99
624,,7,76,pauli_polynomial_steiner_gray_clifford,"[0, 3, 2, 4, 5, 6, 1]",351,309,58,115,228,5,96
625,,7,76,pauli_polynomial_steiner_gray_clifford,"[0, 3, 2, 4, 6, 5, 1]",346,307,62,120,246,3,87
626,,7,76,pauli_polynomial_steiner_gray_clifford,"[0, 3, 2, 5, 4, 6, 1]",344,309,58,115,224,6,98
627,,7,76,pauli_polynomial_steiner_gray_clifford,"[0, 3, 2, 6, 4, 5, 1]",331,295,58,117,228,6,96
628,,7,76,pauli_polynomial_steiner_gray_clifford,"[0, 3, 2, 5, 6, 4, 1]",338,299,61,117,232,3,94
629,,7,76,pauli_polynomial_steiner_gray_clifford,"[0, 3, 2, 6, 5, 4, 1]",335,297,57,114,218,5,101
630,,7,76,pauli_polynomial_steiner_gray_clifford,"[0, 4, 2, 3, 5, 6, 1]",362,317,59,116,232,4,94
631,,7,76,pauli_polynomial_steiner_gray_clifford,"[0, 4, 2, 3, 6, 5, 1]",339,301,61,121,232,3,94
632,,7,76,pauli_polynomial_steiner_gray_clifford,"[0, 5, 2, 3, 4, 6, 1]",364,317,63,124,238,2,91
633,,7,76,pauli_polynomial_steiner_gray_clifford,"[0, 6, 2, 3, 4, 5, 1]",336,296,59,117,226,5,97
634,,7,76,pauli_polynomial_steiner_gray_clifford,"[0, 5, 2, 3, 6, 4, 1]",339,305,63,126,230,2,95
635,,7,76,pauli_polynomial_steiner_gray_clifford,"[0, 6, 2, 3, 5, 4, 1]",354,313,57,114,218,6,101
636,,7,76,pauli_polynomial_steiner_gray_clifford,"[0, 4, 2, 5, 3, 6, 1]",342,299,58,112,218,4,101
637,,7,76,pauli_polynomial_steiner_gray_clifford,"[0, 4, 2, 6, 3, 5, 1]",330,292,61,121,222,4,99
638,,7,76,pauli_polynomial_steiner_gray_clifford,"[0, 5, 2, 4, 3, 6, 1]",371,334,62,120,228,1,96
639,,7,76,pauli_polynomial_steiner_gray_clifford,"[0, 6, 2, 4, 3, 5, 1]",354,317,63,120,234,3,93
640,,7,76,pauli_polynomial_steiner_gray_clifford,"[0, 5, 2, 6, 3, 4, 1]",340,301,60,125,218,1,101
641,,7,76,pauli_polynomial_steiner_gray_clifford,"[0, 6, 2, 5, 3, 4, 1]",373,327,58,116,220,3,100
642,,7,76,pauli_polynomial_steiner_gray_clifford,"[0, 4, 2, 5, 6, 3, 1]",345,303,59,113,224,3,98
643,,7,76,pauli_polynomial_steiner_gray_clifford,"[0, 4, 2, 6, 5, 3, 1]",343,306,60,117,228,4,96
644,,7,76,pauli_polynomial_steiner_gray_clifford,"[0, 5, 2, 4, 6, 3, 1]",364,323,62,121,236,2,92
645,,7,76,pauli_polynomial_steiner_gray_clifford,"[0, 6, 2, 4, 5, 3, 1]",348,303,59,116,224,6,98
646,,7,76,pauli_polynomial_steiner_gray_clifford,"[0, 5, 2, 6, 4, 3, 1]",364,322,60,124,234,2,93
647,,7,76,pauli_polynomial_steiner_gray_clifford,"[0, 6, 2, 5, 4, 3, 1]",346,301,56,115,218,5,101
648,,7,76,pauli_polynomial_steiner_gray_clifford,"[0, 3, 4, 2, 5, 6, 1]",355,316,59,112,230,2,95
649,,7,76,pauli_polynomial_steiner_gray_clifford,"[0, 3, 4, 2, 6, 5, 1]",358,315,61,117,234,2,93
650,,7,76,pauli_polynomial_steiner_gray_clifford,"[0, 3, 5, 2, 4, 6, 1]",356,318,59,115,232,4,94
651,,7,76,pauli_polynomial_steiner_gray_clifford,"[0, 3, 6, 2, 4, 5, 1]",357,312,56,115,218,5,101
652,,7,76,pauli_polynomial_steiner_gray_clifford,"[0, 3, 5, 2, 6, 4, 1]",343,309,59,117,222,4,99
653,,7,76,pauli_polynomial_steiner_gray_clifford,"[0, 3, 6, 2, 5, 4, 1]",328,291,54,112,204,5,108
654,,7,76,pauli_polynomial_steiner_gray_clifford,"[0, 4, 3, 2, 5, 6, 1]",360,318,60,113,226,3,97
655,,7,76,pauli_polynomial_steiner_gray_clifford,"[0, 4, 3, 2, 6, 5, 1]",327,294,61,118,230,3,95
656,,7,76,pauli_polynomial_steiner_gray_clifford,"[0, 5, 3, 2, 4, 6, 1]",376,327,62,122,244,3,88
657,,7,76,pauli_polynomial_steiner_gray_clifford,"[0, 6, 3, 2, 4, 5, 1]",337,300,57,117,228,5,96
658,,7,76,pauli_polynomial_steiner_gray_clifford,"[0, 5, 3, 2, 6, 4, 1]",356,327,62,124,234,3,93
659,,7,76,pauli_polynomial_steiner_gray_clifford,"[0, 6, 3, 2, 5, 4, 1]",367,320,56,114,214,5,103
660,,7,76,pauli_polynomial_steiner_gray_clifford,"[0, 4, 5, 2, 3, 6, 1]",357,315,56,109,210,6,105
661,,7,76,pauli_polynomial_steiner_gray_clifford,"[0, 4, 6, 2, 3, 5, 1]",363,317,61,121,232,5,94
662,,7,76,pauli_polynomial_steiner_gray_clifford,"[0, 5, 4, 2, 3, 6, 1]",363,320,58,115,226,4,97
663,,7,76,pauli_polynomial_steiner_gray_clifford,"[0, 6, 4, 2, 3, 5, 1]",352,308,62,122,246,4,87
664,,7,76,pauli_polynomial_steiner_gray_clifford,"[0, 5, 6, 2, 3, 4, 1]",352,310,61,127,232,1,94
665,,7,76,pauli_polynomial_steiner_gray_clifford,"[0, 6, 5, 2, 3, 4, 1]",345,304,60,122,230,2,95
666,,7,76,pauli_polynomial_steiner_gray_clifford,"[0, 4, 5, 2, 6, 3, 1]",377,334,56,110,206,6,107
667,,7,76,pauli_polynomial_steiner_gray_clifford,"[0, 4, 6, 2, 5, 3, 1]",345,303,60,117,224,5,98
668,,7,76,pauli_polynomial_steiner_gray_clifford,"[0, 5, 4, 2, 6, 3, 1]",360,326,59,116,222,4,99
669,,7,76,pauli_polynomial_steiner_gray_clifford,"[0, 6, 4, 2, 5, 3, 1]",366,321,61,118,238,4,91
670,,7,76,pauli_polynomial_steiner_gray_clifford,"[0, 5, 6, 2, 4, 3, 1]",373,333,62,126,238,1,91
671,,7,76,pauli_polynomial_steiner_gray_clifford,"[0, 6, 5, 2, 4, 3, 1]",354,321,60,121,236,2,92
672,,7,76,pauli_polynomial_steiner_gray_clifford,"[0, 3, 4, 5, 2, 6, 1]",341,299,54,105,212,5,104
673,,7,76,pauli_polynomial_steiner_gray_clifford,"[0, 3, 4, 6, 2, 5, 1]",369,325,60,115,230,3,95
674,,7,76,pauli_polynomial_steiner_gray_clifford,"[0, 3, 5, 4, 2, 6, 1]",350,303,54,108,218,6,101
675,,7,76,pauli_polynomial_steiner_gray_clifford,"[0, 3, 6, 4, 2, 5, 1]",358,318,59,116,232,3,94
676,,7,76,pauli_polynomial_steiner_gray_clifford,"[0, 3, 5, 6, 2, 4, 1]",350,316,59,117,226,3,97
677,,7,76,pauli_polynomial_steiner_gray_clifford,"[0, 3, 6, 5, 2, 4, 1]",360,320,58,115,222,2,99
678,,7,76,pauli_polynomial_steiner_gray_clifford,"[0, 4, 3, 5, 2, 6, 1]",338,296,57,106,216,4,102
679,,7,76,pauli_polynomial_steiner_gray_clifford,"[0, 4, 3, 6, 2, 5, 1]",360,318,61,116,216,3,102
680,,7,76,pauli_polynomial_steiner_gray_clifford,"[0, 5, 3, 4, 2, 6, 1]",352,311,60,115,232,2,94
681,,7,76,pauli_polynomial_steiner_gray_clifford,"[0, 6, 3, 4, 2, 5, 1]",371,328,61,118,230,2,95
682,,7,76,pauli_polynomial_steiner_gray_clifford,"[0, 5, 3, 6, 2, 4, 1]",350,304,62,124,224,2,98
683,,7,76,pauli_polynomial_steiner_gray_clifford,"[0, 6, 3, 5, 2, 4, 1]",355,310,59,117,222,3,99
684,,7,76,pauli_polynomial_steiner_gray_clifford,"[0, 4, 5, 3, 2, 6, 1]",355,308,54,106,214,7,103
685,,7,76,pauli_polynomial_steiner_gray_clifford,"[0, 4, 6, 3, 2, 5, 1]",351,305,61,119,228,4,96
686,,7,76,pauli_polynomial_steiner_gray_clifford,"[0, 5, 4, 3, 2, 6, 1]",355,314,57,112,224,4,98
687,,7,76,pauli_polynomial_steiner_gray_clifford,"[0, 6, 4, 3, 2, 5, 1]",364,318,62,120,240,3,90
688,,7,76,pauli_polynomial_steiner_gray_clifford,"[0, 5, 6, 3, 2, 4, 1]",370,322,64,128,234,1,93
689,,7,76,pauli_polynomial_steiner_gray_clifford,"[0, 6, 5, 3, 2, 4, 1]",359,318,62,123,236,3,92
690,,7,76,pauli_polynomial_steiner_gray_clifford,"[0, 4, 5, 6, 2, 3, 1]",362,326,58,112,220,6,100
691,,7,76,pauli_polynomial_steiner_gray_clifford,"[0, 4, 6, 5, 2, 3, 1]",352,312,61,115,234,4,93
692,,7,76,pauli_polynomial_steiner_gray_clifford,"[0, 5, 4, 6, 2, 3, 1]",379,330,60,118,232,5,94
693,,7,76,pauli_polynomial_steiner_gray_clifford,"[0, 6, 4, 5, 2, 3, 1]",353,316,59,116,230,6,95
694,,7,76,pauli_polynomial_steiner_gray_clifford,"[0, 5, 6, 4, 2, 3, 1]",352,306,65,125,250,2,85
695,,7,76,pauli_polynomial_steiner_gray_clifford,"[0, 6, 5, 4, 2, 3, 1]",358,311,61,120,234,5,93
696,,7,76,pauli_polynomial_steiner_gray_clifford,"[0, 3, 4, 5, 6, 2, 1]",344,314,52,103,216,6,102
697,,7,76,pauli_polynomial_steiner_gray_clifford,"[0, 3, 4, 6, 5, 2, 1]",351,306,56,108,230,4,95
698,,7,76,pauli_polynomial_steiner_gray_clifford,"[0, 3, 5, 4, 6, 2, 1]",360,320,51,106,218,8,101
699,,7,76,pauli_polynomial_steiner_gray_clifford,"[0, 3, 6, 4, 5, 2, 1]",364,316,52,109,214,7,103
700,,7,76,pauli_polynomial_steiner_gray_clifford,"[0, 3, 5, 6, 4, 2, 1]",342,302,56,113,236,5,92
701,,7,76,pauli_polynomial_steiner_gray_clifford,"[0, 3, 6, 5, 4, 2, 1]",336,302,53,111,218,6,101
702,,7,76,pauli_polynomial_steiner_gray_clifford,"[0, 4, 3, 5, 6, 2, 1]",375,330,53,104,220,5,100
703,,7,76,pauli_polynomial_steiner_gray_clifford,"[0, 4, 3, 6, 5, 2, 1]",352,306,56,109,216,4,102
704,,7,76,pauli_polynomial_steiner_gray_clifford,"[0, 5, 3, 4, 6, 2, 1]",366,328,56,113,232,4,94
705,,7,76,pauli_polynomial_steiner_gray_clifford,"[0, 6, 3, 4, 5, 2, 1]",349,311,54,111,212,6,104
706,,7,76,pauli_polynomial_steiner_gray_clifford,"[0, 5, 3, 6, 4, 2, 1]",355,313,58,120,234,4,93
707,,7,76,pauli_polynomial_steiner_gray_clifford,"[0, 6, 3, 5, 4, 2, 1]",364,321,53,113,218,7,101
708,,7,76,pauli_polynomial_steiner_gray_clifford,"[0, 4, 5, 3, 6, 2, 1]",319,281,50,104,204,8,108
709,,7,76,pauli_polynomial_steiner_gray_clifford,"[0, 4, 6, 3, 5, 2, 1]",344,303,55,112,218,6,101
710,,7,76,pauli_polynomial_steiner_gray_clifford,"[0, 5, 4, 3, 6, 2, 1]",361,327,54,110,214,5,103
711,,7,76,pauli_polynomial_steiner_gray_clifford,"[0, 6, 4, 3, 5, 2, 1]",364,320,57,113,230,5,95
712,,7,76,pauli_polynomial_steiner_gray_clifford,"[0, 5, 6, 3, 4, 2, 1]",342,301,61,124,232,2,94
713,,7,76,pauli_polynomial_steiner_gray_clifford,"[0, 6, 5, 3, 4, 2, 1]",348,305,59,119,234,4,93
714,,7,76,pauli_polynomial_steiner_gray_clifford,"[0, 4, 5, 6, 3, 2, 1]",326,287,54,109,214,7,103
715,,7,76,pauli_polynomial_steiner_gray_clifford,"[0, 4, 6, 5, 3, 2, 1]",338,295,56,112,232,6,94
716,,7,76,pauli_polynomial_steiner_gray_clifford,"[0, 5, 4, 6, 3, 2, 1]",360,315,56,115,226,6,97
717,,7,76,pauli_polynomial_steiner_gray_clifford,"[0, 6, 4, 5, 3, 2, 1]",363,313,55,113,228,8,96
718,,7,76,pauli_polynomial_steiner_gray_clifford,"[0, 5, 6, 4, 3, 2, 1]",353,317,61,122,242,3,89
719,,7,76,pauli_polynomial_steiner_gray_clifford,"[0, 6, 5, 4, 3, 2, 1]",337,293,58,117,226,6,97
720,,7,76,pauli_polynomial_steiner_gray_clifford,"[1, 0, 2, 3, 4, 5, 6]",341,295,57,115,229,6,96
721,,7,76,pauli_polynomial_steiner_gray_clifford,"[1, 0, 2, 3, 4, 6, 5]",347,302,59,117,239,4,90
722,,7,76,pauli_polynomial_steiner_gray_clifford,"[1, 0, 2, 3, 5, 4, 6]",360,331,56,116,231,8,95
723,,7,76,pauli_polynomial_steiner_gray_clifford,"[1, 0, 2, 3, 6, 4, 5]",364,319,54,112,223,7,98
724,,7,76,pauli_polynomial_steiner_gray_clifford,"[1, 0, 2, 3, 5, 6, 4]",340,301,57,119,238,5,90
725,,7,76,pauli_polynomial_steiner_gray_clifford,"[1, 0, 2, 3, 6, 5, 4]",367,328,53,113,220,6,99
726,,7,76,pauli_polynomial_steiner_gray_clifford,"[1, 0, 2, 4, 3, 5, 6]",358,319,57,114,237,4,92
727,,7,76,pauli_polynomial_steiner_gray_clifford,"[1, 0, 2, 4, 3, 6, 5]",352,311,58,116,229,3,95
728,,7,76,pauli_polynomial_steiner_gray_clifford,"[1, 0, 2, 5, 3, 4, 6]",324,291,58,118,233,5,94
729,,7,76,pauli_polynomial_steiner_gray_clifford,"[1, 0, 2, 6, 3, 4, 5]",359,312,55,109,211,6,104
730,,7,76,pauli_polynomial_steiner_gray_clifford,"[1, 0, 2, 5, 3, 6, 4]",355,322,56,121,224,5,97
731,,7,76,pauli_polynomial_steiner_gray_clifford,"[1, 0, 2, 6, 3, 5, 4]",345,311,52,110,210,7,104
732,,7,76,pauli_polynomial_steiner_gray_clifford,"[1, 0, 2, 4, 5, 3, 6]",382,331,52,107,221,7,100
733,,7,76,pauli_polynomial_steiner_gray_clifford,"[1, 0, 2, 4, 6, 3, 5]",366,328,57,113,231,5,94
734,,7,76,pauli_polynomial_steiner_gray_clifford,"[1, 0, 2, 5, 4, 3, 6]",335,293,54,110,215,6,103
735,,7,76,pauli_polynomial_steiner_gray_clifford,"[1, 0, 2, 6, 4, 3, 5]",333,298,59,111,229,5,95
736,,7,76,pauli_polynomial_steiner_gray_clifford,"[1, 0, 2, 5, 6, 3, 4]",345,309,56,119,222,3,98
737,,7,76,pauli_polynomial_steiner_gray_clifford,"[1, 0, 2, 6, 5, 3, 4]",350,315,56,114,226,4,96
738,,7,76,pauli_polynomial_steiner_gray_clifford,"[1, 0, 2, 4, 5, 6, 3]",347,305,53,105,223,6,100
739,,7,76,pauli_polynomial_steiner_gray_clifford,"[1, 0, 2, 4, 6, 5, 3]",346,307,57,109,241,5,91
740,,7,76,pauli_polynomial_steiner_gray_clifford,"[1, 0, 2, 5, 4, 6, 3]",352,309,53,108,219,7,102
741,,7,76,pauli_polynomial_steiner_gray_clifford,"[1, 0, 2, 6, 4, 5, 3]",356,307,56,107,223,8,100
742,,7,76,pauli_polynomial_steiner_gray_clifford,"[1, 0, 2, 5, 6, 4, 3]",352,311,57,114,235,4,94
743,,7,76,pauli_polynomial_steiner_gray_clifford,"[1, 0, 2, 6, 5, 4, 3]",349,310,56,109,221,6,101
744,,7,76,pauli_polynomial_steiner_gray_clifford,"[1, 0, 3, 2, 4, 5, 6]",361,317,60,120,231,5,95
745,,7,76,pauli_polynomial_steiner_gray_clifford,"[1, 0, 3, 2, 4, 6, 5]",358,316,63,122,241,3,89
746,,7,76,pauli_polynomial_steiner_gray_clifford,"[1, 0, 3, 2, 5, 4, 6]",341,295,60,121,227,6,97
747,,7,76,pauli_polynomial_steiner_gray_clifford,"[1, 0, 3, 2, 6, 4, 5]",368,320,58,117,223,6,98
748,,7,76,pauli_polynomial_steiner_gray_clifford,"[1, 0, 3, 2, 5, 6, 4]",351,307,62,124,234,3,92
749,,7,76,pauli_polynomial_steiner_gray_clifford,"[1, 0, 3, 2, 6, 5, 4]",346,314,57,118,220,5,99
750,,7,76,pauli_polynomial_steiner_gray_clifford,"[1, 0, 4, 2, 3, 5, 6]",370,328,58,119,235,4,93
751,,7,76,pauli_polynomial_steiner_gray_clifford,"[1, 0, 4, 2, 3, 6, 5]",360,322,59,121,227,3,96
752,,7,76,pauli_polynomial_steiner_gray_clifford,"[1, 0, 5, 2, 3, 4, 6]",350,307,64,129,241,2,90
753,,7,76,pauli_polynomial_steiner_gray_clifford,"[1, 0, 6, 2, 3, 4, 5]",344,299,58,114,221,5,99
754,,7,76,pauli_polynomial_steiner_gray_clifford,"[1, 0, 5, 2, 3, 6, 4]",362,317,63,132,232,2,93
755,,7,76,pauli_polynomial_steiner_gray_clifford,"[1, 0, 6, 2, 3, 5, 4]",370,331,56,115,220,6,99
756,,7,76,pauli_polynomial_steiner_gray_clifford,"[1, 0, 4, 2, 5, 3, 6]",340,296,56,112,221,4,100
757,,7,76,pauli_polynomial_steiner_gray_clifford,"[1, 0, 4, 2, 6, 3, 5]",377,330,59,118,217,4,101
758,,7,76,pauli_polynomial_steiner_gray_clifford,"[1, 0, 5, 2, 4, 3, 6]",341,296,62,121,231,1,95
759,,7,76,pauli_polynomial_steiner_gray_clifford,"[1, 0, 6, 2, 4, 3, 5]",360,316,63,116,229,3,95
760,,7,76,pauli_polynomial_steiner_gray_clifford,"[1, 0, 5, 2, 6, 3, 4]",368,326,62,130,220,1,99
761,,7,76,pauli_polynomial_steiner_gray_clifford,"[1, 0, 6, 2, 5, 3, 4]",354,306,60,119,222,3,98
762,,7,76,pauli_polynomial_steiner_gray_clifford,"[1, 0, 4, 2, 5, 6, 3]",328,289,56,110,223,3,100
763,,7,76,pauli_polynomial_steiner_gray_clifford,"[1, 0, 4, 2, 6, 5, 3]",349,311,58,114,227,4,98
764,,7,76,pauli_polynomial_steiner_gray_clifford,"[1, 0, 5, 2, 4, 6, 3]",332,295,61,119,235,2,94
765,,7,76,pauli_polynomial_steiner_gray_clifford,"[1, 0, 6, 2, 4, 5, 3]",357,313,59,112,223,6,100
766,,7,76,pauli_polynomial_steiner_gray_clifford,"[1, 0, 5, 2, 6, 4, 3]",337,306,62,125,233,2,95
767,,7,76,pauli_polynomial_steiner_gray_clifford,"[1, 0, 6, 2, 5, 4, 3]",347,303,58,114,217,5,103
768,,7,76,pauli_polynomial_steiner_gray_clifford,"[1, 0, 3, 4, 2, 5, 6]",344,304,61,120,233,2,94
769,,7,76,pauli_polynomial_steiner_gray_clifford,"[1, 0, 3, 4, 2, 6, 5]",364,319,62,122,229,2,95
770,,7,76,pauli_polynomial_steiner_gray_clifford,"[1, 0, 3, 5, 2, 4, 6]",345,303,60,124,235,4,93
771,,7,76,pauli_polynomial_steiner_gray_clifford,"[1, 0, 3, 6, 2, 4, 5]",357,320,56,117,213,5,103
772,,7,76,pauli_polynomial_steiner_gray_clifford,"[1, 0, 3, 5, 2, 6, 4]",360,312,59,127,224,4,97
773,,7,76,pauli_polynomial_steiner_gray_clifford,"[1, 0, 3, 6, 2, 5, 4]",363,326,54,118,206,5,106
774,,7,76,pauli_polynomial_steiner_gray_clifford,"[1, 0, 4, 3, 2, 5, 6]",347,303,59,120,229,3,96
775,,7,76,pauli_polynomial_steiner_gray_clifford,"[1, 0, 4, 3, 2, 6, 5]",332,286,59,122,225,3,97
776,,7,76,pauli_polynomial_steiner_gray_clifford,"[1, 0, 5, 3, 2, 4, 6]",345,303,62,130,247,3,87
777,,7,76,pauli_polynomial_steiner_gray_clifford,"[1, 0, 6, 3, 2, 4, 5]",342,306,55,117,223,5,98
778,,7,76,pauli_polynomial_steiner_gray_clifford,"[1, 0, 5, 3, 2, 6, 4]",360,312,61,133,236,3,91
779,,7,76,pauli_polynomial_steiner_gray_clifford,"[1, 0, 6, 3, 2, 5, 4]",360,314,54,118,216,5,101
780,,7,76,pauli_polynomial_steiner_gray_clifford,"[1, 0, 4, 5, 2, 3, 6]",339,295,53,112,213,6,104
781,,7,76,pauli_polynomial_steiner_gray_clifford,"[1, 0, 4, 6, 2, 3, 5]",344,305,58,119,227,5,96
782,,7,76,pauli_polynomial_steiner_gray_clifford,"[1, 0, 5, 4, 2, 3, 6]",347,303,57,118,229,4,96
783,,7,76,pauli_polynomial_steiner_gray_clifford,"[1, 0, 6, 4, 2, 3, 5]",347,301,60,119,241,4,89
784,,7,76,pauli_polynomial_steiner_gray_clifford,"[1, 0, 5, 6, 2, 3, 4]",379,334,62,133,234,1,92
785,,7,76,pauli_polynomial_steiner_gray_clifford,"[1, 0, 6, 5, 2, 3, 4]",337,297,60,127,232,2,93
786,,7,76,pauli_polynomial_steiner_gray_clifford,"[1, 0, 4, 5, 2, 6, 3]",358,309,52,110,205,6,109
787,,7,76,pauli_polynomial_steiner_gray_clifford,"[1, 0, 4, 6, 2, 5, 3]",335,292,57,115,223,5,100
788,,7,76,pauli_polynomial_steiner_gray_clifford,"[1, 0, 5, 4, 2, 6, 3]",328,287,57,116,221,4,101
789,,7,76,pauli_polynomial_steiner_gray_clifford,"[1, 0, 6, 4, 2, 5, 3]",352,316,59,115,237,4,93
790,,7,76,pauli_polynomial_steiner_gray_clifford,"[1, 0, 5, 6, 2, 4, 3]",340,299,63,128,237,1,93
791,,7,76,pauli_polynomial_steiner_gray_clifford,"[1, 0, 6, 5, 2, 4, 3]",342,302,60,122,235,2,94
792,,7,76,pauli_polynomial_steiner_gray_clifford,"[1, 0, 3, 4, 5, 2, 6]",319,276,58,114,215,5,103
793,,7,76,pauli_polynomial_steiner_gray_clifford,"[1, 0, 3, 4, 6, 2, 5]",334,295,60,119,225,3,97
794,,7,76,pauli_polynomial_steiner_gray_clifford,"[1, 0, 3, 5, 4, 2, 6]",336,293,57,117,221,6,100
795,,7,76,pauli_polynomial_steiner_gray_clifford,"[1, 0, 3, 6, 4, 2, 5]",369,320,59,119,227,3,96
796,,7,76,pauli_polynomial_steiner_gray_clifford,"[1, 0, 3, 5, 6, 2, 4]",339,300,59,127,228,3,95
797,,7,76,pauli_polynomial_steiner_gray_clifford,"[1, 0, 3, 6, 5, 2, 4]",363,328,59,124,224,2,97
798,,7,76,pauli_polynomial_steiner_gray_clifford,"[1, 0, 4, 3, 5, 2, 6]",347,303,58,114,219,4,101
799,,7,76,pauli_polynomial_steiner_gray_clifford,"[1, 0, 4, 3, 6, 2, 5]",331,301,58,119,211,3,104
800,,7,76,pauli_polynomial_steiner_gray_clifford,"[1, 0, 5, 3, 4, 2, 6]",334,295,62,123,235,2,93
801,,7,76,pauli_polynomial_steiner_gray_clifford,"[1, 0, 6, 3, 4, 2, 5]",358,314,59,119,225,2,97
802,,7,76,pauli_polynomial_steiner_gray_clifford,"[1, 0, 5, 3, 6, 2, 4]",369,338,61,133,226,2,96
803,,7,76,pauli_polynomial_steiner_gray_clifford,"[1, 0, 6, 3, 5, 2, 4]",345,308,58,124,224,3,97
804,,7,76,pauli_polynomial_steiner_gray_clifford,"[1, 0, 4, 5, 3, 2, 6]",342,303,54,113,217,7,102
805,,7,76,pauli_polynomial_steiner_gray_clifford,"[1, 0, 4, 6, 3, 2, 5]",323,289,57,119,223,4,98
806,,7,76,pauli_polynomial_steiner_gray_clifford,"[1, 0, 5, 4, 3, 2, 6]",348,312,59,119,227,4,97
807,,7,76,pauli_polynomial_steiner_gray_clifford,"[1, 0, 6, 4, 3, 2, 5]",335,297,59,119,235,3,92
808,,7,76,pauli_polynomial_steiner_gray_clifford,"[1, 0, 5, 6, 3, 2, 4]",373,327,63,135,236,1,91
809,,7,76,pauli_polynomial_steiner_gray_clifford,"[1, 0, 6, 5, 3, 2, 4]",350,310,60,129,238,3,90
810,,7,76,pauli_polynomial_steiner_gray_clifford,"[1, 0, 4, 5, 6, 2, 3]",327,295,55,114,219,6,102
811,,7,76,pauli_polynomial_steiner_gray_clifford,"[1, 0, 4, 6, 5, 2, 3]",338,294,58,115,233,4,95
812,,7,76,pauli_polynomial_steiner_gray_clifford,"[1, 0, 5, 4, 6, 2, 3]",370,321,59,120,231,5,96
813,,7,76,pauli_polynomial_steiner_gray_clifford,"[1, 0, 6, 4, 5, 2, 3]",336,281,57,115,229,6,97
814,,7,76,pauli_polynomial_steiner_gray_clifford,"[1, 0, 5, 6, 4, 2, 3]",348,300,64,126,249,2,87
815,,7,76,pauli_polynomial_steiner_gray_clifford,"[1, 0, 6, 5, 4, 2, 3]",344,304,59,120,233,5,95
816,,7,76,pauli_polynomial_steiner_gray_clifford,"[1, 0, 3, 4, 5, 6, 2]",332,298,57,112,218,5,102
817,,7,76,pauli_polynomial_steiner_gray_clifford,"[1, 0, 3, 4, 6, 5, 2]",331,289,58,115,232,3,95
818,,7,76,pauli_polynomial_steiner_gray_clifford,"[1, 0, 3, 5, 4, 6, 2]",337,300,55,115,220,7,101
819,,7,76,pauli_polynomial_steiner_gray_clifford,"[1, 0, 3, 6, 4, 5, 2]",342,303,54,115,216,6,103
820,,7,76,pauli_polynomial_steiner_gray_clifford,"[1, 0, 3, 5, 6, 4, 2]",357,320,58,122,238,4,92
821,,7,76,pauli_polynomial_steiner_gray_clifford,"[1, 0, 3, 6, 5, 4, 2]",325,292,56,119,220,5,101
822,,7,76,pauli_polynomial_steiner_gray_clifford,"[1, 0, 4, 3, 5, 6, 2]",334,295,55,112,222,4,100
823,,7,76,pauli_polynomial_steiner_gray_clifford,"[1, 0, 4, 3, 6, 5, 2]",330,293,55,115,218,3,102
824,,7,76,pauli_polynomial_steiner_gray_clifford,"[1, 0, 5, 3, 4, 6, 2]",357,304,59,121,234,3,94
825,,7,76,pauli_polynomial_steiner_gray_clifford,"[1, 0, 6, 3, 4, 5, 2]",358,321,54,115,214,5,104
826,,7,76,pauli_polynomial_steiner_gray_clifford,"[1, 0, 5, 3, 6, 4, 2]",334,290,59,128,236,3,93
827,,7,76,pauli_polynomial_steiner_gray_clifford,"[1, 0, 6, 3, 5, 4, 2]",316,283,54,119,220,6,101
828,,7,76,pauli_polynomial_steiner_gray_clifford,"[1, 0, 4, 5, 3, 6, 2]",336,296,51,111,206,7,108
829,,7,76,pauli_polynomial_steiner_gray_clifford,"[1, 0, 4, 6, 3, 5, 2]",331,288,53,115,220,5,101
830,,7,76,pauli_polynomial_steiner_gray_clifford,"[1, 0, 5, 4, 3, 6, 2]",345,301,57,117,216,4,103
831,,7,76,pauli_polynomial_steiner_gray_clifford,"[1, 0, 6, 4, 3, 5, 2]",342,292,56,115,232,4,95
832,,7,76,pauli_polynomial_steiner_gray_clifford,"[1, 0, 5, 6, 3, 4, 2]",347,306,62,130,234,1,94
833,,7,76,pauli_polynomial_steiner_gray_clifford,"[1, 0, 6, 5, 3, 4, 2]",336,295,59,124,236,3,93
834,,7,76,pauli_polynomial_steiner_gray_clifford,"[1, 0, 4, 5, 6, 3, 2]",344,297,53,114,216,6,103
835,,7,76,pauli_polynomial_steiner_gray_clifford,"[1, 0, 4, 6, 5, 3, 2]",332,291,55,115,234,5,94
836,,7,76,pauli_polynomial_steiner_gray_clifford,"[1, 0, 5, 4, 6, 3, 2]",340,299,57,120,228,5,97
837,,7,76,pauli_polynomial_steiner_gray_clifford,"[1, 0, 6, 4, 5, 3, 2]",337,300,55,115,230,7,96
838,,7,76,pauli_polynomial_steiner_gray_clifford,"[1, 0, 5, 6, 4, 3, 2]",365,320,62,126,244,2,89
839,,7,76,pauli_polynomial_steiner_gray_clifford,"[1, 0, 6, 5, 4, 3, 2]",365,325,58,120,228,5,97
840,,7,76,pauli_polynomial_steiner_gray_clifford,"[2, 0, 1, 3, 4, 5, 6]",333,294,54,100,227,7,101
841,,7,76,pauli_polynomial_steiner_gray_clifford,"[2, 0, 1, 3, 4, 6, 5]",331,298,55,102,237,5,95
842,,7,76,pauli_polynomial_steiner_gray_clifford,"[2, 0, 1, 3, 5, 4, 6]",333,294,54,101,229,9,100
843,,7,76,pauli_polynomial_steiner_gray_clifford,"[2, 0, 1, 3, 6, 4, 5]",334,291,53,97,221,8,103
844,,7,76,pauli_polynomial_steiner_gray_clifford,"[2, 0, 1, 3, 5, 6, 4]",333,300,56,104,236,6,95
845,,7,76,pauli_polynomial_steiner_gray_clifford,"[2, 0, 1, 3, 6, 5, 4]",354,317,54,98,218,7,104
846,,7,76,pauli_polynomial_steiner_gray_clifford,"[2, 0, 1, 4, 3, 5, 6]",362,321,53,99,229,5,100
847,,7,76,pauli_polynomial_steiner_gray_clifford,"[2, 0, 1, 4, 3, 6, 5]",356,311,53,101,221,4,103
848,,7,76,pauli_polynomial_steiner_gray_clifford,"[2, 0, 1, 5, 3, 4, 6]",350,305,57,103,239,6,95
849,,7,76,pauli_polynomial_steiner_gray_clifford,"[2, 0, 1, 6, 3, 4, 5]",347,314,54,94,213,7,107
850,,7,76,pauli_polynomial_steiner_gray_clifford,"[2, 0, 1, 5, 3, 6, 4]",344,301,56,106,230,6,98
851,,7,76,pauli_polynomial_steiner_gray_clifford,"[2, 0, 1, 6, 3, 5, 4]",351,311,53,95,212,8,107
852,,7,76,pauli_polynomial_steiner_gray_clifford,"[2, 0, 1, 4, 5, 3, 6]",329,292,50,92,213,8,108
853,,7,76,pauli_polynomial_steiner_gray_clifford,"[2, 0, 1, 4, 6, 3, 5]",348,314,52,98,223,6,102
854,,7,76,pauli_polynomial_steiner_gray_clifford,"[2, 0, 1, 5, 4, 3, 6]",325,285,54,95,221,7,104
855,,7,76,pauli_polynomial_steiner_gray_clifford,"[2, 0, 1, 6, 4, 3, 5]",370,328,55,96,231,6,98
856,,7,76,pauli_polynomial_steiner_gray_clifford,"[2, 0, 1, 5, 6, 3, 4]",327,289,57,104,228,4,99
857,,7,76,pauli_polynomial_steiner_gray_clifford,"[2, 0, 1, 6, 5, 3, 4]",334,305,56,99,228,5,99
858,,7,76,pauli_polynomial_steiner_gray_clifford,"[2, 0, 1, 4, 5, 6, 3]",351,312,52,90,215,7,108
859,,7,76,pauli_polynomial_steiner_gray_clifford,"[2, 0, 1, 4, 6, 5, 3]",343,304,54,94,233,6,99
860,,7,76,pauli_polynomial_steiner_gray_clifford,"[2, 0, 1, 5, 4, 6, 3]",342,296,54,93,225,8,103
861,,7,76,pauli_polynomial_steiner_gray_clifford,"[2, 0, 1, 6, 4, 5, 3]",337,297,54,92,225,9,103
862,,7,76,pauli_polynomial_steiner_gray_clifford,"[2, 0, 1, 5, 6, 4, 3]",364,326,58,99,241,5,95
863,,7,76,pauli_polynomial_steiner_gray_clifford,"[2, 0, 1, 6, 5, 4, 3]",349,303,56,94,223,7,104
864,,7,76,pauli_polynomial_steiner_gray_clifford,"[3, 0, 1, 2, 4, 5, 6]",338,293,54,105,226,7,102
865,,7,76,pauli_polynomial_steiner_gray_clifford,"[3, 0, 1, 2, 4, 6, 5]",350,310,58,107,236,5,96
866,,7,76,pauli_polynomial_steiner_gray_clifford,"[3, 0, 1, 2, 5, 4, 6]",343,292,54,106,222,8,104
867,,7,76,pauli_polynomial_steiner_gray_clifford,"[3, 0, 1, 2, 6, 4, 5]",370,328,53,102,218,8,105
868,,7,76,pauli_polynomial_steiner_gray_clifford,"[3, 0, 1, 2, 5, 6, 4]",345,310,58,109,229,5,99
869,,7,76,pauli_polynomial_steiner_gray_clifford,"[3, 0, 1, 2, 6, 5, 4]",332,300,53,103,215,7,106
870,,7,76,pauli_polynomial_steiner_gray_clifford,"[4, 0, 1, 2, 3, 5, 6]",345,302,56,110,227,6,99
871,,7,76,pauli_polynomial_steiner_gray_clifford,"[4, 0, 1, 2, 3, 6, 5]",363,318,55,112,219,5,102
872,,7,76,pauli_polynomial_steiner_gray_clifford,"[5, 0, 1, 2, 3, 4, 6]",310,267,62,125,240,4,93
873,,7,76,pauli_polynomial_steiner_gray_clifford,"[6, 0, 1, 2, 3, 4, 5]",343,297,58,103,224,7,101
874,,7,76,pauli_polynomial_steiner_gray_clifford,"[5, 0, 1, 2, 3, 6, 4]",357,320,60,128,231,4,96
875,,7,76,pauli_polynomial_steiner_gray_clifford,"[6, 0, 1, 2, 3, 5, 4]",337,289,57,104,223,8,101
876,,7,76,pauli_polynomial_steiner_gray_clifford,"[4, 0, 1, 2, 5, 3, 6]",327,292,55,103,213,6,106
877,,7,76,pauli_polynomial_steiner_gray_clifford,"[4, 0, 1, 2, 6, 3, 5]",337,288,52,109,209,6,107
878,,7,76,pauli_polynomial_steiner_gray_clifford,"[5, 0, 1, 2, 4, 3, 6]",346,304,61,117,230,3,98
879,,7,76,pauli_polynomial_steiner_gray_clifford,"[6, 0, 1, 2, 4, 3, 5]",360,323,60,105,232,5,97
880,,7,76,pauli_polynomial_steiner_gray_clifford,"[5, 0, 1, 2, 6, 3, 4]",350,305,58,126,219,3,102
881,,7,76,pauli_polynomial_steiner_gray_clifford,"[6, 0, 1, 2, 5, 3, 4]",341,299,60,108,225,5,100
882,,7,76,pauli_polynomial_steiner_gray_clifford,"[4, 0, 1, 2, 5, 6, 3]",345,301,55,101,215,5,106
883,,7,76,pauli_polynomial_steiner_gray_clifford,"[4, 0, 1, 2, 6, 5, 3]",331,289,53,105,219,6,104
884,,7,76,pauli_polynomial_steiner_gray_clifford,"[5, 0, 1, 2, 4, 6, 3]",319,284,60,115,234,4,97
885,,7,76,pauli_polynomial_steiner_gray_clifford,"[6, 0, 1, 2, 4, 5, 3]",331,282,55,101,226,8,102
886,,7,76,pauli_polynomial_steiner_gray_clifford,"[5, 0, 1, 2, 6, 4, 3]",348,300,59,121,232,4,98
887,,7,76,pauli_polynomial_steiner_gray_clifford,"[6, 0, 1, 2, 5, 4, 3]",347,300,56,103,220,7,105
888,,7,76,pauli_polynomial_steiner_gray_clifford,"[3, 0, 1, 4, 2, 5, 6]",347,299,56,105,230,3,100
889,,7,76,pauli_polynomial_steiner_gray_clifford,"[3, 0, 1, 4, 2, 6, 5]",353,315,58,107,226,3,101
890,,7,76,pauli_polynomial_steiner_gray_clifford,"[3, 0, 1, 5, 2, 4, 6]",346,308,57,109,240,4,95
891,,7,76,pauli_polynomial_steiner_gray_clifford,"[3, 0, 1, 6, 2, 4, 5]",348,299,53,102,218,6,105
892,,7,76,pauli_polynomial_steiner_gray_clifford,"[3, 0, 1, 5, 2, 6, 4]",366,318,58,112,229,4,99
893,,7,76,pauli_polynomial_steiner_gray_clifford,"[3, 0, 1, 6, 2, 5, 4]",356,313,52,103,211,6,108
894,,7,76,pauli_polynomial_steiner_gray_clifford,"[4, 0, 1, 3, 2, 5, 6]",349,313,59,111,229,4,98
895,,7,76,pauli_polynomial_steiner_gray_clifford,"[4, 0, 1, 3, 2, 6, 5]",365,320,57,113,225,4,99
896,,7,76,pauli_polynomial_steiner_gray_clifford,"[5, 0, 1, 3, 2, 4, 6]",358,318,62,126,248,3,89
897,,7,76,pauli_polynomial_steiner_gray_clifford,"[6, 0, 1, 3, 2, 4, 5]",354,310,57,106,232,6,97
898,,7,76,pauli_polynomial_steiner_gray_clifford,"[5, 0, 1, 3, 2, 6, 4]",356,310,60,129,237,3,93
899,,7,76,pauli_polynomial_steiner_gray_clifford,"[6, 0, 1, 3, 2, 5, 4]",346,305,57,107,225,6,100
900,,7,76,pauli_polynomial_steiner_gray_clifford,"[4, 0, 1, 5, 2, 3, 6]",359,313,57,103,223,4,101
901,,7,76,pauli_polynomial_steiner_gray_clifford,"[4, 0, 1, 6, 2, 3, 5]",354,318,53,110,219,5,102
902,,7,76,pauli_polynomial_steiner_gray_clifford,"[5, 0, 1, 4, 2, 3, 6]",326,283,59,114,232,2,97
903,,7,76,pauli_polynomial_steiner_gray_clifford,"[6, 0, 1, 4, 2, 3, 5]",347,306,58,108,234,4,96
904,,7,76,pauli_polynomial_steiner_gray_clifford,"[5, 0, 1, 6, 2, 3, 4]",354,309,58,129,229,2,97
905,,7,76,pauli_polynomial_steiner_gray_clifford,"[6, 0, 1, 5, 2, 3, 4]",334,288,61,116,235,3,95
906,,7,76,pauli_polynomial_steiner_gray_clifford,"[4, 0, 1, 5, 2, 6, 3]",335,295,56,101,215,4,106
907,,7,76,pauli_polynomial_steiner_gray_clifford,"[4, 0, 1, 6, 2, 5, 3]",335,292,54,106,215,5,106
908,,7,76,pauli_polynomial_steiner_gray_clifford,"[5, 0, 1, 4, 2, 6, 3]",345,311,59,112,224,2,102
909,,7,76,pauli_polynomial_steiner_gray_clifford,"[6, 0, 1, 4, 2, 5, 3]",352,309,56,104,230,4,100
910,,7,76,pauli_polynomial_steiner_gray_clifford,"[5, 0, 1, 6, 2, 4, 3]",356,310,60,124,232,2,98
911,,7,76,pauli_polynomial_steiner_gray_clifford,"[6, 0, 1, 5, 2, 4, 3]",322,279,59,111,238,3,96
912,,7,76,pauli_polynomial_steiner_gray_clifford,"[3, 0, 1, 4, 5, 2, 6]",334,289,52,99,212,6,109
913,,7,76,pauli_polynomial_steiner_gray_clifford,"[3, 0, 1, 4, 6, 2, 5]",349,310,55,104,222,4,103
914,,7,76,pauli_polynomial_steiner_gray_clifford,"[3, 0, 1, 5, 4, 2, 6]",320,276,53,102,226,6,102
915,,7,76,pauli_polynomial_steiner_gray_clifford,"[3, 0, 1, 6, 4, 2, 5]",346,305,55,104,232,4,98
916,,7,76,pauli_polynomial_steiner_gray_clifford,"[3, 0, 1, 5, 6, 2, 4]",370,330,58,112,233,3,97
917,,7,76,pauli_polynomial_steiner_gray_clifford,"[3, 0, 1, 6, 5, 2, 4]",323,285,57,109,229,3,99
918,,7,76,pauli_polynomial_steiner_gray_clifford,"[4, 0, 1, 3, 5, 2, 6]",335,300,57,105,219,5,103
919,,7,76,pauli_polynomial_steiner_gray_clifford,"[4, 0, 1, 3, 6, 2, 5]",354,307,55,110,211,4,106
920,,7,76,pauli_polynomial_steiner_gray_clifford,"[5, 0, 1, 3, 4, 2, 6]",337,300,60,119,236,2,95
921,,7,76,pauli_polynomial_steiner_gray_clifford,"[6, 0, 1, 3, 4, 2, 5]",336,300,57,108,234,3,96
922,,7,76,pauli_polynomial_steiner_gray_clifford,"[5, 0, 1, 3, 6, 2, 4]",340,302,60,129,227,2,98
923,,7,76,pauli_polynomial_steiner_gray_clifford,"[6, 0, 1, 3, 5, 2, 4]",331,287,59,113,233,4,96
924,,7,76,pauli_polynomial_steiner_gray_clifford,"[4, 0, 1, 5, 3, 2, 6]",334,291,56,104,227,5,99
925,,7,76,pauli_polynomial_steiner_gray_clifford,"[4, 0, 1, 6, 3, 2, 5]",323,289,54,110,215,4,104
926,,7,76,pauli_polynomial_steiner_gray_clifford,"[5, 0, 1, 4, 3, 2, 6]",354,306,58,115,230,2,98
927,,7,76,pauli_polynomial_steiner_gray_clifford,"[6, 0, 1, 4, 3, 2, 5]",347,307,56,108,228,3,99
928,,7,76,pauli_polynomial_steiner_gray_clifford,"[5, 0, 1, 6, 3, 2, 4]",351,321,60,131,231,2,96
929,,7,76,pauli_polynomial_steiner_gray_clifford,"[6, 0, 1, 5, 3, 2, 4]",363,321,60,118,241,4,92
930,,7,76,pauli_polynomial_steiner_gray_clifford,"[4, 0, 1, 5, 6, 2, 3]",342,299,56,105,229,4,99
931,,7,76,pauli_polynomial_steiner_gray_clifford,"[4, 0, 1, 6, 5, 2, 3]",338,294,56,106,225,4,101
932,,7,76,pauli_polynomial_steiner_gray_clifford,"[5, 0, 1, 4, 6, 2, 3]",349,298,58,116,234,3,97
933,,7,76,pauli_polynomial_steiner_gray_clifford,"[6, 0, 1, 4, 5, 2, 3]",338,302,53,104,222,6,104
934,,7,76,pauli_polynomial_steiner_gray_clifford,"[5, 0, 1, 6, 4, 2, 3]",352,305,60,122,244,3,92
935,,7,76,pauli_polynomial_steiner_gray_clifford,"[6, 0, 1, 5, 4, 2, 3]",349,300,55,109,236,6,97
936,,7,76,pauli_polynomial_steiner_gray_clifford,"[3, 0, 1, 4, 5, 6, 2]",338,302,55,97,215,6,108
937,,7,76,pauli_polynomial_steiner_gray_clifford,"[3, 0, 1, 4, 6, 5, 2]",349,306,56,100,229,4,101
938,,7,76,pauli_polynomial_steiner_gray_clifford,"[3, 0, 1, 5, 4, 6, 2]",328,288,55,100,225,7,103
939,,7,76,pauli_polynomial_steiner_gray_clifford,"[3, 0, 1, 6, 4, 5, 2]",357,322,53,100,221,7,105
940,,7,76,pauli_polynomial_steiner_gray_clifford,"[3, 0, 1, 5, 6, 4, 2]",350,319,59,107,243,4,94
941,,7,76,pauli_polynomial_steiner_gray_clifford,"[3, 0, 1, 6, 5, 4, 2]",372,318,56,104,225,6,103
942,,7,76,pauli_polynomial_steiner_gray_clifford,"[4, 0, 1, 3, 5, 6, 2]",341,295,56,103,222,5,102
943,,7,76,pauli_polynomial_steiner_gray_clifford,"[4, 0, 1, 3, 6, 5, 2]",327,293,56,106,218,4,104
944,,7,76,pauli_polynomial_steiner_gray_clifford,"[5, 0, 1, 3, 4, 6, 2]",344,299,58,117,235,3,96
945,,7,76,pauli_polynomial_steiner_gray_clifford,"[6, 0, 1, 3, 4, 5, 2]",344,302,54,104,223,6,103
946,,7,76,pauli_polynomial_steiner_gray_clifford,"[5, 0, 1, 3, 6, 4, 2]",344,309,60,124,237,3,95
947,,7,76,pauli_polynomial_steiner_gray_clifford,"[6, 0, 1, 3, 5, 4, 2]",344,302,56,108,229,7,100
948,,7,76,pauli_polynomial_steiner_gray_clifford,"[4, 0, 1, 5, 3, 6, 2]",340,300,55,102,216,5,105
949,,7,76,pauli_polynomial_steiner_gray_clifford,"[4, 0, 1, 6, 3, 5, 2]",337,288,54,106,212,5,107
950,,7,76,pauli_polynomial_steiner_gray_clifford,"[5, 0, 1, 4, 3, 6, 2]",338,294,57,113,219,2,104
951,,7,76,pauli_polynomial_steiner_gray_clifford,"[6, 0, 1, 4, 3, 5, 2]",330,284,55,104,225,4,102
952,,7,76,pauli_polynomial_steiner_gray_clifford,"[5, 0, 1, 6, 3, 4, 2]",338,300,61,126,229,2,99
953,,7,76,pauli_polynomial_steiner_gray_clifford,"[6, 0, 1, 5, 3, 4, 2]",338,290,60,113,239,4,95
954,,7,76,pauli_polynomial_steiner_gray_clifford,"[4, 0, 1, 5, 6, 3, 2]",344,306,56,105,226,4,100
955,,7,76,pauli_polynomial_steiner_gray_clifford,"[4, 0, 1, 6, 5, 3, 2]",332,291,55,106,226,5,100
956,,7,76,pauli_polynomial_steiner_gray_clifford,"[5, 0, 1, 4, 6, 3, 2]",346,307,57,116,231,3,98
957,,7,76,pauli_polynomial_steiner_gray_clifford,"[6, 0, 1, 4, 5, 3, 2]",355,307,54,104,223,7,103
958,,7,76,pauli_polynomial_steiner_gray_clifford,"[5, 0, 1, 6, 4, 3, 2]",361,319,59,122,239,3,94
959,,7,76,pauli_polynomial_steiner_gray_clifford,"[6, 0, 1, 5, 4, 3, 2]",316,267,57,109,231,6,99
960,,7,76,pauli_polynomial_steiner_gray_clifford,"[2, 0, 3, 1, 4, 5, 6]",356,310,56,103,221,8,104
961,,7,76,pauli_polynomial_steiner_gray_clifford,"[2, 0, 3, 1, 4, 6, 5]",351,301,57,105,231,6,98
962,,7,76,pauli_polynomial_steiner_gray_clifford,"[2, 0, 3, 1, 5, 4, 6]",334,299,57,104,231,9,99
963,,7,76,pauli_polynomial_steiner_gray_clifford,"[2, 0, 3, 1, 6, 4, 5]",345,291,55,100,223,9,102
964,,7,76,pauli_polynomial_steiner_gray_clifford,"[2, 0, 3, 1, 5, 6, 4]",367,324,59,107,238,6,94
965,,7,76,pauli_polynomial_steiner_gray_clifford,"[2, 0, 3, 1, 6, 5, 4]",373,327,56,101,220,8,103
966,,7,76,pauli_polynomial_steiner_gray_clifford,"[2, 0, 4, 1, 3, 5, 6]",341,299,53,102,225,7,102
967,,7,76,pauli_polynomial_steiner_gray_clifford,"[2, 0, 4, 1, 3, 6, 5]",340,293,53,104,217,6,105
968,,7,76,pauli_polynomial_steiner_gray_clifford,"[2, 0, 5, 1, 3, 4, 6]",335,302,58,108,245,5,92
969,,7,76,pauli_polynomial_steiner_gray_clifford,"[2, 0, 6, 1, 3, 4, 5]",321,295,53,95,221,8,103
970,,7,76,pauli_polynomial_steiner_gray_clifford,"[2, 0, 5, 1, 3, 6, 4]",365,324,60,111,236,5,95
971,,7,76,pauli_polynomial_steiner_gray_clifford,"[2, 0, 6, 1, 3, 5, 4]",343,302,55,96,220,9,103
972,,7,76,pauli_polynomial_steiner_gray_clifford,"[2, 0, 4, 1, 5, 3, 6]",345,304,53,95,219,7,105
973,,7,76,pauli_polynomial_steiner_gray_clifford,"[2, 0, 4, 1, 6, 3, 5]",338,294,53,101,211,7,108
974,,7,76,pauli_polynomial_steiner_gray_clifford,"[2, 0, 5, 1, 4, 3, 6]",331,293,57,100,229,4,100
975,,7,76,pauli_polynomial_steiner_gray_clifford,"[2, 0, 6, 1, 4, 3, 5]",348,306,55,97,223,6,102
976,,7,76,pauli_polynomial_steiner_gray_clifford,"[2, 0, 5, 1, 6, 3, 4]",344,312,60,109,228,4,99
977,,7,76,pauli_polynomial_steiner_gray_clifford,"[2, 0, 6, 1, 5, 3, 4]",339,296,58,100,230,6,98
978,,7,76,pauli_polynomial_steiner_gray_clifford,"[2, 0, 4, 1, 5, 6, 3]",344,298,54,93,221,6,105
979,,7,76,pauli_polynomial_steiner_gray_clifford,"[2, 0, 4, 1, 6, 5, 3]",339,296,54,97,221,7,105
980,,7,76,pauli_polynomial_steiner_gray_clifford,"[2, 0, 5, 1, 4, 6, 3]",344,300,59,98,233,5,99
981,,7,76,pauli_polynomial_steiner_gray_clifford,"[2, 0, 6, 1, 4, 5, 3]",361,316,56,93,217,9,107
982,,7,76,pauli_polynomial_steiner_gray_clifford,"[2, 0, 5, 1, 6, 4, 3]",352,315,60,104,241,5,95
983,,7,76,pauli_polynomial_steiner_gray_clifford,"[2, 0, 6, 1, 5, 4, 3]",339,298,57,95,225,8,103
984,,7,76,pauli_polynomial_steiner_gray_clifford,"[3, 0, 2, 1, 4, 5, 6]",345,299,53,103,218,9,106
985,,7,76,pauli_polynomial_steiner_gray_clifford,"[3, 0, 2, 1, 4, 6, 5]",329,290,56,105,228,7,100
986,,7,76,pauli_polynomial_steiner_gray_clifford,"[3, 0, 2, 1, 5, 4, 6]",332,294,53,104,228,10,101
987,,7,76,pauli_polynomial_steiner_gray_clifford,"[3, 0, 2, 1, 6, 4, 5]",362,321,51,100,220,10,104
988,,7,76,pauli_polynomial_steiner_gray_clifford,"[3, 0, 2, 1, 5, 6, 4]",343,307,56,107,235,7,96
989,,7,76,pauli_polynomial_steiner_gray_clifford,"[3, 0, 2, 1, 6, 5, 4]",313,277,51,101,217,9,105
990,,7,76,pauli_polynomial_steiner_gray_clifford,"[4, 0, 2, 1, 3, 5, 6]",352,308,55,108,225,8,100
991,,7,76,pauli_polynomial_steiner_gray_clifford,"[4, 0, 2, 1, 3, 6, 5]",361,316,54,110,217,7,103
992,,7,76,pauli_polynomial_steiner_gray_clifford,"[5, 0, 2, 1, 3, 4, 6]",318,281,57,119,238,6,94
993,,7,76,pauli_polynomial_steiner_gray_clifford,"[6, 0, 2, 1, 3, 4, 5]",370,324,54,99,222,9,102
994,,7,76,pauli_polynomial_steiner_gray_clifford,"[5, 0, 2, 1, 3, 6, 4]",355,318,57,122,229,6,97
995,,7,76,pauli_polynomial_steiner_gray_clifford,"[6, 0, 2, 1, 3, 5, 4]",370,324,55,100,221,10,102
996,,7,76,pauli_polynomial_steiner_gray_clifford,"[4, 0, 2, 1, 5, 3, 6]",354,307,54,101,219,8,103
997,,7,76,pauli_polynomial_steiner_gray_clifford,"[4, 0, 2, 1, 6, 3, 5]",352,302,51,107,211,8,106
998,,7,76,pauli_polynomial_steiner_gray_clifford,"[5, 0, 2, 1, 4, 3, 6]",345,297,56,111,222,5,102
999,,7,76,pauli_polynomial_steiner_gray_clifford,"[6, 0, 2, 1, 4, 3, 5]",350,305,56,101,224,7,101
1000,,7,76,pauli_polynomial_steiner_gray_clifford,"[5, 0, 2, 1, 6, 3, 4]",357,310,55,120,221,5,101
1001,,7,76,pauli_polynomial_steiner_gray_clifford,"[6, 0, 2, 1, 5, 3, 4]",325,286,58,104,231,7,97
1002,,7,76,pauli_polynomial_steiner_gray_clifford,"[4, 0, 2, 1, 5, 6, 3]",342,304,54,99,221,7,103
1003,,7,76,pauli_polynomial_steiner_gray_clifford,"[4, 0, 2, 1, 6, 5, 3]",364,326,52,103,221,8,103
1004,,7,76,pauli_polynomial_steiner_gray_clifford,"[5, 0, 2, 1, 4, 6, 3]",358,316,57,109,226,6,101
1005,,7,76,pauli_polynomial_steiner_gray_clifford,"[6, 0, 2, 1, 4, 5, 3]",338,292,54,97,218,10,106
1006,,7,76,pauli_polynomial_steiner_gray_clifford,"[5, 0, 2, 1, 6, 4, 3]",336,298,56,115,234,6,97
1007,,7,76,pauli_polynomial_steiner_gray_clifford,"[6, 0, 2, 1, 5, 4, 3]",341,298,55,99,226,9,102
1008,,7,76,pauli_polynomial_steiner_gray_clifford,"[3, 0, 4, 1, 2, 5, 6]",337,292,52,100,218,6,106
1009,,7,76,pauli_polynomial_steiner_gray_clifford,"[3, 0, 4, 1, 2, 6, 5]",342,303,51,102,214,6,107
1010,,7,76,pauli_polynomial_steiner_gray_clifford,"[3, 0, 5, 1, 2, 4, 6]",335,290,56,107,244,5,93
1011,,7,76,pauli_polynomial_steiner_gray_clifford,"[3, 0, 6, 1, 2, 4, 5]",329,286,49,98,220,8,104
1012,,7,76,pauli_polynomial_steiner_gray_clifford,"[3, 0, 5, 1, 2, 6, 4]",353,310,54,110,233,5,97
1013,,7,76,pauli_polynomial_steiner_gray_clifford,"[3, 0, 6, 1, 2, 5, 4]",356,314,48,99,213,8,107
1014,,7,76,pauli_polynomial_steiner_gray_clifford,"[4, 0, 3, 1, 2, 5, 6]",348,307,57,106,221,6,102
1015,,7,76,pauli_polynomial_steiner_gray_clifford,"[4, 0, 3, 1, 2, 6, 5]",361,316,53,108,217,6,103
1016,,7,76,pauli_polynomial_steiner_gray_clifford,"[5, 0, 3, 1, 2, 4, 6]",351,304,59,118,240,5,93
1017,,7,76,pauli_polynomial_steiner_gray_clifford,"[6, 0, 3, 1, 2, 4, 5]",326,289,54,102,224,8,101
1018,,7,76,pauli_polynomial_steiner_gray_clifford,"[5, 0, 3, 1, 2, 6, 4]",343,295,54,121,229,5,97
1019,,7,76,pauli_polynomial_steiner_gray_clifford,"[6, 0, 3, 1, 2, 5, 4]",370,322,53,103,217,8,104
1020,,7,76,pauli_polynomial_steiner_gray_clifford,"[4, 0, 5, 1, 2, 3, 6]",343,296,56,98,227,5,99
1021,,7,76,pauli_polynomial_steiner_gray_clifford,"[4, 0, 6, 1, 2, 3, 5]",344,308,52,108,221,7,101
1022,,7,76,pauli_polynomial_steiner_gray_clifford,"[5, 0, 4, 1, 2, 3, 6]",334,293,54,103,220,5,103
1023,,7,76,pauli_polynomial_steiner_gray_clifford,"[6, 0, 4, 1, 2, 3, 5]",343,297,55,106,222,7,102
1024,,7,76,pauli_polynomial_steiner_gray_clifford,"[5, 0, 6, 1, 2, 3, 4]",355,311,56,125,231,4,96
1025,,7,76,pauli_polynomial_steiner_gray_clifford,"[6, 0, 5, 1, 2, 3, 4]",333,302,61,118,239,4,93
1026,,7,76,pauli_polynomial_steiner_gray_clifford,"[4, 0, 5, 1, 2, 6, 3]",343,297,53,96,219,5,104
1027,,7,76,pauli_polynomial_steiner_gray_clifford,"[4, 0, 6, 1, 2, 5, 3]",338,291,53,104,217,7,105
1028,,7,76,pauli_polynomial_steiner_gray_clifford,"[5, 0, 4, 1, 2, 6, 3]",325,290,51,101,212,5,108
1029,,7,76,pauli_polynomial_steiner_gray_clifford,"[6, 0, 4, 1, 2, 5, 3]",326,278,53,102,218,7,106
1030,,7,76,pauli_polynomial_steiner_gray_clifford,"[5, 0, 6, 1, 2, 4, 3]",354,305,58,120,234,4,97
1031,,7,76,pauli_polynomial_steiner_gray_clifford,"[6, 0, 5, 1, 2, 4, 3]",330,297,60,113,242,4,94
1032,,7,76,pauli_polynomial_steiner_gray_clifford,"[3, 0, 4, 1, 5, 2, 6]",323,292,52,94,218,5,106
1033,,7,76,pauli_polynomial_steiner_gray_clifford,"[3, 0, 4, 1, 6, 2, 5]",352,308,50,99,210,5,109
1034,,7,76,pauli_polynomial_steiner_gray_clifford,"[3, 0, 5, 1, 4, 2, 6]",328,283,56,100,234,3,98
1035,,7,76,pauli_polynomial_steiner_gray_clifford,"[3, 0, 6, 1, 4, 2, 5]",347,309,53,100,224,4,102
1036,,7,76,pauli_polynomial_steiner_gray_clifford,"[3, 0, 5, 1, 6, 2, 4]",335,288,55,110,233,3,97
1037,,7,76,pauli_polynomial_steiner_gray_clifford,"[3, 0, 6, 1, 5, 2, 4]",340,300,54,105,231,4,98
1038,,7,76,pauli_polynomial_steiner_gray_clifford,"[4, 0, 3, 1, 5, 2, 6]",357,313,57,100,221,5,102
1039,,7,76,pauli_polynomial_steiner_gray_clifford,"[4, 0, 3, 1, 6, 2, 5]",369,327,52,105,213,5,105
1040,,7,76,pauli_polynomial_steiner_gray_clifford,"[5, 0, 3, 1, 4, 2, 6]",344,291,58,111,230,3,98
1041,,7,76,pauli_polynomial_steiner_gray_clifford,"[6, 0, 3, 1, 4, 2, 5]",353,309,55,104,228,4,99
1042,,7,76,pauli_polynomial_steiner_gray_clifford,"[5, 0, 3, 1, 6, 2, 4]",320,279,55,121,229,3,97
1043,,7,76,pauli_polynomial_steiner_gray_clifford,"[6, 0, 3, 1, 5, 2, 4]",335,293,57,109,235,4,95
1044,,7,76,pauli_polynomial_steiner_gray_clifford,"[4, 0, 5, 1, 3, 2, 6]",356,309,57,99,233,4,96
1045,,7,76,pauli_polynomial_steiner_gray_clifford,"[4, 0, 6, 1, 3, 2, 5]",346,316,54,108,223,5,100
1046,,7,76,pauli_polynomial_steiner_gray_clifford,"[5, 0, 4, 1, 3, 2, 6]",336,295,54,104,226,4,100
1047,,7,76,pauli_polynomial_steiner_gray_clifford,"[6, 0, 4, 1, 3, 2, 5]",364,326,54,106,224,5,101
1048,,7,76,pauli_polynomial_steiner_gray_clifford,"[5, 0, 6, 1, 3, 2, 4]",362,318,59,127,239,3,92
1049,,7,76,pauli_polynomial_steiner_gray_clifford,"[6, 0, 5, 1, 3, 2, 4]",375,330,62,120,247,3,89
1050,,7,76,pauli_polynomial_steiner_gray_clifford,"[4, 0, 5, 1, 6, 2, 3]",354,309,54,100,229,4,99
1051,,7,76,pauli_polynomial_steiner_gray_clifford,"[4, 0, 6, 1, 5, 2, 3]",350,318,56,104,227,5,100
1052,,7,76,pauli_polynomial_steiner_gray_clifford,"[5, 0, 4, 1, 6, 2, 3]",356,307,52,105,222,4,103
1053,,7,76,pauli_polynomial_steiner_gray_clifford,"[6, 0, 4, 1, 5, 2, 3]",346,300,54,102,228,5,101
1054,,7,76,pauli_polynomial_steiner_gray_clifford,"[5, 0, 6, 1, 4, 2, 3]",344,305,60,118,236,3,96
1055,,7,76,pauli_polynomial_steiner_gray_clifford,"[6, 0, 5, 1, 4, 2, 3]",348,309,60,111,244,3,93
1056,,7,76,pauli_polynomial_steiner_gray_clifford,"[3, 0, 4, 1, 5, 6, 2]",336,294,54,92,221,5,105
1057,,7,76,pauli_polynomial_steiner_gray_clifford,"[3, 0, 4, 1, 6, 5, 2]",336,297,53,95,217,5,107
1058,,7,76,pauli_polynomial_steiner_gray_clifford,"[3, 0, 5, 1, 4, 6, 2]",347,297,57,98,233,4,99
1059,,7,76,pauli_polynomial_steiner_gray_clifford,"[3, 0, 6, 1, 4, 5, 2]",349,305,51,96,213,7,109
1060,,7,76,pauli_polynomial_steiner_gray_clifford,"[3, 0, 5, 1, 6, 4, 2]",352,304,58,105,243,4,94
1061,,7,76,pauli_polynomial_steiner_gray_clifford,"[3, 0, 6, 1, 5, 4, 2]",327,294,53,100,227,7,102
1062,,7,76,pauli_polynomial_steiner_gray_clifford,"[4, 0, 3, 1, 5, 6, 2]",320,280,57,98,224,5,101
1063,,7,76,pauli_polynomial_steiner_gray_clifford,"[4, 0, 3, 1, 6, 5, 2]",342,299,56,101,220,5,103
1064,,7,76,pauli_polynomial_steiner_gray_clifford,"[5, 0, 3, 1, 4, 6, 2]",359,310,56,109,229,4,99
1065,,7,76,pauli_polynomial_steiner_gray_clifford,"[6, 0, 3, 1, 4, 5, 2]",349,310,52,100,217,7,106
1066,,7,76,pauli_polynomial_steiner_gray_clifford,"[5, 0, 3, 1, 6, 4, 2]",365,313,58,116,239,4,94
1067,,7,76,pauli_polynomial_steiner_gray_clifford,"[6, 0, 3, 1, 5, 4, 2]",347,309,55,104,231,7,99
1068,,7,76,pauli_polynomial_steiner_gray_clifford,"[4, 0, 5, 1, 3, 6, 2]",334,294,57,97,222,4,102
1069,,7,76,pauli_polynomial_steiner_gray_clifford,"[4, 0, 6, 1, 3, 5, 2]",339,296,55,104,220,6,103
1070,,7,76,pauli_polynomial_steiner_gray_clifford,"[5, 0, 4, 1, 3, 6, 2]",322,290,53,102,215,4,106
1071,,7,76,pauli_polynomial_steiner_gray_clifford,"[6, 0, 4, 1, 3, 5, 2]",352,306,53,102,221,6,104
1072,,7,76,pauli_polynomial_steiner_gray_clifford,"[5, 0, 6, 1, 3, 4, 2]",352,307,58,122,237,3,95
1073,,7,76,pauli_polynomial_steiner_gray_clifford,"[6, 0, 5, 1, 3, 4, 2]",341,296,60,115,245,3,92
1074,,7,76,pauli_polynomial_steiner_gray_clifford,"[4, 0, 5, 1, 6, 3, 2]",350,301,57,100,226,4,100
1075,,7,76,pauli_polynomial_steiner_gray_clifford,"[4, 0, 6, 1, 5, 3, 2]",332,291,56,104,228,6,99
1076,,7,76,pauli_polynomial_steiner_gray_clifford,"[5, 0, 4, 1, 6, 3, 2]",334,298,54,105,219,4,104
1077,,7,76,pauli_polynomial_steiner_gray_clifford,"[6, 0, 4, 1, 5, 3, 2]",325,289,55,102,229,6,100
1078,,7,76,pauli_polynomial_steiner_gray_clifford,"[5, 0, 6, 1, 4, 3, 2]",352,321,57,118,231,3,98
1079,,7,76,pauli_polynomial_steiner_gray_clifford,"[6, 0, 5, 1, 4, 3, 2]",341,295,59,111,239,3,95
1080,,7,76,pauli_polynomial_steiner_gray_clifford,"[2, 0, 3, 4, 1, 5, 6]",357,306,57,105,231,5,99
1081,,7,76,pauli_polynomial_steiner_gray_clifford,"[2, 0, 3, 4, 1, 6, 5]",333,297,56,107,223,5,102
1082,,7,76,pauli_polynomial_steiner_gray_clifford,"[2, 0, 3, 5, 1, 4, 6]",352,306,58,106,233,7,98
1083,,7,76,pauli_polynomial_steiner_gray_clifford,"[2, 0, 3, 6, 1, 4, 5]",323,287,53,99,207,8,110
1084,,7,76,pauli_polynomial_steiner_gray_clifford,"[2, 0, 3, 5, 1, 6, 4]",353,315,57,109,232,7,97
1085,,7,76,pauli_polynomial_steiner_gray_clifford,"[2, 0, 3, 6, 1, 5, 4]",356,318,53,100,214,8,106
1086,,7,76,pauli_polynomial_steiner_gray_clifford,"[2, 0, 4, 3, 1, 5, 6]",327,295,55,105,233,6,98
1087,,7,76,pauli_polynomial_steiner_gray_clifford,"[2, 0, 4, 3, 1, 6, 5]",335,304,54,107,225,6,101
1088,,7,76,pauli_polynomial_steiner_gray_clifford,"[2, 0, 5, 3, 1, 4, 6]",362,318,56,108,237,6,96
1089,,7,76,pauli_polynomial_steiner_gray_clifford,"[2, 0, 6, 3, 1, 4, 5]",334,303,50,97,213,8,107
1090,,7,76,pauli_polynomial_steiner_gray_clifford,"[2, 0, 5, 3, 1, 6, 4]",366,320,58,111,236,6,95
1091,,7,76,pauli_polynomial_steiner_gray_clifford,"[2, 0, 6, 3, 1, 5, 4]",360,317,53,98,220,8,103
1092,,7,76,pauli_polynomial_steiner_gray_clifford,"[2, 0, 4, 5, 1, 3, 6]",344,300,52,94,217,9,106
1093,,7,76,pauli_polynomial_steiner_gray_clifford,"[2, 0, 4, 6, 1, 3, 5]",339,305,55,104,227,8,100
1094,,7,76,pauli_polynomial_steiner_gray_clifford,"[2, 0, 5, 4, 1, 3, 6]",322,278,52,96,219,7,105
1095,,7,76,pauli_polynomial_steiner_gray_clifford,"[2, 0, 6, 4, 1, 3, 5]",350,304,54,102,231,7,98
1096,,7,76,pauli_polynomial_steiner_gray_clifford,"[2, 0, 5, 6, 1, 3, 4]",330,293,57,108,234,4,96
1097,,7,76,pauli_polynomial_steiner_gray_clifford,"[2, 0, 6, 5, 1, 3, 4]",361,314,56,104,236,5,95
1098,,7,76,pauli_polynomial_steiner_gray_clifford,"[2, 0, 4, 5, 1, 6, 3]",334,297,52,92,213,9,109
1099,,7,76,pauli_polynomial_steiner_gray_clifford,"[2, 0, 4, 6, 1, 5, 3]",339,303,56,100,231,8,100
1100,,7,76,pauli_polynomial_steiner_gray_clifford,"[2, 0, 5, 4, 1, 6, 3]",324,286,55,94,215,7,108
1101,,7,76,pauli_polynomial_steiner_gray_clifford,"[2, 0, 6, 4, 1, 5, 3]",345,300,58,98,235,7,98
1102,,7,76,pauli_polynomial_steiner_gray_clifford,"[2, 0, 5, 6, 1, 4, 3]",358,315,58,103,231,4,100
1103,,7,76,pauli_polynomial_steiner_gray_clifford,"[2, 0, 6, 5, 1, 4, 3]",362,318,57,99,233,5,99
1104,,7,76,pauli_polynomial_steiner_gray_clifford,"[3, 0, 2, 4, 1, 5, 6]",357,313,56,105,236,5,97
1105,,7,76,pauli_polynomial_steiner_gray_clifford,"[3, 0, 2, 4, 1, 6, 5]",347,307,57,107,228,5,100
1106,,7,76,pauli_polynomial_steiner_gray_clifford,"[3, 0, 2, 5, 1, 4, 6]",352,308,56,106,232,6,99
1107,,7,76,pauli_polynomial_steiner_gray_clifford,"[3, 0, 2, 6, 1, 4, 5]",329,295,51,99,210,8,109
1108,,7,76,pauli_polynomial_steiner_gray_clifford,"[3, 0, 2, 5, 1, 6, 4]",343,302,56,109,231,6,98
1109,,7,76,pauli_polynomial_steiner_gray_clifford,"[3, 0, 2, 6, 1, 5, 4]",328,284,50,100,217,8,105
1110,,7,76,pauli_polynomial_steiner_gray_clifford,"[4, 0, 2, 3, 1, 5, 6]",376,335,58,111,235,6,95
1111,,7,76,pauli_polynomial_steiner_gray_clifford,"[4, 0, 2, 3, 1, 6, 5]",347,303,56,113,227,6,98
1112,,7,76,pauli_polynomial_steiner_gray_clifford,"[5, 0, 2, 3, 1, 4, 6]",360,324,58,119,240,5,93
1113,,7,76,pauli_polynomial_steiner_gray_clifford,"[6, 0, 2, 3, 1, 4, 5]",350,312,53,101,224,8,101
1114,,7,76,pauli_polynomial_steiner_gray_clifford,"[5, 0, 2, 3, 1, 6, 4]",347,311,58,122,239,5,92
1115,,7,76,pauli_polynomial_steiner_gray_clifford,"[6, 0, 2, 3, 1, 5, 4]",323,284,55,102,231,8,97
1116,,7,76,pauli_polynomial_steiner_gray_clifford,"[4, 0, 2, 5, 1, 3, 6]",327,287,56,100,221,6,102
1117,,7,76,pauli_polynomial_steiner_gray_clifford,"[4, 0, 2, 6, 1, 3, 5]",339,297,54,110,217,7,103
1118,,7,76,pauli_polynomial_steiner_gray_clifford,"[5, 0, 2, 4, 1, 3, 6]",362,321,56,107,230,4,98
1119,,7,76,pauli_polynomial_steiner_gray_clifford,"[6, 0, 2, 4, 1, 3, 5]",343,302,57,106,232,6,97
1120,,7,76,pauli_polynomial_steiner_gray_clifford,"[5, 0, 2, 6, 1, 3, 4]",348,310,53,119,227,4,98
1121,,7,76,pauli_polynomial_steiner_gray_clifford,"[6, 0, 2, 5, 1, 3, 4]",326,284,56,108,233,5,96
1122,,7,76,pauli_polynomial_steiner_gray_clifford,"[4, 0, 2, 5, 1, 6, 3]",339,296,55,98,217,6,105
1123,,7,76,pauli_polynomial_steiner_gray_clifford,"[4, 0, 2, 6, 1, 5, 3]",367,326,55,106,221,7,103
1124,,7,76,pauli_polynomial_steiner_gray_clifford,"[5, 0, 2, 4, 1, 6, 3]",338,296,58,105,226,4,101
1125,,7,76,pauli_polynomial_steiner_gray_clifford,"[6, 0, 2, 4, 1, 5, 3]",341,298,58,102,236,6,97
1126,,7,76,pauli_polynomial_steiner_gray_clifford,"[5, 0, 2, 6, 1, 4, 3]",356,321,55,114,224,4,102
1127,,7,76,pauli_polynomial_steiner_gray_clifford,"[6, 0, 2, 5, 1, 4, 3]",343,304,55,103,230,5,100
1128,,7,76,pauli_polynomial_steiner_gray_clifford,"[3, 0, 4, 2, 1, 5, 6]",344,306,53,102,232,6,99
1129,,7,76,pauli_polynomial_steiner_gray_clifford,"[3, 0, 4, 2, 1, 6, 5]",352,307,52,104,224,6,102
1130,,7,76,pauli_polynomial_steiner_gray_clifford,"[3, 0, 5, 2, 1, 4, 6]",347,305,56,106,230,5,100
1131,,7,76,pauli_polynomial_steiner_gray_clifford,"[3, 0, 6, 2, 1, 4, 5]",351,300,49,97,210,8,109
1132,,7,76,pauli_polynomial_steiner_gray_clifford,"[3, 0, 5, 2, 1, 6, 4]",346,303,54,109,229,5,99
1133,,7,76,pauli_polynomial_steiner_gray_clifford,"[3, 0, 6, 2, 1, 5, 4]",328,288,48,98,217,8,105
1134,,7,76,pauli_polynomial_steiner_gray_clifford,"[4, 0, 3, 2, 1, 5, 6]",359,314,57,108,229,6,98
1135,,7,76,pauli_polynomial_steiner_gray_clifford,"[4, 0, 3, 2, 1, 6, 5]",347,313,53,110,221,6,101
1136,,7,76,pauli_polynomial_steiner_gray_clifford,"[5, 0, 3, 2, 1, 4, 6]",363,336,60,117,234,5,96
1137,,7,76,pauli_polynomial_steiner_gray_clifford,"[6, 0, 3, 2, 1, 4, 5]",331,288,54,101,218,8,104
1138,,7,76,pauli_polynomial_steiner_gray_clifford,"[5, 0, 3, 2, 1, 6, 4]",342,304,55,120,233,5,95
1139,,7,76,pauli_polynomial_steiner_gray_clifford,"[6, 0, 3, 2, 1, 5, 4]",353,315,53,102,225,8,100
1140,,7,76,pauli_polynomial_steiner_gray_clifford,"[4, 0, 5, 2, 1, 3, 6]",365,319,56,97,219,5,103
1141,,7,76,pauli_polynomial_steiner_gray_clifford,"[4, 0, 6, 2, 1, 3, 5]",338,296,54,110,217,7,103
1142,,7,76,pauli_polynomial_steiner_gray_clifford,"[5, 0, 4, 2, 1, 3, 6]",340,303,56,102,226,5,100
1143,,7,76,pauli_polynomial_steiner_gray_clifford,"[6, 0, 4, 2, 1, 3, 5]",323,285,58,108,228,7,99
1144,,7,76,pauli_polynomial_steiner_gray_clifford,"[5, 0, 6, 2, 1, 3, 4]",338,295,54,121,227,4,98
1145,,7,76,pauli_polynomial_steiner_gray_clifford,"[6, 0, 5, 2, 1, 3, 4]",372,323,58,114,231,4,97
1146,,7,76,pauli_polynomial_steiner_gray_clifford,"[4, 0, 5, 2, 1, 6, 3]",341,296,53,95,215,5,106
1147,,7,76,pauli_polynomial_steiner_gray_clifford,"[4, 0, 6, 2, 1, 5, 3]",361,326,55,106,221,7,103
1148,,7,76,pauli_polynomial_steiner_gray_clifford,"[5, 0, 4, 2, 1, 6, 3]",327,282,53,100,222,5,103
1149,,7,76,pauli_polynomial_steiner_gray_clifford,"[6, 0, 4, 2, 1, 5, 3]",338,299,56,104,232,7,99
1150,,7,76,pauli_polynomial_steiner_gray_clifford,"[5, 0, 6, 2, 1, 4, 3]",344,299,56,116,224,4,102
1151,,7,76,pauli_polynomial_steiner_gray_clifford,"[6, 0, 5, 2, 1, 4, 3]",338,294,57,109,228,4,101
1152,,7,76,pauli_polynomial_steiner_gray_clifford,"[3, 0, 4, 5, 1, 2, 6]",332,296,46,89,214,9,108
1153,,7,76,pauli_polynomial_steiner_gray_clifford,"[3, 0, 4, 6, 1, 2, 5]",334,287,49,99,220,7,104
1154,,7,76,pauli_polynomial_steiner_gray_clifford,"[3, 0, 5, 4, 1, 2, 6]",320,282,49,92,216,7,107
1155,,7,76,pauli_polynomial_steiner_gray_clifford,"[3, 0, 6, 4, 1, 2, 5]",329,281,52,100,224,6,102
1156,,7,76,pauli_polynomial_steiner_gray_clifford,"[3, 0, 5, 6, 1, 2, 4]",362,319,55,109,233,4,97
1157,,7,76,pauli_polynomial_steiner_gray_clifford,"[3, 0, 6, 5, 1, 2, 4]",320,290,55,107,235,5,96
1158,,7,76,pauli_polynomial_steiner_gray_clifford,"[4, 0, 3, 5, 1, 2, 6]",340,305,52,95,219,7,103
1159,,7,76,pauli_polynomial_steiner_gray_clifford,"[4, 0, 3, 6, 1, 2, 5]",378,338,50,105,207,6,108
1160,,7,76,pauli_polynomial_steiner_gray_clifford,"[5, 0, 3, 4, 1, 2, 6]",362,321,54,103,222,4,102
1161,,7,76,pauli_polynomial_steiner_gray_clifford,"[6, 0, 3, 4, 1, 2, 5]",355,310,54,104,220,5,103
1162,,7,76,pauli_polynomial_steiner_gray_clifford,"[5, 0, 3, 6, 1, 2, 4]",350,301,54,120,223,4,100
1163,,7,76,pauli_polynomial_steiner_gray_clifford,"[6, 0, 3, 5, 1, 2, 4]",323,277,56,111,233,6,96
1164,,7,76,pauli_polynomial_steiner_gray_clifford,"[4, 0, 5, 3, 1, 2, 6]",343,301,53,95,223,6,101
1165,,7,76,pauli_polynomial_steiner_gray_clifford,"[4, 0, 6, 3, 1, 2, 5]",342,291,53,108,213,6,105
1166,,7,76,pauli_polynomial_steiner_gray_clifford,"[5, 0, 4, 3, 1, 2, 6]",337,299,52,100,224,5,101
1167,,7,76,pauli_polynomial_steiner_gray_clifford,"[6, 0, 4, 3, 1, 2, 5]",349,299,54,106,222,6,102
1168,,7,76,pauli_polynomial_steiner_gray_clifford,"[5, 0, 6, 3, 1, 2, 4]",326,285,58,124,229,4,97
1169,,7,76,pauli_polynomial_steiner_gray_clifford,"[6, 0, 5, 3, 1, 2, 4]",351,313,60,117,237,5,94
1170,,7,76,pauli_polynomial_steiner_gray_clifford,"[4, 0, 5, 6, 1, 2, 3]",353,317,55,101,229,5,99
1171,,7,76,pauli_polynomial_steiner_gray_clifford,"[4, 0, 6, 5, 1, 2, 3]",361,313,57,104,231,6,98
1172,,7,76,pauli_polynomial_steiner_gray_clifford,"[5, 0, 4, 6, 1, 2, 3]",349,305,53,106,232,6,98
1173,,7,76,pauli_polynomial_steiner_gray_clifford,"[6, 0, 4, 5, 1, 2, 3]",344,295,52,102,224,9,103
1174,,7,76,pauli_polynomial_steiner_gray_clifford,"[5, 0, 6, 4, 1, 2, 3]",335,290,59,113,236,5,96
1175,,7,76,pauli_polynomial_steiner_gray_clifford,"[6, 0, 5, 4, 1, 2, 3]",349,300,56,106,226,7,102
1176,,7,76,pauli_polynomial_steiner_gray_clifford,"[3, 0, 4, 5, 1, 6, 2]",351,310,49,87,213,8,109
1177,,7,76,pauli_polynomial_steiner_gray_clifford,"[3, 0, 4, 6, 1, 5, 2]",351,311,53,95,227,6,102
1178,,7,76,pauli_polynomial_steiner_gray_clifford,"[3, 0, 5, 4, 1, 6, 2]",322,279,52,90,215,6,108
1179,,7,76,pauli_polynomial_steiner_gray_clifford,"[3, 0, 6, 4, 1, 5, 2]",371,327,54,96,231,5,100
1180,,7,76,pauli_polynomial_steiner_gray_clifford,"[3, 0, 5, 6, 1, 4, 2]",363,318,60,104,233,3,99
1181,,7,76,pauli_polynomial_steiner_gray_clifford,"[3, 0, 6, 5, 1, 4, 2]",308,275,58,102,235,4,98
1182,,7,76,pauli_polynomial_steiner_gray_clifford,"[4, 0, 3, 5, 1, 6, 2]",344,306,53,93,218,6,104
1183,,7,76,pauli_polynomial_steiner_gray_clifford,"[4, 0, 3, 6, 1, 5, 2]",356,311,55,101,214,5,106
1184,,7,76,pauli_polynomial_steiner_gray_clifford,"[5, 0, 3, 4, 1, 6, 2]",366,326,54,101,221,3,103
1185,,7,76,pauli_polynomial_steiner_gray_clifford,"[6, 0, 3, 4, 1, 5, 2]",341,296,55,100,227,4,101
1186,,7,76,pauli_polynomial_steiner_gray_clifford,"[5, 0, 3, 6, 1, 4, 2]",351,308,59,115,223,3,102
1187,,7,76,pauli_polynomial_steiner_gray_clifford,"[6, 0, 3, 5, 1, 4, 2]",324,282,58,106,233,5,98
1188,,7,76,pauli_polynomial_steiner_gray_clifford,"[4, 0, 5, 3, 1, 6, 2]",353,306,54,93,222,5,102
1189,,7,76,pauli_polynomial_steiner_gray_clifford,"[4, 0, 6, 3, 1, 5, 2]",343,302,56,104,220,5,103
1190,,7,76,pauli_polynomial_steiner_gray_clifford,"[5, 0, 4, 3, 1, 6, 2]",334,293,52,98,223,4,102
1191,,7,76,pauli_polynomial_steiner_gray_clifford,"[6, 0, 4, 3, 1, 5, 2]",334,303,55,102,229,5,100
1192,,7,76,pauli_polynomial_steiner_gray_clifford,"[5, 0, 6, 3, 1, 4, 2]",335,286,58,119,229,3,99
1193,,7,76,pauli_polynomial_steiner_gray_clifford,"[6, 0, 5, 3, 1, 4, 2]",354,312,59,112,237,4,96
1194,,7,76,pauli_polynomial_steiner_gray_clifford,"[4, 0, 5, 6, 1, 3, 2]",338,296,59,101,232,4,97
1195,,7,76,pauli_polynomial_steiner_gray_clifford,"[4, 0, 6, 5, 1, 3, 2]",361,312,59,104,234,5,96
1196,,7,76,pauli_polynomial_steiner_gray_clifford,"[5, 0, 4, 6, 1, 3, 2]",331,285,56,106,235,5,96
1197,,7,76,pauli_polynomial_steiner_gray_clifford,"[6, 0, 4, 5, 1, 3, 2]",333,294,55,102,227,8,101
1198,,7,76,pauli_polynomial_steiner_gray_clifford,"[5, 0, 6, 4, 1, 3, 2]",350,299,57,113,239,4,94
1199,,7,76,pauli_polynomial_steiner_gray_clifford,"[6, 0, 5, 4, 1, 3, 2]",347,301,56,106,229,6,100
1200,,7,76,pauli_polynomial_steiner_gray_clifford,"[2, 0, 3, 4, 5, 1, 6]",347,304,57,104,223,8,103
1201,,7,76,pauli_polynomial_steiner_gray_clifford,"[2, 0, 3, 4, 6, 1, 5]",357,311,58,111,233,6,97
1202,,7,76,pauli_polynomial_steiner_gray_clifford,"[2, 0, 3, 5, 4, 1, 6]",343,310,57,104,215,9,107
1203,,7,76,pauli_polynomial_steiner_gray_clifford,"[2, 0, 3, 6, 4, 1, 5]",326,290,57,108,225,6,101
1204,,7,76,pauli_polynomial_steiner_gray_clifford,"[2, 0, 3, 5, 6, 1, 4]",352,320,58,109,222,6,102
1205,,7,76,pauli_polynomial_steiner_gray_clifford,"[2, 0, 3, 6, 5, 1, 4]",370,320,57,106,222,5,102
1206,,7,76,pauli_polynomial_steiner_gray_clifford,"[2, 0, 4, 3, 5, 1, 6]",354,308,57,104,227,7,101
1207,,7,76,pauli_polynomial_steiner_gray_clifford,"[2, 0, 4, 3, 6, 1, 5]",347,311,57,111,219,6,104
1208,,7,76,pauli_polynomial_steiner_gray_clifford,"[2, 0, 5, 3, 4, 1, 6]",335,290,58,106,229,5,100
1209,,7,76,pauli_polynomial_steiner_gray_clifford,"[2, 0, 6, 3, 4, 1, 5]",359,320,55,106,223,5,102
1210,,7,76,pauli_polynomial_steiner_gray_clifford,"[2, 0, 5, 3, 6, 1, 4]",340,302,59,111,220,5,103
1211,,7,76,pauli_polynomial_steiner_gray_clifford,"[2, 0, 6, 3, 5, 1, 4]",349,315,56,104,222,6,102
1212,,7,76,pauli_polynomial_steiner_gray_clifford,"[2, 0, 4, 5, 3, 1, 6]",341,296,54,100,217,10,106
1213,,7,76,pauli_polynomial_steiner_gray_clifford,"[2, 0, 4, 6, 3, 1, 5]",362,318,58,111,227,7,100
1214,,7,76,pauli_polynomial_steiner_gray_clifford,"[2, 0, 5, 4, 3, 1, 6]",348,314,55,102,227,7,101
1215,,7,76,pauli_polynomial_steiner_gray_clifford,"[2, 0, 6, 4, 3, 1, 5]",363,319,57,109,239,6,94
1216,,7,76,pauli_polynomial_steiner_gray_clifford,"[2, 0, 5, 6, 3, 1, 4]",346,302,58,110,226,4,100
1217,,7,76,pauli_polynomial_steiner_gray_clifford,"[2, 0, 6, 5, 3, 1, 4]",335,300,56,106,228,6,99
1218,,7,76,pauli_polynomial_steiner_gray_clifford,"[2, 0, 4, 5, 6, 1, 3]",360,318,55,99,219,9,106
1219,,7,76,pauli_polynomial_steiner_gray_clifford,"[2, 0, 4, 6, 5, 1, 3]",343,297,59,103,237,7,97
1220,,7,76,pauli_polynomial_steiner_gray_clifford,"[2, 0, 5, 4, 6, 1, 3]",356,310,57,101,231,8,100
1221,,7,76,pauli_polynomial_steiner_gray_clifford,"[2, 0, 6, 4, 5, 1, 3]",342,296,58,101,233,9,99
1222,,7,76,pauli_polynomial_steiner_gray_clifford,"[2, 0, 5, 6, 4, 1, 3]",352,304,59,104,239,5,96
1223,,7,76,pauli_polynomial_steiner_gray_clifford,"[2, 0, 6, 5, 4, 1, 3]",331,296,56,100,223,8,104
1224,,7,76,pauli_polynomial_steiner_gray_clifford,"[3, 0, 2, 4, 5, 1, 6]",336,304,53,104,228,8,101
1225,,7,76,pauli_polynomial_steiner_gray_clifford,"[3, 0, 2, 4, 6, 1, 5]",348,309,58,111,238,6,95
1226,,7,76,pauli_polynomial_steiner_gray_clifford,"[3, 0, 2, 5, 4, 1, 6]",359,309,53,104,214,8,108
1227,,7,76,pauli_polynomial_steiner_gray_clifford,"[3, 0, 2, 6, 4, 1, 5]",339,301,57,108,228,6,100
1228,,7,76,pauli_polynomial_steiner_gray_clifford,"[3, 0, 2, 5, 6, 1, 4]",344,302,56,109,221,5,103
1229,,7,76,pauli_polynomial_steiner_gray_clifford,"[3, 0, 2, 6, 5, 1, 4]",323,288,55,106,225,5,101
1230,,7,76,pauli_polynomial_steiner_gray_clifford,"[4, 0, 2, 3, 5, 1, 6]",364,323,58,110,229,7,98
1231,,7,76,pauli_polynomial_steiner_gray_clifford,"[4, 0, 2, 3, 6, 1, 5]",344,302,55,117,221,6,101
1232,,7,76,pauli_polynomial_steiner_gray_clifford,"[5, 0, 2, 3, 4, 1, 6]",359,315,59,117,232,4,97
1233,,7,76,pauli_polynomial_steiner_gray_clifford,"[6, 0, 2, 3, 4, 1, 5]",347,313,57,110,234,5,96
1234,,7,76,pauli_polynomial_steiner_gray_clifford,"[5, 0, 2, 3, 6, 1, 4]",353,314,57,122,223,4,100
1235,,7,76,pauli_polynomial_steiner_gray_clifford,"[6, 0, 2, 3, 5, 1, 4]",360,321,58,108,233,6,96
1236,,7,76,pauli_polynomial_steiner_gray_clifford,"[4, 0, 2, 5, 3, 1, 6]",317,273,57,106,221,7,102
1237,,7,76,pauli_polynomial_steiner_gray_clifford,"[4, 0, 2, 6, 3, 1, 5]",364,322,56,117,217,6,103
1238,,7,76,pauli_polynomial_steiner_gray_clifford,"[5, 0, 2, 4, 3, 1, 6]",353,315,58,113,238,4,94
1239,,7,76,pauli_polynomial_steiner_gray_clifford,"[6, 0, 2, 4, 3, 1, 5]",336,295,59,113,240,5,93
1240,,7,76,pauli_polynomial_steiner_gray_clifford,"[5, 0, 2, 6, 3, 1, 4]",367,328,54,121,219,4,102
1241,,7,76,pauli_polynomial_steiner_gray_clifford,"[6, 0, 2, 5, 3, 1, 4]",342,293,56,110,225,6,100
1242,,7,76,pauli_polynomial_steiner_gray_clifford,"[4, 0, 2, 5, 6, 1, 3]",331,295,55,105,223,6,102
1243,,7,76,pauli_polynomial_steiner_gray_clifford,"[4, 0, 2, 6, 5, 1, 3]",371,325,57,109,227,6,100
1244,,7,76,pauli_polynomial_steiner_gray_clifford,"[5, 0, 2, 4, 6, 1, 3]",378,334,59,112,242,5,93
1245,,7,76,pauli_polynomial_steiner_gray_clifford,"[6, 0, 2, 4, 5, 1, 3]",343,301,55,105,234,8,98
1246,,7,76,pauli_polynomial_steiner_gray_clifford,"[5, 0, 2, 6, 4, 1, 3]",336,296,57,115,232,5,98
1247,,7,76,pauli_polynomial_steiner_gray_clifford,"[6, 0, 2, 5, 4, 1, 3]",344,295,51,104,220,8,105
1248,,7,76,pauli_polynomial_steiner_gray_clifford,"[3, 0, 4, 2, 5, 1, 6]",300,262,54,101,228,5,101
1249,,7,76,pauli_polynomial_steiner_gray_clifford,"[3, 0, 4, 2, 6, 1, 5]",337,304,55,108,224,5,102
1250,,7,76,pauli_polynomial_steiner_gray_clifford,"[3, 0, 5, 2, 4, 1, 6]",340,304,57,104,230,3,100
1251,,7,76,pauli_polynomial_steiner_gray_clifford,"[3, 0, 6, 2, 4, 1, 5]",332,294,57,106,228,4,100
1252,,7,76,pauli_polynomial_steiner_gray_clifford,"[3, 0, 5, 2, 6, 1, 4]",335,294,55,109,219,3,104
1253,,7,76,pauli_polynomial_steiner_gray_clifford,"[3, 0, 6, 2, 5, 1, 4]",331,291,54,104,221,4,103
1254,,7,76,pauli_polynomial_steiner_gray_clifford,"[4, 0, 3, 2, 5, 1, 6]",367,321,59,107,225,5,100
1255,,7,76,pauli_polynomial_steiner_gray_clifford,"[4, 0, 3, 2, 6, 1, 5]",344,299,53,114,221,5,101
1256,,7,76,pauli_polynomial_steiner_gray_clifford,"[5, 0, 3, 2, 4, 1, 6]",345,303,62,115,234,3,96
1257,,7,76,pauli_polynomial_steiner_gray_clifford,"[6, 0, 3, 2, 4, 1, 5]",351,314,59,110,236,4,95
1258,,7,76,pauli_polynomial_steiner_gray_clifford,"[5, 0, 3, 2, 6, 1, 4]",347,310,55,120,223,3,100
1259,,7,76,pauli_polynomial_steiner_gray_clifford,"[6, 0, 3, 2, 5, 1, 4]",365,324,58,108,229,4,98
1260,,7,76,pauli_polynomial_steiner_gray_clifford,"[4, 0, 5, 2, 3, 1, 6]",345,304,59,103,229,4,98
1261,,7,76,pauli_polynomial_steiner_gray_clifford,"[4, 0, 6, 2, 3, 1, 5]",356,319,57,117,227,5,98
1262,,7,76,pauli_polynomial_steiner_gray_clifford,"[5, 0, 4, 2, 3, 1, 6]",356,313,59,108,236,4,95
1263,,7,76,pauli_polynomial_steiner_gray_clifford,"[6, 0, 4, 2, 3, 1, 5]",376,334,61,115,238,5,94
1264,,7,76,pauli_polynomial_steiner_gray_clifford,"[5, 0, 6, 2, 3, 1, 4]",371,329,56,123,229,3,97
1265,,7,76,pauli_polynomial_steiner_gray_clifford,"[6, 0, 5, 2, 3, 1, 4]",355,308,60,116,233,3,96
1266,,7,76,pauli_polynomial_steiner_gray_clifford,"[4, 0, 5, 2, 6, 1, 3]",353,316,54,102,221,4,103
1267,,7,76,pauli_polynomial_steiner_gray_clifford,"[4, 0, 6, 2, 5, 1, 3]",350,313,58,109,223,5,102
1268,,7,76,pauli_polynomial_steiner_gray_clifford,"[5, 0, 4, 2, 6, 1, 3]",355,309,56,107,228,4,100
1269,,7,76,pauli_polynomial_steiner_gray_clifford,"[6, 0, 4, 2, 5, 1, 3]",311,268,57,107,234,5,98
1270,,7,76,pauli_polynomial_steiner_gray_clifford,"[5, 0, 6, 2, 4, 1, 3]",362,317,60,117,232,3,98
1271,,7,76,pauli_polynomial_steiner_gray_clifford,"[6, 0, 5, 2, 4, 1, 3]",361,321,57,110,236,3,97
1272,,7,76,pauli_polynomial_steiner_gray_clifford,"[3, 0, 4, 5, 2, 1, 6]",326,283,47,94,210,9,110
1273,,7,76,pauli_polynomial_steiner_gray_clifford,"[3, 0, 4, 6, 2, 1, 5]",358,315,53,106,224,7,102
1274,,7,76,pauli_polynomial_steiner_gray_clifford,"[3, 0, 5, 4, 2, 1, 6]",332,294,50,97,226,7,102
1275,,7,76,pauli_polynomial_steiner_gray_clifford,"[3, 0, 6, 4, 2, 1, 5]",343,297,56,107,238,6,95
1276,,7,76,pauli_polynomial_steiner_gray_clifford,"[3, 0, 5, 6, 2, 1, 4]",330,285,55,109,223,4,102
1277,,7,76,pauli_polynomial_steiner_gray_clifford,"[3, 0, 6, 5, 2, 1, 4]",357,318,55,107,221,5,103
1278,,7,76,pauli_polynomial_steiner_gray_clifford,"[4, 0, 3, 5, 2, 1, 6]",338,297,54,100,215,7,105
1279,,7,76,pauli_polynomial_steiner_gray_clifford,"[4, 0, 3, 6, 2, 1, 5]",349,312,51,112,211,6,106
1280,,7,76,pauli_polynomial_steiner_gray_clifford,"[5, 0, 3, 4, 2, 1, 6]",325,291,57,108,232,4,97
1281,,7,76,pauli_polynomial_steiner_gray_clifford,"[6, 0, 3, 4, 2, 1, 5]",336,300,58,111,234,5,96
1282,,7,76,pauli_polynomial_steiner_gray_clifford,"[5, 0, 3, 6, 2, 1, 4]",342,303,53,120,213,4,105
1283,,7,76,pauli_polynomial_steiner_gray_clifford,"[6, 0, 3, 5, 2, 1, 4]",363,316,57,111,219,6,103
1284,,7,76,pauli_polynomial_steiner_gray_clifford,"[4, 0, 5, 3, 2, 1, 6]",333,289,55,100,227,6,99
1285,,7,76,pauli_polynomial_steiner_gray_clifford,"[4, 0, 6, 3, 2, 1, 5]",323,287,54,115,221,6,101
1286,,7,76,pauli_polynomial_steiner_gray_clifford,"[5, 0, 4, 3, 2, 1, 6]",370,320,55,105,228,5,99
1287,,7,76,pauli_polynomial_steiner_gray_clifford,"[6, 0, 4, 3, 2, 1, 5]",349,308,58,113,230,6,98
1288,,7,76,pauli_polynomial_steiner_gray_clifford,"[5, 0, 6, 3, 2, 1, 4]",351,307,57,124,223,4,100
1289,,7,76,pauli_polynomial_steiner_gray_clifford,"[6, 0, 5, 3, 2, 1, 4]",348,301,61,117,231,5,97
1290,,7,76,pauli_polynomial_steiner_gray_clifford,"[4, 0, 5, 6, 2, 1, 3]",346,303,55,104,225,5,101
1291,,7,76,pauli_polynomial_steiner_gray_clifford,"[4, 0, 6, 5, 2, 1, 3]",360,316,57,107,223,6,102
1292,,7,76,pauli_polynomial_steiner_gray_clifford,"[5, 0, 4, 6, 2, 1, 3]",346,309,55,109,228,6,100
1293,,7,76,pauli_polynomial_steiner_gray_clifford,"[6, 0, 4, 5, 2, 1, 3]",314,268,52,105,216,9,107
1294,,7,76,pauli_polynomial_steiner_gray_clifford,"[5, 0, 6, 4, 2, 1, 3]",329,284,61,116,242,5,93
1295,,7,76,pauli_polynomial_steiner_gray_clifford,"[6, 0, 5, 4, 2, 1, 3]",333,296,56,109,232,7,99
1296,,7,76,pauli_polynomial_steiner_gray_clifford,"[3, 0, 4, 5, 6, 1, 2]",350,318,51,90,213,9,109
1297,,7,76,pauli_polynomial_steiner_gray_clifford,"[3, 0, 4, 6, 5, 1, 2]",346,305,56,95,231,7,100
1298,,7,76,pauli_polynomial_steiner_gray_clifford,"[3, 0, 5, 4, 6, 1, 2]",345,304,53,93,225,8,103
1299,,7,76,pauli_polynomial_steiner_gray_clifford,"[3, 0, 6, 4, 5, 1, 2]",351,303,54,96,227,9,102
1300,,7,76,pauli_polynomial_steiner_gray_clifford,"[3, 0, 5, 6, 4, 1, 2]",331,293,60,100,233,5,99
1301,,7,76,pauli_polynomial_steiner_gray_clifford,"[3, 0, 6, 5, 4, 1, 2]",354,313,56,98,217,8,107
1302,,7,76,pauli_polynomial_steiner_gray_clifford,"[4, 0, 3, 5, 6, 1, 2]",327,290,53,96,218,7,104
1303,,7,76,pauli_polynomial_steiner_gray_clifford,"[4, 0, 3, 6, 5, 1, 2]",365,310,56,101,218,6,104
1304,,7,76,pauli_polynomial_steiner_gray_clifford,"[5, 0, 3, 4, 6, 1, 2]",345,305,55,104,231,5,98
1305,,7,76,pauli_polynomial_steiner_gray_clifford,"[6, 0, 3, 4, 5, 1, 2]",362,317,55,100,223,8,103
1306,,7,76,pauli_polynomial_steiner_gray_clifford,"[5, 0, 3, 6, 4, 1, 2]",353,317,58,111,223,5,102
1307,,7,76,pauli_polynomial_steiner_gray_clifford,"[6, 0, 3, 5, 4, 1, 2]",352,301,55,102,215,9,107
1308,,7,76,pauli_polynomial_steiner_gray_clifford,"[4, 0, 5, 3, 6, 1, 2]",347,306,54,96,216,6,105
1309,,7,76,pauli_polynomial_steiner_gray_clifford,"[4, 0, 6, 3, 5, 1, 2]",337,305,56,104,218,7,104
1310,,7,76,pauli_polynomial_steiner_gray_clifford,"[5, 0, 4, 3, 6, 1, 2]",363,325,54,101,217,5,105
1311,,7,76,pauli_polynomial_steiner_gray_clifford,"[6, 0, 4, 3, 5, 1, 2]",345,306,57,102,227,7,101
1312,,7,76,pauli_polynomial_steiner_gray_clifford,"[5, 0, 6, 3, 4, 1, 2]",371,320,58,115,221,4,103
1313,,7,76,pauli_polynomial_steiner_gray_clifford,"[6, 0, 5, 3, 4, 1, 2]",346,305,59,108,229,5,100
1314,,7,76,pauli_polynomial_steiner_gray_clifford,"[4, 0, 5, 6, 3, 1, 2]",337,293,59,101,222,5,102
1315,,7,76,pauli_polynomial_steiner_gray_clifford,"[4, 0, 6, 5, 3, 1, 2]",337,293,58,104,224,7,101
1316,,7,76,pauli_polynomial_steiner_gray_clifford,"[5, 0, 4, 6, 3, 1, 2]",340,294,57,106,225,6,101
1317,,7,76,pauli_polynomial_steiner_gray_clifford,"[6, 0, 4, 5, 3, 1, 2]",328,285,55,102,217,10,106
1318,,7,76,pauli_polynomial_steiner_gray_clifford,"[5, 0, 6, 4, 3, 1, 2]",345,301,58,113,237,5,95
1319,,7,76,pauli_polynomial_steiner_gray_clifford,"[6, 0, 5, 4, 3, 1, 2]",351,301,57,106,227,7,101
1320,,7,76,pauli_polynomial_steiner_gray_clifford,"[2, 0, 3, 4, 5, 6, 1]",330,284,56,111,220,7,101
1321,,7,76,pauli_polynomial_steiner_gray_clifford,"[2, 0, 3, 4, 6, 5, 1]",347,307,58,116,238,5,92
1322,,7,76,pauli_polynomial_steiner_gray_clifford,"[2, 0, 3, 5, 4, 6, 1]",356,305,55,111,222,9,100
1323,,7,76,pauli_polynomial_steiner_gray_clifford,"[2, 0, 3, 6, 4, 5, 1]",355,308,54,113,222,8,100
1324,,7,76,pauli_polynomial_steiner_gray_clifford,"[2, 0, 3, 5, 6, 4, 1]",353,315,57,113,230,6,96
1325,,7,76,pauli_polynomial_steiner_gray_clifford,"[2, 0, 3, 6, 5, 4, 1]",358,314,54,110,212,7,105
1326,,7,76,pauli_polynomial_steiner_gray_clifford,"[2, 0, 4, 3, 5, 6, 1]",340,304,55,111,224,6,99
1327,,7,76,pauli_polynomial_steiner_gray_clifford,"[2, 0, 4, 3, 6, 5, 1]",348,306,56,116,224,5,99
1328,,7,76,pauli_polynomial_steiner_gray_clifford,"[2, 0, 5, 3, 4, 6, 1]",363,314,58,113,236,5,93
1329,,7,76,pauli_polynomial_steiner_gray_clifford,"[2, 0, 6, 3, 4, 5, 1]",339,301,54,111,220,7,101
1330,,7,76,pauli_polynomial_steiner_gray_clifford,"[2, 0, 5, 3, 6, 4, 1]",330,288,57,115,228,5,97
1331,,7,76,pauli_polynomial_steiner_gray_clifford,"[2, 0, 6, 3, 5, 4, 1]",325,286,52,108,212,8,105
1332,,7,76,pauli_polynomial_steiner_gray_clifford,"[2, 0, 4, 5, 3, 6, 1]",335,301,52,107,208,9,107
1333,,7,76,pauli_polynomial_steiner_gray_clifford,"[2, 0, 4, 6, 3, 5, 1]",344,300,56,116,226,7,98
1334,,7,76,pauli_polynomial_steiner_gray_clifford,"[2, 0, 5, 4, 3, 6, 1]",358,315,56,109,218,6,102
1335,,7,76,pauli_polynomial_steiner_gray_clifford,"[2, 0, 6, 4, 3, 5, 1]",348,295,58,114,238,6,92
1336,,7,76,pauli_polynomial_steiner_gray_clifford,"[2, 0, 5, 6, 3, 4, 1]",341,296,57,114,226,3,98
1337,,7,76,pauli_polynomial_steiner_gray_clifford,"[2, 0, 6, 5, 3, 4, 1]",334,305,55,110,228,5,97
1338,,7,76,pauli_polynomial_steiner_gray_clifford,"[2, 0, 4, 5, 6, 3, 1]",356,311,53,108,214,8,104
1339,,7,76,pauli_polynomial_steiner_gray_clifford,"[2, 0, 4, 6, 5, 3, 1]",336,288,56,112,232,7,95
1340,,7,76,pauli_polynomial_steiner_gray_clifford,"[2, 0, 5, 4, 6, 3, 1]",350,312,55,110,226,7,98
1341,,7,76,pauli_polynomial_steiner_gray_clifford,"[2, 0, 6, 4, 5, 3, 1]",333,299,55,110,228,9,97
1342,,7,76,pauli_polynomial_steiner_gray_clifford,"[2, 0, 5, 6, 4, 3, 1]",352,307,57,113,242,4,90
1343,,7,76,pauli_polynomial_steiner_gray_clifford,"[2, 0, 6, 5, 4, 3, 1]",331,297,54,109,226,7,98
1344,,7,76,pauli_polynomial_steiner_gray_clifford,"[3, 0, 2, 4, 5, 6, 1]",341,295,55,111,225,7,99
1345,,7,76,pauli_polynomial_steiner_gray_clifford,"[3, 0, 2, 4, 6, 5, 1]",345,311,59,116,243,5,90
1346,,7,76,pauli_polynomial_steiner_gray_clifford,"[3, 0, 2, 5, 4, 6, 1]",343,304,54,111,221,8,101
1347,,7,76,pauli_polynomial_steiner_gray_clifford,"[3, 0, 2, 6, 4, 5, 1]",344,302,55,113,225,8,99
1348,,7,76,pauli_polynomial_steiner_gray_clifford,"[3, 0, 2, 5, 6, 4, 1]",322,282,57,113,229,5,97
1349,,7,76,pauli_polynomial_steiner_gray_clifford,"[3, 0, 2, 6, 5, 4, 1]",353,313,54,110,215,7,104
1350,,7,76,pauli_polynomial_steiner_gray_clifford,"[4, 0, 2, 3, 5, 6, 1]",344,308,57,117,226,6,96
1351,,7,76,pauli_polynomial_steiner_gray_clifford,"[4, 0, 2, 3, 6, 5, 1]",344,303,56,122,226,5,96
1352,,7,76,pauli_polynomial_steiner_gray_clifford,"[5, 0, 2, 3, 4, 6, 1]",367,323,61,124,239,4,90
1353,,7,76,pauli_polynomial_steiner_gray_clifford,"[6, 0, 2, 3, 4, 5, 1]",334,297,57,115,231,7,95
1354,,7,76,pauli_polynomial_steiner_gray_clifford,"[5, 0, 2, 3, 6, 4, 1]",356,318,59,126,231,4,94
1355,,7,76,pauli_polynomial_steiner_gray_clifford,"[6, 0, 2, 3, 5, 4, 1]",356,308,56,112,223,8,99
1356,,7,76,pauli_polynomial_steiner_gray_clifford,"[4, 0, 2, 5, 3, 6, 1]",367,327,56,113,212,6,103
1357,,7,76,pauli_polynomial_steiner_gray_clifford,"[4, 0, 2, 6, 3, 5, 1]",359,317,56,122,216,6,101
1358,,7,76,pauli_polynomial_steiner_gray_clifford,"[5, 0, 2, 4, 3, 6, 1]",369,323,61,120,229,3,95
1359,,7,76,pauli_polynomial_steiner_gray_clifford,"[6, 0, 2, 4, 3, 5, 1]",360,321,61,118,239,5,91
1360,,7,76,pauli_polynomial_steiner_gray_clifford,"[5, 0, 2, 6, 3, 4, 1]",362,322,57,125,219,3,100
1361,,7,76,pauli_polynomial_steiner_gray_clifford,"[6, 0, 2, 5, 3, 4, 1]",355,306,57,114,225,5,98
1362,,7,76,pauli_polynomial_steiner_gray_clifford,"[4, 0, 2, 5, 6, 3, 1]",363,320,55,114,218,5,100
1363,,7,76,pauli_polynomial_steiner_gray_clifford,"[4, 0, 2, 6, 5, 3, 1]",359,320,56,118,222,6,98
1364,,7,76,pauli_polynomial_steiner_gray_clifford,"[5, 0, 2, 4, 6, 3, 1]",342,305,60,121,237,4,91
1365,,7,76,pauli_polynomial_steiner_gray_clifford,"[6, 0, 2, 4, 5, 3, 1]",336,293,56,114,229,8,96
1366,,7,76,pauli_polynomial_steiner_gray_clifford,"[5, 0, 2, 6, 4, 3, 1]",335,293,58,124,235,4,92
1367,,7,76,pauli_polynomial_steiner_gray_clifford,"[6, 0, 2, 5, 4, 3, 1]",334,291,53,113,223,7,99
1368,,7,76,pauli_polynomial_steiner_gray_clifford,"[3, 0, 4, 2, 5, 6, 1]",363,316,56,108,225,4,99
1369,,7,76,pauli_polynomial_steiner_gray_clifford,"[3, 0, 4, 2, 6, 5, 1]",348,309,58,113,229,4,97
1370,,7,76,pauli_polynomial_steiner_gray_clifford,"[3, 0, 5, 2, 4, 6, 1]",350,305,58,111,237,3,93
1371,,7,76,pauli_polynomial_steiner_gray_clifford,"[3, 0, 6, 2, 4, 5, 1]",355,309,54,111,225,6,99
1372,,7,76,pauli_polynomial_steiner_gray_clifford,"[3, 0, 5, 2, 6, 4, 1]",332,289,58,113,227,3,98
1373,,7,76,pauli_polynomial_steiner_gray_clifford,"[3, 0, 6, 2, 5, 4, 1]",341,303,52,108,211,6,106
1374,,7,76,pauli_polynomial_steiner_gray_clifford,"[4, 0, 3, 2, 5, 6, 1]",362,319,59,114,222,4,98
1375,,7,76,pauli_polynomial_steiner_gray_clifford,"[4, 0, 3, 2, 6, 5, 1]",347,297,57,119,226,4,96
1376,,7,76,pauli_polynomial_steiner_gray_clifford,"[5, 0, 3, 2, 4, 6, 1]",363,322,62,122,241,3,89
1377,,7,76,pauli_polynomial_steiner_gray_clifford,"[6, 0, 3, 2, 4, 5, 1]",346,308,56,115,233,6,94
1378,,7,76,pauli_polynomial_steiner_gray_clifford,"[5, 0, 3, 2, 6, 4, 1]",340,295,60,124,231,3,94
1379,,7,76,pauli_polynomial_steiner_gray_clifford,"[6, 0, 3, 2, 5, 4, 1]",361,322,56,112,219,6,101
1380,,7,76,pauli_polynomial_steiner_gray_clifford,"[4, 0, 5, 2, 3, 6, 1]",363,321,59,110,220,3,99
1381,,7,76,pauli_polynomial_steiner_gray_clifford,"[4, 0, 6, 2, 3, 5, 1]",357,309,58,122,226,5,96
1382,,7,76,pauli_polynomial_steiner_gray_clifford,"[5, 0, 4, 2, 3, 6, 1]",354,312,60,115,227,3,96
1383,,7,76,pauli_polynomial_steiner_gray_clifford,"[6, 0, 4, 2, 3, 5, 1]",358,320,61,120,237,5,92
1384,,7,76,pauli_polynomial_steiner_gray_clifford,"[5, 0, 6, 2, 3, 4, 1]",366,327,59,127,229,2,95
1385,,7,76,pauli_polynomial_steiner_gray_clifford,"[6, 0, 5, 2, 3, 4, 1]",357,318,61,120,233,2,94
1386,,7,76,pauli_polynomial_steiner_gray_clifford,"[4, 0, 5, 2, 6, 3, 1]",363,323,57,111,216,3,101
1387,,7,76,pauli_polynomial_steiner_gray_clifford,"[4, 0, 6, 2, 5, 3, 1]",362,321,58,118,218,5,100
1388,,7,76,pauli_polynomial_steiner_gray_clifford,"[5, 0, 4, 2, 6, 3, 1]",365,318,60,116,223,3,98
1389,,7,76,pauli_polynomial_steiner_gray_clifford,"[6, 0, 4, 2, 5, 3, 1]",368,319,59,116,229,5,96
1390,,7,76,pauli_polynomial_steiner_gray_clifford,"[5, 0, 6, 2, 4, 3, 1]",352,308,61,126,235,2,92
1391,,7,76,pauli_polynomial_steiner_gray_clifford,"[6, 0, 5, 2, 4, 3, 1]",358,308,59,119,239,2,91
1392,,7,76,pauli_polynomial_steiner_gray_clifford,"[3, 0, 4, 5, 2, 6, 1]",338,298,50,101,207,7,108
1393,,7,76,pauli_polynomial_steiner_gray_clifford,"[3, 0, 4, 6, 2, 5, 1]",353,309,57,111,225,5,99
1394,,7,76,pauli_polynomial_steiner_gray_clifford,"[3, 0, 5, 4, 2, 6, 1]",351,314,53,104,223,5,100
1395,,7,76,pauli_polynomial_steiner_gray_clifford,"[3, 0, 6, 4, 2, 5, 1]",348,305,57,112,239,4,92
1396,,7,76,pauli_polynomial_steiner_gray_clifford,"[3, 0, 5, 6, 2, 4, 1]",354,317,60,113,231,2,96
1397,,7,76,pauli_polynomial_steiner_gray_clifford,"[3, 0, 6, 5, 2, 4, 1]",340,299,57,111,229,3,97
1398,,7,76,pauli_polynomial_steiner_gray_clifford,"[4, 0, 3, 5, 2, 6, 1]",341,305,55,107,212,5,103
1399,,7,76,pauli_polynomial_steiner_gray_clifford,"[4, 0, 3, 6, 2, 5, 1]",351,308,56,117,212,4,103
1400,,7,76,pauli_polynomial_steiner_gray_clifford,"[5, 0, 3, 4, 2, 6, 1]",345,302,59,115,229,2,95
1401,,7,76,pauli_polynomial_steiner_gray_clifford,"[6, 0, 3, 4, 2, 5, 1]",363,315,59,116,235,3,93
1402,,7,76,pauli_polynomial_steiner_gray_clifford,"[5, 0, 3, 6, 2, 4, 1]",366,327,60,124,221,2,99
1403,,7,76,pauli_polynomial_steiner_gray_clifford,"[6, 0, 3, 5, 2, 4, 1]",337,292,59,115,227,4,97
1404,,7,76,pauli_polynomial_steiner_gray_clifford,"[4, 0, 5, 3, 2, 6, 1]",365,317,56,107,224,4,97
1405,,7,76,pauli_polynomial_steiner_gray_clifford,"[4, 0, 6, 3, 2, 5, 1]",344,300,57,120,222,4,98
1406,,7,76,pauli_polynomial_steiner_gray_clifford,"[5, 0, 4, 3, 2, 6, 1]",365,318,57,112,225,3,97
1407,,7,76,pauli_polynomial_steiner_gray_clifford,"[6, 0, 4, 3, 2, 5, 1]",363,322,60,118,231,4,95
1408,,7,76,pauli_polynomial_steiner_gray_clifford,"[5, 0, 6, 3, 2, 4, 1]",348,307,61,128,231,2,94
1409,,7,76,pauli_polynomial_steiner_gray_clifford,"[6, 0, 5, 3, 2, 4, 1]",349,308,63,121,239,3,91
1410,,7,76,pauli_polynomial_steiner_gray_clifford,"[4, 0, 5, 6, 2, 3, 1]",364,320,59,113,230,3,94
1411,,7,76,pauli_polynomial_steiner_gray_clifford,"[4, 0, 6, 5, 2, 3, 1]",349,311,59,116,228,4,95
1412,,7,76,pauli_polynomial_steiner_gray_clifford,"[5, 0, 4, 6, 2, 3, 1]",344,303,60,118,233,4,93
1413,,7,76,pauli_polynomial_steiner_gray_clifford,"[6, 0, 4, 5, 2, 3, 1]",364,325,56,114,221,7,100
1414,,7,76,pauli_polynomial_steiner_gray_clifford,"[5, 0, 6, 4, 2, 3, 1]",374,332,63,125,247,3,86
1415,,7,76,pauli_polynomial_steiner_gray_clifford,"[6, 0, 5, 4, 2, 3, 1]",314,271,59,118,237,5,92
1416,,7,76,pauli_polynomial_steiner_gray_clifford,"[3, 0, 4, 5, 6, 2, 1]",334,288,51,99,211,8,106
1417,,7,76,pauli_polynomial_steiner_gray_clifford,"[3, 0, 4, 6, 5, 2, 1]",362,317,56,104,225,6,99
1418,,7,76,pauli_polynomial_steiner_gray_clifford,"[3, 0, 5, 4, 6, 2, 1]",354,316,53,102,223,7,100
1419,,7,76,pauli_polynomial_steiner_gray_clifford,"[3, 0, 6, 4, 5, 2, 1]",361,322,53,105,221,8,101
1420,,7,76,pauli_polynomial_steiner_gray_clifford,"[3, 0, 5, 6, 4, 2, 1]",355,307,60,109,241,4,91
1421,,7,76,pauli_polynomial_steiner_gray_clifford,"[3, 0, 6, 5, 4, 2, 1]",339,297,55,107,225,7,99
1422,,7,76,pauli_polynomial_steiner_gray_clifford,"[4, 0, 3, 5, 6, 2, 1]",364,321,53,105,216,6,101
1423,,7,76,pauli_polynomial_steiner_gray_clifford,"[4, 0, 3, 6, 5, 2, 1]",365,316,56,110,212,5,103
1424,,7,76,pauli_polynomial_steiner_gray_clifford,"[5, 0, 3, 4, 6, 2, 1]",349,311,57,113,229,4,95
1425,,7,76,pauli_polynomial_steiner_gray_clifford,"[6, 0, 3, 4, 5, 2, 1]",352,315,55,109,217,7,102
1426,,7,76,pauli_polynomial_steiner_gray_clifford,"[5, 0, 3, 6, 4, 2, 1]",350,309,60,120,231,4,94
1427,,7,76,pauli_polynomial_steiner_gray_clifford,"[6, 0, 3, 5, 4, 2, 1]",338,303,55,111,223,8,99
1428,,7,76,pauli_polynomial_steiner_gray_clifford,"[4, 0, 5, 3, 6, 2, 1]",342,297,54,105,214,5,102
1429,,7,76,pauli_polynomial_steiner_gray_clifford,"[4, 0, 6, 3, 5, 2, 1]",339,292,56,113,212,6,103
1430,,7,76,pauli_polynomial_steiner_gray_clifford,"[5, 0, 4, 3, 6, 2, 1]",357,317,56,110,215,4,102
1431,,7,76,pauli_polynomial_steiner_gray_clifford,"[6, 0, 4, 3, 5, 2, 1]",341,303,58,111,221,6,100
1432,,7,76,pauli_polynomial_steiner_gray_clifford,"[5, 0, 6, 3, 4, 2, 1]",329,296,62,124,229,3,95
1433,,7,76,pauli_polynomial_steiner_gray_clifford,"[6, 0, 5, 3, 4, 2, 1]",355,315,62,117,237,4,92
1434,,7,76,pauli_polynomial_steiner_gray_clifford,"[4, 0, 5, 6, 3, 2, 1]",348,306,59,110,224,4,97
1435,,7,76,pauli_polynomial_steiner_gray_clifford,"[4, 0, 6, 5, 3, 2, 1]",359,316,58,113,226,6,96
1436,,7,76,pauli_polynomial_steiner_gray_clifford,"[5, 0, 4, 6, 3, 2, 1]",348,310,59,115,227,5,96
1437,,7,76,pauli_polynomial_steiner_gray_clifford,"[6, 0, 4, 5, 3, 2, 1]",358,310,56,111,219,9,101
1438,,7,76,pauli_polynomial_steiner_gray_clifford,"[5, 0, 6, 4, 3, 2, 1]",362,317,62,122,239,4,90
1439,,7,76,pauli_polynomial_steiner_gray_clifford,"[6, 0, 5, 4, 3, 2, 1]",337,298,60,115,229,6,96
1440,,7,76,pauli_polynomial_steiner_gray_clifford,"[1, 2, 0, 3, 4, 5, 6]",343,304,55,110,221,8,100
1441,,7,76,pauli_polynomial_steiner_gray_clifford,"[1, 2, 0, 3, 4, 6, 5]",355,310,56,112,231,6,94
1442,,7,76,pauli_polynomial_steiner_gray_clifford,"[1, 2, 0, 3, 5, 4, 6]",351,307,54,111,223,10,99
1443,,7,76,pauli_polynomial_steiner_gray_clifford,"[1, 2, 0, 3, 6, 4, 5]",350,313,51,107,215,9,102
1444,,7,76,pauli_polynomial_steiner_gray_clifford,"[1, 2, 0, 3, 5, 6, 4]",355,319,55,114,230,7,94
1445,,7,76,pauli_polynomial_steiner_gray_clifford,"[1, 2, 0, 3, 6, 5, 4]",364,322,51,108,212,8,103
1446,,7,76,pauli_polynomial_steiner_gray_clifford,"[1, 2, 0, 4, 3, 5, 6]",339,311,54,109,225,7,98
1447,,7,76,pauli_polynomial_steiner_gray_clifford,"[1, 2, 0, 4, 3, 6, 5]",337,302,54,111,217,6,101
1448,,7,76,pauli_polynomial_steiner_gray_clifford,"[1, 2, 0, 5, 3, 4, 6]",354,320,57,113,237,6,92
1449,,7,76,pauli_polynomial_steiner_gray_clifford,"[1, 2, 0, 6, 3, 4, 5]",345,308,52,104,213,8,103
1450,,7,76,pauli_polynomial_steiner_gray_clifford,"[1, 2, 0, 5, 3, 6, 4]",346,314,55,116,228,6,95
1451,,7,76,pauli_polynomial_steiner_gray_clifford,"[1, 2, 0, 6, 3, 5, 4]",360,315,50,105,212,9,103
1452,,7,76,pauli_polynomial_steiner_gray_clifford,"[1, 2, 0, 4, 5, 3, 6]",341,301,50,102,209,10,106
1453,,7,76,pauli_polynomial_steiner_gray_clifford,"[1, 2, 0, 4, 6, 3, 5]",354,315,54,108,219,8,100
1454,,7,76,pauli_polynomial_steiner_gray_clifford,"[1, 2, 0, 5, 4, 3, 6]",325,283,54,105,219,7,101
1455,,7,76,pauli_polynomial_steiner_gray_clifford,"[1, 2, 0, 6, 4, 3, 5]",332,296,57,106,231,7,94
1456,,7,76,pauli_polynomial_steiner_gray_clifford,"[1, 2, 0, 5, 6, 3, 4]",347,306,57,114,226,4,96
1457,,7,76,pauli_polynomial_steiner_gray_clifford,"[1, 2, 0, 6, 5, 3, 4]",337,310,56,109,228,6,95
1458,,7,76,pauli_polynomial_steiner_gray_clifford,"[1, 2, 0, 4, 5, 6, 3]",334,303,50,100,211,9,106
1459,,7,76,pauli_polynomial_steiner_gray_clifford,"[1, 2, 0, 4, 6, 5, 3]",354,313,54,104,229,8,97
1460,,7,76,pauli_polynomial_steiner_gray_clifford,"[1, 2, 0, 5, 4, 6, 3]",359,317,52,103,223,8,100
1461,,7,76,pauli_polynomial_steiner_gray_clifford,"[1, 2, 0, 6, 4, 5, 3]",348,306,54,102,225,10,99
1462,,7,76,pauli_polynomial_steiner_gray_clifford,"[1, 2, 0, 5, 6, 4, 3]",347,304,57,109,239,5,92
1463,,7,76,pauli_polynomial_steiner_gray_clifford,"[1, 2, 0, 6, 5, 4, 3]",361,325,55,104,223,8,100
1464,,7,76,pauli_polynomial_steiner_gray_clifford,"[1, 3, 0, 2, 4, 5, 6]",331,288,58,118,229,7,96
1465,,7,76,pauli_polynomial_steiner_gray_clifford,"[1, 3, 0, 2, 4, 6, 5]",346,304,61,120,239,5,90
1466,,7,76,pauli_polynomial_steiner_gray_clifford,"[1, 3, 0, 2, 5, 4, 6]",346,299,57,119,225,8,98
1467,,7,76,pauli_polynomial_steiner_gray_clifford,"[1, 3, 0, 2, 6, 4, 5]",364,321,56,115,221,8,99
1468,,7,76,pauli_polynomial_steiner_gray_clifford,"[1, 3, 0, 2, 5, 6, 4]",355,309,59,122,232,5,93
1469,,7,76,pauli_polynomial_steiner_gray_clifford,"[1, 3, 0, 2, 6, 5, 4]",358,312,55,116,218,7,100
1470,,7,76,pauli_polynomial_steiner_gray_clifford,"[1, 4, 0, 2, 3, 5, 6]",331,295,57,118,227,6,97
1471,,7,76,pauli_polynomial_steiner_gray_clifford,"[1, 4, 0, 2, 3, 6, 5]",357,319,55,120,219,5,100
1472,,7,76,pauli_polynomial_steiner_gray_clifford,"[1, 5, 0, 2, 3, 4, 6]",339,306,63,131,247,4,87
1473,,7,76,pauli_polynomial_steiner_gray_clifford,"[1, 6, 0, 2, 3, 4, 5]",356,309,56,111,223,7,98
1474,,7,76,pauli_polynomial_steiner_gray_clifford,"[1, 5, 0, 2, 3, 6, 4]",366,330,60,134,238,4,90
1475,,7,76,pauli_polynomial_steiner_gray_clifford,"[1, 6, 0, 2, 3, 5, 4]",344,317,55,112,222,8,98
1476,,7,76,pauli_polynomial_steiner_gray_clifford,"[1, 4, 0, 2, 5, 3, 6]",332,289,55,111,213,6,104
1477,,7,76,pauli_polynomial_steiner_gray_clifford,"[1, 4, 0, 2, 6, 3, 5]",367,325,55,117,209,6,105
1478,,7,76,pauli_polynomial_steiner_gray_clifford,"[1, 5, 0, 2, 4, 3, 6]",340,304,62,123,237,3,92
1479,,7,76,pauli_polynomial_steiner_gray_clifford,"[1, 6, 0, 2, 4, 3, 5]",304,268,61,113,231,5,94
1480,,7,76,pauli_polynomial_steiner_gray_clifford,"[1, 5, 0, 2, 6, 3, 4]",349,307,60,132,226,3,96
1481,,7,76,pauli_polynomial_steiner_gray_clifford,"[1, 6, 0, 2, 5, 3, 4]",359,309,59,116,224,5,97
1482,,7,76,pauli_polynomial_steiner_gray_clifford,"[1, 4, 0, 2, 5, 6, 3]",329,276,53,109,215,5,104
1483,,7,76,pauli_polynomial_steiner_gray_clifford,"[1, 4, 0, 2, 6, 5, 3]",346,303,55,113,219,6,102
1484,,7,76,pauli_polynomial_steiner_gray_clifford,"[1, 5, 0, 2, 4, 6, 3]",341,294,60,121,241,4,91
1485,,7,76,pauli_polynomial_steiner_gray_clifford,"[1, 6, 0, 2, 4, 5, 3]",353,316,56,109,225,8,99
1486,,7,76,pauli_polynomial_steiner_gray_clifford,"[1, 5, 0, 2, 6, 4, 3]",323,276,61,127,239,4,92
1487,,7,76,pauli_polynomial_steiner_gray_clifford,"[1, 6, 0, 2, 5, 4, 3]",361,321,55,111,219,7,102
1488,,7,76,pauli_polynomial_steiner_gray_clifford,"[1, 3, 0, 4, 2, 5, 6]",345,302,59,118,229,4,96
1489,,7,76,pauli_polynomial_steiner_gray_clifford,"[1, 3, 0, 4, 2, 6, 5]",363,325,60,120,225,4,97
1490,,7,76,pauli_polynomial_steiner_gray_clifford,"[1, 3, 0, 5, 2, 4, 6]",335,297,60,122,241,3,90
1491,,7,76,pauli_polynomial_steiner_gray_clifford,"[1, 3, 0, 6, 2, 4, 5]",368,327,55,115,221,6,99
1492,,7,76,pauli_polynomial_steiner_gray_clifford,"[1, 3, 0, 5, 2, 6, 4]",386,336,59,125,230,3,94
1493,,7,76,pauli_polynomial_steiner_gray_clifford,"[1, 3, 0, 6, 2, 5, 4]",363,319,53,116,214,6,102
1494,,7,76,pauli_polynomial_steiner_gray_clifford,"[1, 4, 0, 3, 2, 5, 6]",382,339,59,119,223,4,99
1495,,7,76,pauli_polynomial_steiner_gray_clifford,"[1, 4, 0, 3, 2, 6, 5]",359,314,56,121,219,4,100
1496,,7,76,pauli_polynomial_steiner_gray_clifford,"[1, 5, 0, 3, 2, 4, 6]",346,310,63,132,249,3,86
1497,,7,76,pauli_polynomial_steiner_gray_clifford,"[1, 6, 0, 3, 2, 4, 5]",361,322,54,114,225,6,97
1498,,7,76,pauli_polynomial_steiner_gray_clifford,"[1, 5, 0, 3, 2, 6, 4]",355,318,60,135,238,3,90
1499,,7,76,pauli_polynomial_steiner_gray_clifford,"[1, 6, 0, 3, 2, 5, 4]",368,326,54,115,218,6,100
1500,,7,76,pauli_polynomial_steiner_gray_clifford,"[1, 4, 0, 5, 2, 3, 6]",336,293,57,111,221,3,100
1501,,7,76,pauli_polynomial_steiner_gray_clifford,"[1, 4, 0, 6, 2, 3, 5]",358,317,56,118,219,5,100
1502,,7,76,pauli_polynomial_steiner_gray_clifford,"[1, 5, 0, 4, 2, 3, 6]",369,320,60,120,235,3,93
1503,,7,76,pauli_polynomial_steiner_gray_clifford,"[1, 6, 0, 4, 2, 3, 5]",385,340,59,116,229,5,95
1504,,7,76,pauli_polynomial_steiner_gray_clifford,"[1, 5, 0, 6, 2, 3, 4]",356,307,61,135,236,2,91
1505,,7,76,pauli_polynomial_steiner_gray_clifford,"[1, 6, 0, 5, 2, 3, 4]",350,322,61,124,232,2,93
1506,,7,76,pauli_polynomial_steiner_gray_clifford,"[1, 4, 0, 5, 2, 6, 3]",345,296,54,109,213,3,105
1507,,7,76,pauli_polynomial_steiner_gray_clifford,"[1, 4, 0, 6, 2, 5, 3]",338,300,56,114,215,5,104
1508,,7,76,pauli_polynomial_steiner_gray_clifford,"[1, 5, 0, 4, 2, 6, 3]",362,323,59,118,227,3,98
1509,,7,76,pauli_polynomial_steiner_gray_clifford,"[1, 6, 0, 4, 2, 5, 3]",356,311,57,112,225,5,99
1510,,7,76,pauli_polynomial_steiner_gray_clifford,"[1, 5, 0, 6, 2, 4, 3]",352,313,63,130,239,2,92
1511,,7,76,pauli_polynomial_steiner_gray_clifford,"[1, 6, 0, 5, 2, 4, 3]",341,309,59,119,235,2,94
1512,,7,76,pauli_polynomial_steiner_gray_clifford,"[1, 3, 0, 4, 5, 2, 6]",314,278,55,112,211,7,105
1513,,7,76,pauli_polynomial_steiner_gray_clifford,"[1, 3, 0, 4, 6, 2, 5]",345,307,58,117,221,5,99
1514,,7,76,pauli_polynomial_steiner_gray_clifford,"[1, 3, 0, 5, 4, 2, 6]",312,282,57,115,227,5,97
1515,,7,76,pauli_polynomial_steiner_gray_clifford,"[1, 3, 0, 6, 4, 2, 5]",348,300,58,117,235,4,92
1516,,7,76,pauli_polynomial_steiner_gray_clifford,"[1, 3, 0, 5, 6, 2, 4]",340,299,61,125,234,2,92
1517,,7,76,pauli_polynomial_steiner_gray_clifford,"[1, 3, 0, 6, 5, 2, 4]",352,314,59,122,232,3,93
1518,,7,76,pauli_polynomial_steiner_gray_clifford,"[1, 4, 0, 3, 5, 2, 6]",343,306,57,113,213,5,104
1519,,7,76,pauli_polynomial_steiner_gray_clifford,"[1, 4, 0, 3, 6, 2, 5]",347,306,54,118,205,4,107
1520,,7,76,pauli_polynomial_steiner_gray_clifford,"[1, 5, 0, 3, 4, 2, 6]",360,308,62,125,237,2,92
1521,,7,76,pauli_polynomial_steiner_gray_clifford,"[1, 6, 0, 3, 4, 2, 5]",346,300,57,116,227,3,96
1522,,7,76,pauli_polynomial_steiner_gray_clifford,"[1, 5, 0, 3, 6, 2, 4]",345,307,60,135,228,2,95
1523,,7,76,pauli_polynomial_steiner_gray_clifford,"[1, 6, 0, 3, 5, 2, 4]",353,314,58,121,226,4,96
1524,,7,76,pauli_polynomial_steiner_gray_clifford,"[1, 4, 0, 5, 3, 2, 6]",341,302,57,112,225,4,98
1525,,7,76,pauli_polynomial_steiner_gray_clifford,"[1, 4, 0, 6, 3, 2, 5]",373,327,54,118,215,4,102
1526,,7,76,pauli_polynomial_steiner_gray_clifford,"[1, 5, 0, 4, 3, 2, 6]",360,313,60,121,233,3,94
1527,,7,76,pauli_polynomial_steiner_gray_clifford,"[1, 6, 0, 4, 3, 2, 5]",351,316,57,116,223,4,98
1528,,7,76,pauli_polynomial_steiner_gray_clifford,"[1, 5, 0, 6, 3, 2, 4]",361,325,61,137,238,2,90
1529,,7,76,pauli_polynomial_steiner_gray_clifford,"[1, 6, 0, 5, 3, 2, 4]",366,319,61,126,238,3,90
1530,,7,76,pauli_polynomial_steiner_gray_clifford,"[1, 4, 0, 5, 6, 2, 3]",363,315,57,113,227,3,98
1531,,7,76,pauli_polynomial_steiner_gray_clifford,"[1, 4, 0, 6, 5, 2, 3]",348,300,57,114,225,4,99
1532,,7,76,pauli_polynomial_steiner_gray_clifford,"[1, 5, 0, 4, 6, 2, 3]",347,306,60,122,237,4,93
1533,,7,76,pauli_polynomial_steiner_gray_clifford,"[1, 6, 0, 4, 5, 2, 3]",368,326,54,112,217,7,103
1534,,7,76,pauli_polynomial_steiner_gray_clifford,"[1, 5, 0, 6, 4, 2, 3]",335,297,63,128,251,3,86
1535,,7,76,pauli_polynomial_steiner_gray_clifford,"[1, 6, 0, 5, 4, 2, 3]",352,310,57,117,233,5,95
1536,,7,76,pauli_polynomial_steiner_gray_clifford,"[1, 3, 0, 4, 5, 6, 2]",326,289,57,110,214,7,104
1537,,7,76,pauli_polynomial_steiner_gray_clifford,"[1, 3, 0, 4, 6, 5, 2]",334,296,59,113,228,5,97
1538,,7,76,pauli_polynomial_steiner_gray_clifford,"[1, 3, 0, 5, 4, 6, 2]",342,296,58,113,226,6,98
1539,,7,76,pauli_polynomial_steiner_gray_clifford,"[1, 3, 0, 6, 4, 5, 2]",356,308,56,113,224,7,99
1540,,7,76,pauli_polynomial_steiner_gray_clifford,"[1, 3, 0, 5, 6, 4, 2]",344,302,63,120,244,3,89
1541,,7,76,pauli_polynomial_steiner_gray_clifford,"[1, 3, 0, 6, 5, 4, 2]",348,307,59,117,228,6,97
1542,,7,76,pauli_polynomial_steiner_gray_clifford,"[1, 4, 0, 3, 5, 6, 2]",334,290,56,111,216,5,103
1543,,7,76,pauli_polynomial_steiner_gray_clifford,"[1, 4, 0, 3, 6, 5, 2]",349,306,56,114,212,4,105
1544,,7,76,pauli_polynomial_steiner_gray_clifford,"[1, 5, 0, 3, 4, 6, 2]",334,299,61,123,236,3,93
1545,,7,76,pauli_polynomial_steiner_gray_clifford,"[1, 6, 0, 3, 4, 5, 2]",349,309,55,112,216,6,103
1546,,7,76,pauli_polynomial_steiner_gray_clifford,"[1, 5, 0, 3, 6, 4, 2]",318,279,62,130,238,3,92
1547,,7,76,pauli_polynomial_steiner_gray_clifford,"[1, 6, 0, 3, 5, 4, 2]",359,319,56,116,222,7,100
1548,,7,76,pauli_polynomial_steiner_gray_clifford,"[1, 4, 0, 5, 3, 6, 2]",347,308,56,110,214,4,104
1549,,7,76,pauli_polynomial_steiner_gray_clifford,"[1, 4, 0, 6, 3, 5, 2]",349,311,55,114,212,5,105
1550,,7,76,pauli_polynomial_steiner_gray_clifford,"[1, 5, 0, 4, 3, 6, 2]",348,309,60,119,222,3,100
1551,,7,76,pauli_polynomial_steiner_gray_clifford,"[1, 6, 0, 4, 3, 5, 2]",356,317,57,112,220,5,101
1552,,7,76,pauli_polynomial_steiner_gray_clifford,"[1, 5, 0, 6, 3, 4, 2]",351,298,64,132,236,2,93
1553,,7,76,pauli_polynomial_steiner_gray_clifford,"[1, 6, 0, 5, 3, 4, 2]",362,311,62,121,236,3,93
1554,,7,76,pauli_polynomial_steiner_gray_clifford,"[1, 4, 0, 5, 6, 3, 2]",355,318,59,113,224,3,99
1555,,7,76,pauli_polynomial_steiner_gray_clifford,"[1, 4, 0, 6, 5, 3, 2]",335,300,58,114,226,5,98
1556,,7,76,pauli_polynomial_steiner_gray_clifford,"[1, 5, 0, 4, 6, 3, 2]",349,306,61,122,234,4,94
1557,,7,76,pauli_polynomial_steiner_gray_clifford,"[1, 6, 0, 4, 5, 3, 2]",359,306,56,112,218,8,102
1558,,7,76,pauli_polynomial_steiner_gray_clifford,"[1, 5, 0, 6, 4, 3, 2]",342,306,64,128,246,3,88
1559,,7,76,pauli_polynomial_steiner_gray_clifford,"[1, 6, 0, 5, 4, 3, 2]",355,307,60,117,228,5,97
1560,,7,76,pauli_polynomial_steiner_gray_clifford,"[2, 1, 0, 3, 4, 5, 6]",331,289,56,101,221,7,104
1561,,7,76,pauli_polynomial_steiner_gray_clifford,"[2, 1, 0, 3, 4, 6, 5]",343,296,56,103,231,5,98
1562,,7,76,pauli_polynomial_steiner_gray_clifford,"[2, 1, 0, 3, 5, 4, 6]",359,314,54,102,223,9,103
1563,,7,76,pauli_polynomial_steiner_gray_clifford,"[2, 1, 0, 3, 6, 4, 5]",346,303,52,98,215,8,106
1564,,7,76,pauli_polynomial_steiner_gray_clifford,"[2, 1, 0, 3, 5, 6, 4]",338,302,56,105,230,6,98
1565,,7,76,pauli_polynomial_steiner_gray_clifford,"[2, 1, 0, 3, 6, 5, 4]",357,309,54,99,212,7,107
1566,,7,76,pauli_polynomial_steiner_gray_clifford,"[2, 1, 0, 4, 3, 5, 6]",346,299,54,100,225,6,102
1567,,7,76,pauli_polynomial_steiner_gray_clifford,"[2, 1, 0, 4, 3, 6, 5]",334,285,53,102,217,5,105
1568,,7,76,pauli_polynomial_steiner_gray_clifford,"[2, 1, 0, 5, 3, 4, 6]",347,306,58,104,237,5,96
1569,,7,76,pauli_polynomial_steiner_gray_clifford,"[2, 1, 0, 6, 3, 4, 5]",335,302,53,95,213,7,107
1570,,7,76,pauli_polynomial_steiner_gray_clifford,"[2, 1, 0, 5, 3, 6, 4]",346,312,57,107,228,5,99
1571,,7,76,pauli_polynomial_steiner_gray_clifford,"[2, 1, 0, 6, 3, 5, 4]",346,299,53,96,212,8,107
1572,,7,76,pauli_polynomial_steiner_gray_clifford,"[2, 1, 0, 4, 5, 3, 6]",346,309,49,93,209,9,110
1573,,7,76,pauli_polynomial_steiner_gray_clifford,"[2, 1, 0, 4, 6, 3, 5]",339,292,51,99,219,7,104
1574,,7,76,pauli_polynomial_steiner_gray_clifford,"[2, 1, 0, 5, 4, 3, 6]",327,292,55,96,219,6,105
1575,,7,76,pauli_polynomial_steiner_gray_clifford,"[2, 1, 0, 6, 4, 3, 5]",329,282,55,97,231,6,98
1576,,7,76,pauli_polynomial_steiner_gray_clifford,"[2, 1, 0, 5, 6, 3, 4]",363,322,60,105,226,3,100
1577,,7,76,pauli_polynomial_steiner_gray_clifford,"[2, 1, 0, 6, 5, 3, 4]",334,293,58,100,228,5,99
1578,,7,76,pauli_polynomial_steiner_gray_clifford,"[2, 1, 0, 4, 5, 6, 3]",348,298,50,91,211,8,110
1579,,7,76,pauli_polynomial_steiner_gray_clifford,"[2, 1, 0, 4, 6, 5, 3]",344,295,53,95,229,7,101
1580,,7,76,pauli_polynomial_steiner_gray_clifford,"[2, 1, 0, 5, 4, 6, 3]",346,304,54,94,223,7,104
1581,,7,76,pauli_polynomial_steiner_gray_clifford,"[2, 1, 0, 6, 4, 5, 3]",343,297,54,93,225,9,103
1582,,7,76,pauli_polynomial_steiner_gray_clifford,"[2, 1, 0, 5, 6, 4, 3]",337,308,60,100,239,4,96
1583,,7,76,pauli_polynomial_steiner_gray_clifford,"[2, 1, 0, 6, 5, 4, 3]",351,310,57,95,223,7,104
1584,,7,76,pauli_polynomial_steiner_gray_clifford,"[3, 1, 0, 2, 4, 5, 6]",338,298,56,109,232,7,99
1585,,7,76,pauli_polynomial_steiner_gray_clifford,"[3, 1, 0, 2, 4, 6, 5]",350,307,60,111,242,5,93
1586,,7,76,pauli_polynomial_steiner_gray_clifford,"[3, 1, 0, 2, 5, 4, 6]",338,296,56,110,228,8,101
1587,,7,76,pauli_polynomial_steiner_gray_clifford,"[3, 1, 0, 2, 6, 4, 5]",357,311,58,106,224,8,102
1588,,7,76,pauli_polynomial_steiner_gray_clifford,"[3, 1, 0, 2, 5, 6, 4]",353,306,59,113,235,5,96
1589,,7,76,pauli_polynomial_steiner_gray_clifford,"[3, 1, 0, 2, 6, 5, 4]",346,312,57,107,221,7,103
1590,,7,76,pauli_polynomial_steiner_gray_clifford,"[4, 1, 0, 2, 3, 5, 6]",343,303,58,114,231,5,97
1591,,7,76,pauli_polynomial_steiner_gray_clifford,"[4, 1, 0, 2, 3, 6, 5]",345,305,55,116,223,4,100
1592,,7,76,pauli_polynomial_steiner_gray_clifford,"[5, 1, 0, 2, 3, 4, 6]",318,281,62,126,242,5,92
1593,,7,76,pauli_polynomial_steiner_gray_clifford,"[6, 1, 0, 2, 3, 4, 5]",348,302,58,104,224,7,101
1594,,7,76,pauli_polynomial_steiner_gray_clifford,"[5, 1, 0, 2, 3, 6, 4]",362,327,59,129,233,5,95
1595,,7,76,pauli_polynomial_steiner_gray_clifford,"[6, 1, 0, 2, 3, 5, 4]",385,337,58,105,223,8,101
1596,,7,76,pauli_polynomial_steiner_gray_clifford,"[4, 1, 0, 2, 5, 3, 6]",357,312,57,107,217,5,104
1597,,7,76,pauli_polynomial_steiner_gray_clifford,"[4, 1, 0, 2, 6, 3, 5]",362,321,55,113,213,5,105
1598,,7,76,pauli_polynomial_steiner_gray_clifford,"[5, 1, 0, 2, 4, 3, 6]",361,311,61,118,232,4,97
1599,,7,76,pauli_polynomial_steiner_gray_clifford,"[6, 1, 0, 2, 4, 3, 5]",339,294,60,106,232,5,97
1600,,7,76,pauli_polynomial_steiner_gray_clifford,"[5, 1, 0, 2, 6, 3, 4]",353,307,60,127,221,4,101
1601,,7,76,pauli_polynomial_steiner_gray_clifford,"[6, 1, 0, 2, 5, 3, 4]",351,310,61,109,225,5,100
1602,,7,76,pauli_polynomial_steiner_gray_clifford,"[4, 1, 0, 2, 5, 6, 3]",341,306,55,105,219,4,104
1603,,7,76,pauli_polynomial_steiner_gray_clifford,"[4, 1, 0, 2, 6, 5, 3]",353,317,56,109,223,5,102
1604,,7,76,pauli_polynomial_steiner_gray_clifford,"[5, 1, 0, 2, 4, 6, 3]",332,293,60,116,236,5,96
1605,,7,76,pauli_polynomial_steiner_gray_clifford,"[6, 1, 0, 2, 4, 5, 3]",347,311,55,102,226,8,102
1606,,7,76,pauli_polynomial_steiner_gray_clifford,"[5, 1, 0, 2, 6, 4, 3]",351,307,62,122,234,5,97
1607,,7,76,pauli_polynomial_steiner_gray_clifford,"[6, 1, 0, 2, 5, 4, 3]",344,306,56,104,220,7,105
1608,,7,76,pauli_polynomial_steiner_gray_clifford,"[3, 1, 0, 4, 2, 5, 6]",332,289,57,109,232,4,99
1609,,7,76,pauli_polynomial_steiner_gray_clifford,"[3, 1, 0, 4, 2, 6, 5]",354,310,59,111,228,4,100
1610,,7,76,pauli_polynomial_steiner_gray_clifford,"[3, 1, 0, 5, 2, 4, 6]",341,296,60,113,244,3,93
1611,,7,76,pauli_polynomial_steiner_gray_clifford,"[3, 1, 0, 6, 2, 4, 5]",364,324,58,106,224,6,102
1612,,7,76,pauli_polynomial_steiner_gray_clifford,"[3, 1, 0, 5, 2, 6, 4]",335,300,60,116,233,3,97
1613,,7,76,pauli_polynomial_steiner_gray_clifford,"[3, 1, 0, 6, 2, 5, 4]",348,315,56,107,217,6,105
1614,,7,76,pauli_polynomial_steiner_gray_clifford,"[4, 1, 0, 3, 2, 5, 6]",341,300,61,115,227,3,99
1615,,7,76,pauli_polynomial_steiner_gray_clifford,"[4, 1, 0, 3, 2, 6, 5]",355,317,57,117,223,3,100
1616,,7,76,pauli_polynomial_steiner_gray_clifford,"[5, 1, 0, 3, 2, 4, 6]",378,329,62,127,244,4,91
1617,,7,76,pauli_polynomial_steiner_gray_clifford,"[6, 1, 0, 3, 2, 4, 5]",371,328,57,107,226,6,100
1618,,7,76,pauli_polynomial_steiner_gray_clifford,"[5, 1, 0, 3, 2, 6, 4]",357,322,59,130,233,4,95
1619,,7,76,pauli_polynomial_steiner_gray_clifford,"[6, 1, 0, 3, 2, 5, 4]",367,321,58,108,219,6,103
1620,,7,76,pauli_polynomial_steiner_gray_clifford,"[4, 1, 0, 5, 2, 3, 6]",311,277,60,107,225,2,100
1621,,7,76,pauli_polynomial_steiner_gray_clifford,"[4, 1, 0, 6, 2, 3, 5]",347,314,56,114,223,4,100
1622,,7,76,pauli_polynomial_steiner_gray_clifford,"[5, 1, 0, 4, 2, 3, 6]",334,288,58,115,230,4,98
1623,,7,76,pauli_polynomial_steiner_gray_clifford,"[6, 1, 0, 4, 2, 3, 5]",344,301,57,109,230,5,98
1624,,7,76,pauli_polynomial_steiner_gray_clifford,"[5, 1, 0, 6, 2, 3, 4]",351,317,60,130,231,3,96
1625,,7,76,pauli_polynomial_steiner_gray_clifford,"[6, 1, 0, 5, 2, 3, 4]",324,290,63,117,233,2,96
1626,,7,76,pauli_polynomial_steiner_gray_clifford,"[4, 1, 0, 5, 2, 6, 3]",342,299,57,105,217,2,105
1627,,7,76,pauli_polynomial_steiner_gray_clifford,"[4, 1, 0, 6, 2, 5, 3]",355,307,57,110,219,4,104
1628,,7,76,pauli_polynomial_steiner_gray_clifford,"[5, 1, 0, 4, 2, 6, 3]",343,293,58,113,222,4,103
1629,,7,76,pauli_polynomial_steiner_gray_clifford,"[6, 1, 0, 4, 2, 5, 3]",332,290,55,105,226,5,102
1630,,7,76,pauli_polynomial_steiner_gray_clifford,"[5, 1, 0, 6, 2, 4, 3]",341,296,63,125,234,3,97
1631,,7,76,pauli_polynomial_steiner_gray_clifford,"[6, 1, 0, 5, 2, 4, 3]",363,322,60,112,236,2,97
1632,,7,76,pauli_polynomial_steiner_gray_clifford,"[3, 1, 0, 4, 5, 2, 6]",345,308,52,103,214,7,108
1633,,7,76,pauli_polynomial_steiner_gray_clifford,"[3, 1, 0, 4, 6, 2, 5]",336,289,56,108,224,5,102
1634,,7,76,pauli_polynomial_steiner_gray_clifford,"[3, 1, 0, 5, 4, 2, 6]",337,293,55,106,230,5,100
1635,,7,76,pauli_polynomial_steiner_gray_clifford,"[3, 1, 0, 6, 4, 2, 5]",337,293,57,108,238,4,95
1636,,7,76,pauli_polynomial_steiner_gray_clifford,"[3, 1, 0, 5, 6, 2, 4]",357,300,61,116,237,2,95
1637,,7,76,pauli_polynomial_steiner_gray_clifford,"[3, 1, 0, 6, 5, 2, 4]",358,318,59,113,235,3,96
1638,,7,76,pauli_polynomial_steiner_gray_clifford,"[4, 1, 0, 3, 5, 2, 6]",352,310,58,109,217,4,104
1639,,7,76,pauli_polynomial_steiner_gray_clifford,"[4, 1, 0, 3, 6, 2, 5]",331,286,54,114,209,3,107
1640,,7,76,pauli_polynomial_steiner_gray_clifford,"[5, 1, 0, 3, 4, 2, 6]",329,290,61,120,232,3,97
1641,,7,76,pauli_polynomial_steiner_gray_clifford,"[6, 1, 0, 3, 4, 2, 5]",353,308,58,109,228,3,99
1642,,7,76,pauli_polynomial_steiner_gray_clifford,"[5, 1, 0, 3, 6, 2, 4]",357,311,58,130,223,3,100
1643,,7,76,pauli_polynomial_steiner_gray_clifford,"[6, 1, 0, 3, 5, 2, 4]",360,322,59,114,227,4,99
1644,,7,76,pauli_polynomial_steiner_gray_clifford,"[4, 1, 0, 5, 3, 2, 6]",358,320,58,108,229,3,98
1645,,7,76,pauli_polynomial_steiner_gray_clifford,"[4, 1, 0, 6, 3, 2, 5]",326,301,53,114,219,3,102
1646,,7,76,pauli_polynomial_steiner_gray_clifford,"[5, 1, 0, 4, 3, 2, 6]",333,293,58,116,228,4,99
1647,,7,76,pauli_polynomial_steiner_gray_clifford,"[6, 1, 0, 4, 3, 2, 5]",343,302,56,109,224,4,101
1648,,7,76,pauli_polynomial_steiner_gray_clifford,"[5, 1, 0, 6, 3, 2, 4]",355,317,58,132,233,3,95
1649,,7,76,pauli_polynomial_steiner_gray_clifford,"[6, 1, 0, 5, 3, 2, 4]",360,322,61,119,239,3,93
1650,,7,76,pauli_polynomial_steiner_gray_clifford,"[4, 1, 0, 5, 6, 2, 3]",330,289,58,109,231,2,98
1651,,7,76,pauli_polynomial_steiner_gray_clifford,"[4, 1, 0, 6, 5, 2, 3]",336,302,57,110,229,3,99
1652,,7,76,pauli_polynomial_steiner_gray_clifford,"[5, 1, 0, 4, 6, 2, 3]",343,301,57,117,232,5,98
1653,,7,76,pauli_polynomial_steiner_gray_clifford,"[6, 1, 0, 4, 5, 2, 3]",342,304,51,105,218,7,106
1654,,7,76,pauli_polynomial_steiner_gray_clifford,"[5, 1, 0, 6, 4, 2, 3]",357,309,60,123,246,4,91
1655,,7,76,pauli_polynomial_steiner_gray_clifford,"[6, 1, 0, 5, 4, 2, 3]",327,282,55,110,234,5,98
1656,,7,76,pauli_polynomial_steiner_gray_clifford,"[3, 1, 0, 4, 5, 6, 2]",343,295,55,101,217,7,107
1657,,7,76,pauli_polynomial_steiner_gray_clifford,"[3, 1, 0, 4, 6, 5, 2]",344,298,57,104,231,5,100
1658,,7,76,pauli_polynomial_steiner_gray_clifford,"[3, 1, 0, 5, 4, 6, 2]",338,294,57,104,229,6,101
1659,,7,76,pauli_polynomial_steiner_gray_clifford,"[3, 1, 0, 6, 4, 5, 2]",336,291,55,104,227,7,102
1660,,7,76,pauli_polynomial_steiner_gray_clifford,"[3, 1, 0, 5, 6, 4, 2]",347,310,63,111,247,3,92
1661,,7,76,pauli_polynomial_steiner_gray_clifford,"[3, 1, 0, 6, 5, 4, 2]",322,284,59,108,231,6,100
1662,,7,76,pauli_polynomial_steiner_gray_clifford,"[4, 1, 0, 3, 5, 6, 2]",352,306,57,107,220,4,103
1663,,7,76,pauli_polynomial_steiner_gray_clifford,"[4, 1, 0, 3, 6, 5, 2]",349,307,57,110,216,3,105
1664,,7,76,pauli_polynomial_steiner_gray_clifford,"[5, 1, 0, 3, 4, 6, 2]",322,281,59,118,231,4,98
1665,,7,76,pauli_polynomial_steiner_gray_clifford,"[6, 1, 0, 3, 4, 5, 2]",351,305,56,105,217,6,106
1666,,7,76,pauli_polynomial_steiner_gray_clifford,"[5, 1, 0, 3, 6, 4, 2]",361,309,59,125,233,4,97
1667,,7,76,pauli_polynomial_steiner_gray_clifford,"[6, 1, 0, 3, 5, 4, 2]",373,326,56,109,223,7,103
1668,,7,76,pauli_polynomial_steiner_gray_clifford,"[4, 1, 0, 5, 3, 6, 2]",323,279,57,106,218,3,104
1669,,7,76,pauli_polynomial_steiner_gray_clifford,"[4, 1, 0, 6, 3, 5, 2]",360,314,55,110,216,4,105
1670,,7,76,pauli_polynomial_steiner_gray_clifford,"[5, 1, 0, 4, 3, 6, 2]",328,289,57,114,217,4,105
1671,,7,76,pauli_polynomial_steiner_gray_clifford,"[6, 1, 0, 4, 3, 5, 2]",339,294,56,105,221,5,104
1672,,7,76,pauli_polynomial_steiner_gray_clifford,"[5, 1, 0, 6, 3, 4, 2]",353,323,60,127,231,3,98
1673,,7,76,pauli_polynomial_steiner_gray_clifford,"[6, 1, 0, 5, 3, 4, 2]",340,293,61,114,237,3,96
1674,,7,76,pauli_polynomial_steiner_gray_clifford,"[4, 1, 0, 5, 6, 3, 2]",352,304,60,109,228,2,99
1675,,7,76,pauli_polynomial_steiner_gray_clifford,"[4, 1, 0, 6, 5, 3, 2]",335,297,58,110,230,4,98
1676,,7,76,pauli_polynomial_steiner_gray_clifford,"[5, 1, 0, 4, 6, 3, 2]",323,283,56,117,229,5,99
1677,,7,76,pauli_polynomial_steiner_gray_clifford,"[6, 1, 0, 4, 5, 3, 2]",338,293,53,105,219,8,105
1678,,7,76,pauli_polynomial_steiner_gray_clifford,"[5, 1, 0, 6, 4, 3, 2]",354,306,59,123,241,4,93
1679,,7,76,pauli_polynomial_steiner_gray_clifford,"[6, 1, 0, 5, 4, 3, 2]",352,309,58,110,229,5,100
1680,,7,76,pauli_polynomial_steiner_gray_clifford,"[2, 3, 0, 1, 4, 5, 6]",333,288,58,104,223,6,103
1681,,7,76,pauli_polynomial_steiner_gray_clifford,"[2, 3, 0, 1, 4, 6, 5]",363,314,58,106,233,4,97
1682,,7,76,pauli_polynomial_steiner_gray_clifford,"[2, 3, 0, 1, 5, 4, 6]",344,297,58,105,233,7,98
1683,,7,76,pauli_polynomial_steiner_gray_clifford,"[2, 3, 0, 1, 6, 4, 5]",346,307,55,101,225,7,101
1684,,7,76,pauli_polynomial_steiner_gray_clifford,"[2, 3, 0, 1, 5, 6, 4]",370,323,61,108,240,4,93
1685,,7,76,pauli_polynomial_steiner_gray_clifford,"[2, 3, 0, 1, 6, 5, 4]",357,317,58,102,222,6,102
1686,,7,76,pauli_polynomial_steiner_gray_clifford,"[2, 4, 0, 1, 3, 5, 6]",334,293,57,107,233,5,98
1687,,7,76,pauli_polynomial_steiner_gray_clifford,"[2, 4, 0, 1, 3, 6, 5]",319,284,56,109,225,4,101
1688,,7,76,pauli_polynomial_steiner_gray_clifford,"[2, 5, 0, 1, 3, 4, 6]",331,295,59,109,239,3,95
1689,,7,76,pauli_polynomial_steiner_gray_clifford,"[2, 6, 0, 1, 3, 4, 5]",340,297,54,93,219,6,104
1690,,7,76,pauli_polynomial_steiner_gray_clifford,"[2, 5, 0, 1, 3, 6, 4]",336,299,60,112,230,3,98
1691,,7,76,pauli_polynomial_steiner_gray_clifford,"[2, 6, 0, 1, 3, 5, 4]",333,297,56,94,218,7,104
1692,,7,76,pauli_polynomial_steiner_gray_clifford,"[2, 4, 0, 1, 5, 3, 6]",350,311,55,100,227,5,101
1693,,7,76,pauli_polynomial_steiner_gray_clifford,"[2, 4, 0, 1, 6, 3, 5]",334,292,54,106,219,5,104
1694,,7,76,pauli_polynomial_steiner_gray_clifford,"[2, 5, 0, 1, 4, 3, 6]",350,311,57,101,223,2,103
1695,,7,76,pauli_polynomial_steiner_gray_clifford,"[2, 6, 0, 1, 4, 3, 5]",347,299,55,95,221,4,103
1696,,7,76,pauli_polynomial_steiner_gray_clifford,"[2, 5, 0, 1, 6, 3, 4]",355,315,61,110,222,2,102
1697,,7,76,pauli_polynomial_steiner_gray_clifford,"[2, 6, 0, 1, 5, 3, 4]",336,293,60,98,228,4,99
1698,,7,76,pauli_polynomial_steiner_gray_clifford,"[2, 4, 0, 1, 5, 6, 3]",317,285,55,98,229,4,101
1699,,7,76,pauli_polynomial_steiner_gray_clifford,"[2, 4, 0, 1, 6, 5, 3]",344,295,55,102,229,5,101
1700,,7,76,pauli_polynomial_steiner_gray_clifford,"[2, 5, 0, 1, 4, 6, 3]",358,318,56,99,227,3,102
1701,,7,76,pauli_polynomial_steiner_gray_clifford,"[2, 6, 0, 1, 4, 5, 3]",352,303,54,91,215,7,108
1702,,7,76,pauli_polynomial_steiner_gray_clifford,"[2, 5, 0, 1, 6, 4, 3]",344,302,59,105,235,3,98
1703,,7,76,pauli_polynomial_steiner_gray_clifford,"[2, 6, 0, 1, 5, 4, 3]",319,279,57,93,223,6,104
1704,,7,76,pauli_polynomial_steiner_gray_clifford,"[3, 2, 0, 1, 4, 5, 6]",327,286,55,104,226,7,102
1705,,7,76,pauli_polynomial_steiner_gray_clifford,"[3, 2, 0, 1, 4, 6, 5]",348,306,57,106,236,5,96
1706,,7,76,pauli_polynomial_steiner_gray_clifford,"[3, 2, 0, 1, 5, 4, 6]",342,294,57,105,236,8,97
1707,,7,76,pauli_polynomial_steiner_gray_clifford,"[3, 2, 0, 1, 6, 4, 5]",348,307,56,101,228,8,100
1708,,7,76,pauli_polynomial_steiner_gray_clifford,"[3, 2, 0, 1, 5, 6, 4]",356,318,60,108,243,5,92
1709,,7,76,pauli_polynomial_steiner_gray_clifford,"[3, 2, 0, 1, 6, 5, 4]",357,311,57,102,225,7,101
1710,,7,76,pauli_polynomial_steiner_gray_clifford,"[4, 2, 0, 1, 3, 5, 6]",351,309,58,112,237,5,94
1711,,7,76,pauli_polynomial_steiner_gray_clifford,"[4, 2, 0, 1, 3, 6, 5]",351,313,57,114,229,4,97
1712,,7,76,pauli_polynomial_steiner_gray_clifford,"[5, 2, 0, 1, 3, 4, 6]",375,336,57,113,234,5,96
1713,,7,76,pauli_polynomial_steiner_gray_clifford,"[6, 2, 0, 1, 3, 4, 5]",327,289,55,95,220,7,103
1714,,7,76,pauli_polynomial_steiner_gray_clifford,"[5, 2, 0, 1, 3, 6, 4]",330,299,57,116,225,5,99
1715,,7,76,pauli_polynomial_steiner_gray_clifford,"[6, 2, 0, 1, 3, 5, 4]",327,289,56,96,219,8,103
1716,,7,76,pauli_polynomial_steiner_gray_clifford,"[4, 2, 0, 1, 5, 3, 6]",340,296,58,105,231,5,97
1717,,7,76,pauli_polynomial_steiner_gray_clifford,"[4, 2, 0, 1, 6, 3, 5]",329,289,57,111,223,5,100
1718,,7,76,pauli_polynomial_steiner_gray_clifford,"[5, 2, 0, 1, 4, 3, 6]",335,292,55,105,218,4,104
1719,,7,76,pauli_polynomial_steiner_gray_clifford,"[6, 2, 0, 1, 4, 3, 5]",357,310,56,97,222,5,102
1720,,7,76,pauli_polynomial_steiner_gray_clifford,"[5, 2, 0, 1, 6, 3, 4]",363,328,58,114,217,4,103
1721,,7,76,pauli_polynomial_steiner_gray_clifford,"[6, 2, 0, 1, 5, 3, 4]",349,318,60,100,229,5,98
1722,,7,76,pauli_polynomial_steiner_gray_clifford,"[4, 2, 0, 1, 5, 6, 3]",342,301,57,103,233,4,97
1723,,7,76,pauli_polynomial_steiner_gray_clifford,"[4, 2, 0, 1, 6, 5, 3]",357,317,57,107,233,5,97
1724,,7,76,pauli_polynomial_steiner_gray_clifford,"[5, 2, 0, 1, 4, 6, 3]",322,284,54,103,222,5,103
1725,,7,76,pauli_polynomial_steiner_gray_clifford,"[6, 2, 0, 1, 4, 5, 3]",353,308,53,93,216,8,107
1726,,7,76,pauli_polynomial_steiner_gray_clifford,"[5, 2, 0, 1, 6, 4, 3]",324,285,57,109,230,5,99
1727,,7,76,pauli_polynomial_steiner_gray_clifford,"[6, 2, 0, 1, 5, 4, 3]",321,291,56,95,224,7,103
1728,,7,76,pauli_polynomial_steiner_gray_clifford,"[3, 4, 0, 1, 2, 5, 6]",323,289,56,103,224,5,103
1729,,7,76,pauli_polynomial_steiner_gray_clifford,"[3, 4, 0, 1, 2, 6, 5]",340,300,54,105,220,5,104
1730,,7,76,pauli_polynomial_steiner_gray_clifford,"[3, 5, 0, 1, 2, 4, 6]",332,291,59,108,242,5,94
1731,,7,76,pauli_polynomial_steiner_gray_clifford,"[3, 6, 0, 1, 2, 4, 5]",330,285,53,95,218,7,105
1732,,7,76,pauli_polynomial_steiner_gray_clifford,"[3, 5, 0, 1, 2, 6, 4]",324,283,57,111,231,5,98
1733,,7,76,pauli_polynomial_steiner_gray_clifford,"[3, 6, 0, 1, 2, 5, 4]",355,321,53,96,211,7,108
1734,,7,76,pauli_polynomial_steiner_gray_clifford,"[4, 3, 0, 1, 2, 5, 6]",345,300,60,108,225,4,100
1735,,7,76,pauli_polynomial_steiner_gray_clifford,"[4, 3, 0, 1, 2, 6, 5]",335,299,56,110,221,4,101
1736,,7,76,pauli_polynomial_steiner_gray_clifford,"[5, 3, 0, 1, 2, 4, 6]",367,324,58,112,234,6,96
1737,,7,76,pauli_polynomial_steiner_gray_clifford,"[6, 3, 0, 1, 2, 4, 5]",324,285,53,97,216,7,105
1738,,7,76,pauli_polynomial_steiner_gray_clifford,"[5, 3, 0, 1, 2, 6, 4]",325,288,55,115,223,6,100
1739,,7,76,pauli_polynomial_steiner_gray_clifford,"[6, 3, 0, 1, 2, 5, 4]",330,287,54,98,209,7,108
1740,,7,76,pauli_polynomial_steiner_gray_clifford,"[4, 5, 0, 1, 2, 3, 6]",338,294,56,96,221,6,102
1741,,7,76,pauli_polynomial_steiner_gray_clifford,"[4, 6, 0, 1, 2, 3, 5]",357,312,57,112,233,6,95
1742,,7,76,pauli_polynomial_steiner_gray_clifford,"[5, 4, 0, 1, 2, 3, 6]",338,294,51,95,212,8,107
1743,,7,76,pauli_polynomial_steiner_gray_clifford,"[6, 4, 0, 1, 2, 3, 5]",359,309,55,109,230,7,98
1744,,7,76,pauli_polynomial_steiner_gray_clifford,"[5, 6, 0, 1, 2, 3, 4]",351,307,60,122,231,4,96
1745,,7,76,pauli_polynomial_steiner_gray_clifford,"[6, 5, 0, 1, 2, 3, 4]",308,268,63,120,237,3,94
1746,,7,76,pauli_polynomial_steiner_gray_clifford,"[4, 5, 0, 1, 2, 6, 3]",337,291,52,94,213,6,107
1747,,7,76,pauli_polynomial_steiner_gray_clifford,"[4, 6, 0, 1, 2, 5, 3]",348,301,57,108,229,6,99
1748,,7,76,pauli_polynomial_steiner_gray_clifford,"[5, 4, 0, 1, 2, 6, 3]",340,291,48,93,204,8,112
1749,,7,76,pauli_polynomial_steiner_gray_clifford,"[6, 4, 0, 1, 2, 5, 3]",331,283,54,105,226,7,102
1750,,7,76,pauli_polynomial_steiner_gray_clifford,"[5, 6, 0, 1, 2, 4, 3]",328,286,60,117,234,4,97
1751,,7,76,pauli_polynomial_steiner_gray_clifford,"[6, 5, 0, 1, 2, 4, 3]",329,292,61,115,240,3,95
1752,,7,76,pauli_polynomial_steiner_gray_clifford,"[3, 4, 0, 1, 5, 2, 6]",348,304,56,97,224,4,103
1753,,7,76,pauli_polynomial_steiner_gray_clifford,"[3, 4, 0, 1, 6, 2, 5]",336,289,53,102,216,4,106
1754,,7,76,pauli_polynomial_steiner_gray_clifford,"[3, 5, 0, 1, 4, 2, 6]",326,294,57,101,232,3,99
1755,,7,76,pauli_polynomial_steiner_gray_clifford,"[3, 6, 0, 1, 4, 2, 5]",344,305,53,97,222,3,103
1756,,7,76,pauli_polynomial_steiner_gray_clifford,"[3, 5, 0, 1, 6, 2, 4]",332,289,58,111,231,3,98
1757,,7,76,pauli_polynomial_steiner_gray_clifford,"[3, 6, 0, 1, 5, 2, 4]",337,299,57,102,229,3,99
1758,,7,76,pauli_polynomial_steiner_gray_clifford,"[4, 3, 0, 1, 5, 2, 6]",339,302,60,102,225,3,100
1759,,7,76,pauli_polynomial_steiner_gray_clifford,"[4, 3, 0, 1, 6, 2, 5]",340,299,55,107,217,3,103
1760,,7,76,pauli_polynomial_steiner_gray_clifford,"[5, 3, 0, 1, 4, 2, 6]",316,275,58,105,224,4,101
1761,,7,76,pauli_polynomial_steiner_gray_clifford,"[6, 3, 0, 1, 4, 2, 5]",335,292,55,99,220,3,103
1762,,7,76,pauli_polynomial_steiner_gray_clifford,"[5, 3, 0, 1, 6, 2, 4]",336,292,56,115,223,4,100
1763,,7,76,pauli_polynomial_steiner_gray_clifford,"[6, 3, 0, 1, 5, 2, 4]",342,303,58,104,227,3,99
1764,,7,76,pauli_polynomial_steiner_gray_clifford,"[4, 5, 0, 1, 3, 2, 6]",338,297,56,97,227,5,99
1765,,7,76,pauli_polynomial_steiner_gray_clifford,"[4, 6, 0, 1, 3, 2, 5]",336,302,56,112,235,4,94
1766,,7,76,pauli_polynomial_steiner_gray_clifford,"[5, 4, 0, 1, 3, 2, 6]",338,297,53,96,218,7,104
1767,,7,76,pauli_polynomial_steiner_gray_clifford,"[6, 4, 0, 1, 3, 2, 5]",348,309,56,109,232,5,97
1768,,7,76,pauli_polynomial_steiner_gray_clifford,"[5, 6, 0, 1, 3, 2, 4]",350,302,60,124,239,3,92
1769,,7,76,pauli_polynomial_steiner_gray_clifford,"[6, 5, 0, 1, 3, 2, 4]",393,340,63,122,245,2,90
1770,,7,76,pauli_polynomial_steiner_gray_clifford,"[4, 5, 0, 1, 6, 2, 3]",341,297,53,98,223,5,102
1771,,7,76,pauli_polynomial_steiner_gray_clifford,"[4, 6, 0, 1, 5, 2, 3]",367,328,58,108,239,4,94
1772,,7,76,pauli_polynomial_steiner_gray_clifford,"[5, 4, 0, 1, 6, 2, 3]",339,297,49,97,214,7,107
1773,,7,76,pauli_polynomial_steiner_gray_clifford,"[6, 4, 0, 1, 5, 2, 3]",355,309,55,105,236,5,97
1774,,7,76,pauli_polynomial_steiner_gray_clifford,"[5, 6, 0, 1, 4, 2, 3]",331,294,58,115,236,3,96
1775,,7,76,pauli_polynomial_steiner_gray_clifford,"[6, 5, 0, 1, 4, 2, 3]",338,291,59,113,242,2,94
1776,,7,76,pauli_polynomial_steiner_gray_clifford,"[3, 4, 0, 1, 5, 6, 2]",345,302,56,95,227,4,102
1777,,7,76,pauli_polynomial_steiner_gray_clifford,"[3, 4, 0, 1, 6, 5, 2]",344,298,55,98,223,4,104
1778,,7,76,pauli_polynomial_steiner_gray_clifford,"[3, 5, 0, 1, 4, 6, 2]",360,310,56,99,231,4,100
1779,,7,76,pauli_polynomial_steiner_gray_clifford,"[3, 6, 0, 1, 4, 5, 2]",331,285,50,93,211,6,110
1780,,7,76,pauli_polynomial_steiner_gray_clifford,"[3, 5, 0, 1, 6, 4, 2]",367,319,59,106,241,4,95
1781,,7,76,pauli_polynomial_steiner_gray_clifford,"[3, 6, 0, 1, 5, 4, 2]",326,285,54,97,225,6,103
1782,,7,76,pauli_polynomial_steiner_gray_clifford,"[4, 3, 0, 1, 5, 6, 2]",328,290,59,100,228,3,99
1783,,7,76,pauli_polynomial_steiner_gray_clifford,"[4, 3, 0, 1, 6, 5, 2]",358,317,58,103,224,3,101
1784,,7,76,pauli_polynomial_steiner_gray_clifford,"[5, 3, 0, 1, 4, 6, 2]",342,303,55,103,223,5,102
1785,,7,76,pauli_polynomial_steiner_gray_clifford,"[6, 3, 0, 1, 4, 5, 2]",325,290,52,95,209,6,110
1786,,7,76,pauli_polynomial_steiner_gray_clifford,"[5, 3, 0, 1, 6, 4, 2]",361,324,56,110,233,5,97
1787,,7,76,pauli_polynomial_steiner_gray_clifford,"[6, 3, 0, 1, 5, 4, 2]",310,273,54,99,223,6,103
1788,,7,76,pauli_polynomial_steiner_gray_clifford,"[4, 5, 0, 1, 3, 6, 2]",349,301,55,95,216,5,105
1789,,7,76,pauli_polynomial_steiner_gray_clifford,"[4, 6, 0, 1, 3, 5, 2]",330,295,56,108,232,5,97
1790,,7,76,pauli_polynomial_steiner_gray_clifford,"[5, 4, 0, 1, 3, 6, 2]",349,301,51,94,207,7,110
1791,,7,76,pauli_polynomial_steiner_gray_clifford,"[6, 4, 0, 1, 3, 5, 2]",329,294,55,105,229,6,100
1792,,7,76,pauli_polynomial_steiner_gray_clifford,"[5, 6, 0, 1, 3, 4, 2]",351,308,58,119,237,3,95
1793,,7,76,pauli_polynomial_steiner_gray_clifford,"[6, 5, 0, 1, 3, 4, 2]",346,302,61,117,243,2,93
1794,,7,76,pauli_polynomial_steiner_gray_clifford,"[4, 5, 0, 1, 6, 3, 2]",332,302,56,98,220,5,103
1795,,7,76,pauli_polynomial_steiner_gray_clifford,"[4, 6, 0, 1, 5, 3, 2]",333,295,58,108,240,5,93
1796,,7,76,pauli_polynomial_steiner_gray_clifford,"[5, 4, 0, 1, 6, 3, 2]",332,302,50,97,211,7,108
1797,,7,76,pauli_polynomial_steiner_gray_clifford,"[6, 4, 0, 1, 5, 3, 2]",347,308,55,105,237,6,96
1798,,7,76,pauli_polynomial_steiner_gray_clifford,"[5, 6, 0, 1, 4, 3, 2]",329,286,56,115,231,3,98
1799,,7,76,pauli_polynomial_steiner_gray_clifford,"[6, 5, 0, 1, 4, 3, 2]",328,289,59,113,237,2,96
1800,,7,76,pauli_polynomial_steiner_gray_clifford,"[2, 3, 0, 4, 1, 5, 6]",339,303,57,106,229,5,100
1801,,7,76,pauli_polynomial_steiner_gray_clifford,"[2, 3, 0, 4, 1, 6, 5]",321,280,55,108,221,5,103
1802,,7,76,pauli_polynomial_steiner_gray_clifford,"[2, 3, 0, 5, 1, 4, 6]",331,290,60,107,241,4,94
1803,,7,76,pauli_polynomial_steiner_gray_clifford,"[2, 3, 0, 6, 1, 4, 5]",341,298,52,100,217,7,105
1804,,7,76,pauli_polynomial_steiner_gray_clifford,"[2, 3, 0, 5, 1, 6, 4]",349,305,60,110,240,4,93
1805,,7,76,pauli_polynomial_steiner_gray_clifford,"[2, 3, 0, 6, 1, 5, 4]",327,286,54,101,224,7,101
1806,,7,76,pauli_polynomial_steiner_gray_clifford,"[2, 4, 0, 3, 1, 5, 6]",349,315,58,110,235,5,97
1807,,7,76,pauli_polynomial_steiner_gray_clifford,"[2, 4, 0, 3, 1, 6, 5]",349,302,56,112,227,5,100
1808,,7,76,pauli_polynomial_steiner_gray_clifford,"[2, 5, 0, 3, 1, 4, 6]",332,296,57,109,233,4,98
1809,,7,76,pauli_polynomial_steiner_gray_clifford,"[2, 6, 0, 3, 1, 4, 5]",361,317,50,95,213,7,107
1810,,7,76,pauli_polynomial_steiner_gray_clifford,"[2, 5, 0, 3, 1, 6, 4]",322,281,58,112,232,4,97
1811,,7,76,pauli_polynomial_steiner_gray_clifford,"[2, 6, 0, 3, 1, 5, 4]",356,313,53,96,220,7,103
1812,,7,76,pauli_polynomial_steiner_gray_clifford,"[2, 4, 0, 5, 1, 3, 6]",341,299,57,99,233,4,98
1813,,7,76,pauli_polynomial_steiner_gray_clifford,"[2, 4, 0, 6, 1, 3, 5]",335,298,56,109,227,6,100
1814,,7,76,pauli_polynomial_steiner_gray_clifford,"[2, 5, 0, 4, 1, 3, 6]",346,302,53,97,219,4,105
1815,,7,76,pauli_polynomial_steiner_gray_clifford,"[2, 6, 0, 4, 1, 3, 5]",339,298,53,100,217,6,105
1816,,7,76,pauli_polynomial_steiner_gray_clifford,"[2, 5, 0, 6, 1, 3, 4]",344,311,57,109,230,3,98
1817,,7,76,pauli_polynomial_steiner_gray_clifford,"[2, 6, 0, 5, 1, 3, 4]",341,299,58,102,234,3,96
1818,,7,76,pauli_polynomial_steiner_gray_clifford,"[2, 4, 0, 5, 1, 6, 3]",345,311,56,97,229,4,101
1819,,7,76,pauli_polynomial_steiner_gray_clifford,"[2, 4, 0, 6, 1, 5, 3]",328,295,57,105,231,6,100
1820,,7,76,pauli_polynomial_steiner_gray_clifford,"[2, 5, 0, 4, 1, 6, 3]",356,310,53,95,215,4,108
1821,,7,76,pauli_polynomial_steiner_gray_clifford,"[2, 6, 0, 4, 1, 5, 3]",336,296,55,96,221,6,105
1822,,7,76,pauli_polynomial_steiner_gray_clifford,"[2, 5, 0, 6, 1, 4, 3]",367,324,56,104,227,3,102
1823,,7,76,pauli_polynomial_steiner_gray_clifford,"[2, 6, 0, 5, 1, 4, 3]",346,304,57,97,231,3,100
1824,,7,76,pauli_polynomial_steiner_gray_clifford,"[3, 2, 0, 4, 1, 5, 6]",340,300,55,106,232,6,99
1825,,7,76,pauli_polynomial_steiner_gray_clifford,"[3, 2, 0, 4, 1, 6, 5]",336,288,55,108,224,6,102
1826,,7,76,pauli_polynomial_steiner_gray_clifford,"[3, 2, 0, 5, 1, 4, 6]",340,293,59,107,244,5,93
1827,,7,76,pauli_polynomial_steiner_gray_clifford,"[3, 2, 0, 6, 1, 4, 5]",347,309,54,100,220,8,104
1828,,7,76,pauli_polynomial_steiner_gray_clifford,"[3, 2, 0, 5, 1, 6, 4]",325,291,59,110,243,5,92
1829,,7,76,pauli_polynomial_steiner_gray_clifford,"[3, 2, 0, 6, 1, 5, 4]",362,309,54,101,227,8,100
1830,,7,76,pauli_polynomial_steiner_gray_clifford,"[4, 2, 0, 3, 1, 5, 6]",330,294,59,115,239,5,93
1831,,7,76,pauli_polynomial_steiner_gray_clifford,"[4, 2, 0, 3, 1, 6, 5]",357,319,57,117,231,5,96
1832,,7,76,pauli_polynomial_steiner_gray_clifford,"[5, 2, 0, 3, 1, 4, 6]",335,296,56,113,228,6,99
1833,,7,76,pauli_polynomial_steiner_gray_clifford,"[6, 2, 0, 3, 1, 4, 5]",361,317,52,97,214,8,106
1834,,7,76,pauli_polynomial_steiner_gray_clifford,"[5, 2, 0, 3, 1, 6, 4]",334,294,56,116,227,6,98
1835,,7,76,pauli_polynomial_steiner_gray_clifford,"[6, 2, 0, 3, 1, 5, 4]",349,305,54,98,221,8,102
1836,,7,76,pauli_polynomial_steiner_gray_clifford,"[4, 2, 0, 5, 1, 3, 6]",337,295,59,104,237,4,94
1837,,7,76,pauli_polynomial_steiner_gray_clifford,"[4, 2, 0, 6, 1, 3, 5]",340,302,58,114,231,6,96
1838,,7,76,pauli_polynomial_steiner_gray_clifford,"[5, 2, 0, 4, 1, 3, 6]",351,305,52,101,214,6,106
1839,,7,76,pauli_polynomial_steiner_gray_clifford,"[6, 2, 0, 4, 1, 3, 5]",356,307,54,102,218,7,104
1840,,7,76,pauli_polynomial_steiner_gray_clifford,"[5, 2, 0, 6, 1, 3, 4]",355,312,54,113,225,5,99
1841,,7,76,pauli_polynomial_steiner_gray_clifford,"[6, 2, 0, 5, 1, 3, 4]",350,304,57,104,235,4,95
1842,,7,76,pauli_polynomial_steiner_gray_clifford,"[4, 2, 0, 5, 1, 6, 3]",343,306,57,102,233,4,97
1843,,7,76,pauli_polynomial_steiner_gray_clifford,"[4, 2, 0, 6, 1, 5, 3]",342,297,58,110,235,6,96
1844,,7,76,pauli_polynomial_steiner_gray_clifford,"[5, 2, 0, 4, 1, 6, 3]",329,287,52,99,210,6,109
1845,,7,76,pauli_polynomial_steiner_gray_clifford,"[6, 2, 0, 4, 1, 5, 3]",333,281,54,98,222,7,104
1846,,7,76,pauli_polynomial_steiner_gray_clifford,"[5, 2, 0, 6, 1, 4, 3]",345,308,54,108,222,5,103
1847,,7,76,pauli_polynomial_steiner_gray_clifford,"[6, 2, 0, 5, 1, 4, 3]",343,303,55,99,232,4,99
1848,,7,76,pauli_polynomial_steiner_gray_clifford,"[3, 4, 0, 2, 1, 5, 6]",348,298,55,105,230,7,100
1849,,7,76,pauli_polynomial_steiner_gray_clifford,"[3, 4, 0, 2, 1, 6, 5]",361,318,53,107,222,7,103
1850,,7,76,pauli_polynomial_steiner_gray_clifford,"[3, 5, 0, 2, 1, 4, 6]",342,300,57,107,234,7,98
1851,,7,76,pauli_polynomial_steiner_gray_clifford,"[3, 6, 0, 2, 1, 4, 5]",360,312,51,94,210,9,109
1852,,7,76,pauli_polynomial_steiner_gray_clifford,"[3, 5, 0, 2, 1, 6, 4]",354,313,55,110,233,7,97
1853,,7,76,pauli_polynomial_steiner_gray_clifford,"[3, 6, 0, 2, 1, 5, 4]",338,290,51,95,217,9,105
1854,,7,76,pauli_polynomial_steiner_gray_clifford,"[4, 3, 0, 2, 1, 5, 6]",359,320,58,110,231,6,97
1855,,7,76,pauli_polynomial_steiner_gray_clifford,"[4, 3, 0, 2, 1, 6, 5]",363,316,54,112,223,6,100
1856,,7,76,pauli_polynomial_steiner_gray_clifford,"[5, 3, 0, 2, 1, 4, 6]",360,318,57,111,226,8,100
1857,,7,76,pauli_polynomial_steiner_gray_clifford,"[6, 3, 0, 2, 1, 4, 5]",339,297,51,96,208,9,109
1858,,7,76,pauli_polynomial_steiner_gray_clifford,"[5, 3, 0, 2, 1, 6, 4]",325,291,54,114,225,8,99
1859,,7,76,pauli_polynomial_steiner_gray_clifford,"[6, 3, 0, 2, 1, 5, 4]",340,296,52,97,215,9,105
1860,,7,76,pauli_polynomial_steiner_gray_clifford,"[4, 5, 0, 2, 1, 3, 6]",370,326,54,95,219,8,103
1861,,7,76,pauli_polynomial_steiner_gray_clifford,"[4, 6, 0, 2, 1, 3, 5]",358,304,57,114,231,8,96
1862,,7,76,pauli_polynomial_steiner_gray_clifford,"[5, 4, 0, 2, 1, 3, 6]",338,296,51,94,210,10,108
1863,,7,76,pauli_polynomial_steiner_gray_clifford,"[6, 4, 0, 2, 1, 3, 5]",368,321,56,111,228,9,99
1864,,7,76,pauli_polynomial_steiner_gray_clifford,"[5, 6, 0, 2, 1, 3, 4]",333,295,56,118,229,6,97
1865,,7,76,pauli_polynomial_steiner_gray_clifford,"[6, 5, 0, 2, 1, 3, 4]",323,288,58,116,235,5,95
1866,,7,76,pauli_polynomial_steiner_gray_clifford,"[4, 5, 0, 2, 1, 6, 3]",355,316,50,93,215,8,106
1867,,7,76,pauli_polynomial_steiner_gray_clifford,"[4, 6, 0, 2, 1, 5, 3]",359,315,57,110,235,8,96
1868,,7,76,pauli_polynomial_steiner_gray_clifford,"[5, 4, 0, 2, 1, 6, 3]",330,296,48,92,206,10,111
1869,,7,76,pauli_polynomial_steiner_gray_clifford,"[6, 4, 0, 2, 1, 5, 3]",338,298,55,107,232,9,99
1870,,7,76,pauli_polynomial_steiner_gray_clifford,"[5, 6, 0, 2, 1, 4, 3]",367,320,56,113,226,6,101
1871,,7,76,pauli_polynomial_steiner_gray_clifford,"[6, 5, 0, 2, 1, 4, 3]",353,311,56,111,232,5,99
1872,,7,76,pauli_polynomial_steiner_gray_clifford,"[3, 4, 0, 5, 1, 2, 6]",343,294,53,92,228,5,101
1873,,7,76,pauli_polynomial_steiner_gray_clifford,"[3, 4, 0, 6, 1, 2, 5]",339,294,52,102,218,6,105
1874,,7,76,pauli_polynomial_steiner_gray_clifford,"[3, 5, 0, 4, 1, 2, 6]",334,291,51,93,220,6,105
1875,,7,76,pauli_polynomial_steiner_gray_clifford,"[3, 6, 0, 4, 1, 2, 5]",357,311,51,97,210,6,109
1876,,7,76,pauli_polynomial_steiner_gray_clifford,"[3, 5, 0, 6, 1, 2, 4]",332,290,57,110,233,5,97
1877,,7,76,pauli_polynomial_steiner_gray_clifford,"[3, 6, 0, 5, 1, 2, 4]",347,307,58,104,233,4,97
1878,,7,76,pauli_polynomial_steiner_gray_clifford,"[4, 3, 0, 5, 1, 2, 6]",340,299,56,97,229,4,98
1879,,7,76,pauli_polynomial_steiner_gray_clifford,"[4, 3, 0, 6, 1, 2, 5]",349,306,52,107,219,5,102
1880,,7,76,pauli_polynomial_steiner_gray_clifford,"[5, 3, 0, 4, 1, 2, 6]",344,298,52,97,212,7,107
1881,,7,76,pauli_polynomial_steiner_gray_clifford,"[6, 3, 0, 4, 1, 2, 5]",320,272,52,99,208,6,109
1882,,7,76,pauli_polynomial_steiner_gray_clifford,"[5, 3, 0, 6, 1, 2, 4]",344,300,54,114,225,6,99
1883,,7,76,pauli_polynomial_steiner_gray_clifford,"[6, 3, 0, 5, 1, 2, 4]",330,287,58,106,231,4,97
1884,,7,76,pauli_polynomial_steiner_gray_clifford,"[4, 5, 0, 3, 1, 2, 6]",343,295,52,93,219,7,103
1885,,7,76,pauli_polynomial_steiner_gray_clifford,"[4, 6, 0, 3, 1, 2, 5]",365,321,54,112,227,6,98
1886,,7,76,pauli_polynomial_steiner_gray_clifford,"[5, 4, 0, 3, 1, 2, 6]",333,300,50,92,210,9,108
1887,,7,76,pauli_polynomial_steiner_gray_clifford,"[6, 4, 0, 3, 1, 2, 5]",341,303,55,109,224,7,101
1888,,7,76,pauli_polynomial_steiner_gray_clifford,"[5, 6, 0, 3, 1, 2, 4]",308,272,58,121,231,5,96
1889,,7,76,pauli_polynomial_steiner_gray_clifford,"[6, 5, 0, 3, 1, 2, 4]",328,289,61,119,237,4,94
1890,,7,76,pauli_polynomial_steiner_gray_clifford,"[4, 5, 0, 6, 1, 2, 3]",337,294,53,99,225,7,101
1891,,7,76,pauli_polynomial_steiner_gray_clifford,"[4, 6, 0, 5, 1, 2, 3]",336,299,59,108,243,5,92
1892,,7,76,pauli_polynomial_steiner_gray_clifford,"[5, 4, 0, 6, 1, 2, 3]",352,309,50,98,216,9,106
1893,,7,76,pauli_polynomial_steiner_gray_clifford,"[6, 4, 0, 5, 1, 2, 3]",331,289,56,105,240,6,95
1894,,7,76,pauli_polynomial_steiner_gray_clifford,"[5, 6, 0, 4, 1, 2, 3]",359,314,56,110,224,6,102
1895,,7,76,pauli_polynomial_steiner_gray_clifford,"[6, 5, 0, 4, 1, 2, 3]",334,295,56,108,230,5,100
1896,,7,76,pauli_polynomial_steiner_gray_clifford,"[3, 4, 0, 5, 1, 6, 2]",329,294,54,90,227,4,102
1897,,7,76,pauli_polynomial_steiner_gray_clifford,"[3, 4, 0, 6, 1, 5, 2]",346,307,55,98,225,5,103
1898,,7,76,pauli_polynomial_steiner_gray_clifford,"[3, 5, 0, 4, 1, 6, 2]",334,304,52,91,219,5,106
1899,,7,76,pauli_polynomial_steiner_gray_clifford,"[3, 6, 0, 4, 1, 5, 2]",338,288,52,93,217,5,107
1900,,7,76,pauli_polynomial_steiner_gray_clifford,"[3, 5, 0, 6, 1, 4, 2]",349,310,60,105,233,4,99
1901,,7,76,pauli_polynomial_steiner_gray_clifford,"[3, 6, 0, 5, 1, 4, 2]",348,306,59,99,233,3,99
1902,,7,76,pauli_polynomial_steiner_gray_clifford,"[4, 3, 0, 5, 1, 6, 2]",342,304,56,95,228,3,99
1903,,7,76,pauli_polynomial_steiner_gray_clifford,"[4, 3, 0, 6, 1, 5, 2]",353,302,56,103,226,4,100
1904,,7,76,pauli_polynomial_steiner_gray_clifford,"[5, 3, 0, 4, 1, 6, 2]",349,305,51,95,211,6,108
1905,,7,76,pauli_polynomial_steiner_gray_clifford,"[6, 3, 0, 4, 1, 5, 2]",321,276,53,95,215,5,107
1906,,7,76,pauli_polynomial_steiner_gray_clifford,"[5, 3, 0, 6, 1, 4, 2]",355,314,56,109,225,5,101
1907,,7,76,pauli_polynomial_steiner_gray_clifford,"[6, 3, 0, 5, 1, 4, 2]",343,301,58,101,231,3,99
1908,,7,76,pauli_polynomial_steiner_gray_clifford,"[4, 5, 0, 3, 1, 6, 2]",333,291,52,91,218,6,104
1909,,7,76,pauli_polynomial_steiner_gray_clifford,"[4, 6, 0, 3, 1, 5, 2]",351,308,56,108,234,5,96
1910,,7,76,pauli_polynomial_steiner_gray_clifford,"[5, 4, 0, 3, 1, 6, 2]",326,290,49,90,209,8,109
1911,,7,76,pauli_polynomial_steiner_gray_clifford,"[6, 4, 0, 3, 1, 5, 2]",340,296,56,105,231,6,99
1912,,7,76,pauli_polynomial_steiner_gray_clifford,"[5, 6, 0, 3, 1, 4, 2]",337,295,57,116,231,4,98
1913,,7,76,pauli_polynomial_steiner_gray_clifford,"[6, 5, 0, 3, 1, 4, 2]",343,297,60,114,237,3,96
1914,,7,76,pauli_polynomial_steiner_gray_clifford,"[4, 5, 0, 6, 1, 3, 2]",358,315,57,99,228,6,99
1915,,7,76,pauli_polynomial_steiner_gray_clifford,"[4, 6, 0, 5, 1, 3, 2]",338,296,61,108,246,4,90
1916,,7,76,pauli_polynomial_steiner_gray_clifford,"[5, 4, 0, 6, 1, 3, 2]",359,312,52,98,219,8,104
1917,,7,76,pauli_polynomial_steiner_gray_clifford,"[6, 4, 0, 5, 1, 3, 2]",335,291,58,105,243,5,93
1918,,7,76,pauli_polynomial_steiner_gray_clifford,"[5, 6, 0, 4, 1, 3, 2]",364,318,55,110,227,5,100
1919,,7,76,pauli_polynomial_steiner_gray_clifford,"[6, 5, 0, 4, 1, 3, 2]",348,305,57,108,233,4,98
1920,,7,76,pauli_polynomial_steiner_gray_clifford,"[2, 3, 0, 4, 5, 1, 6]",341,292,55,105,221,8,104
1921,,7,76,pauli_polynomial_steiner_gray_clifford,"[2, 3, 0, 4, 6, 1, 5]",350,310,56,112,231,6,98
1922,,7,76,pauli_polynomial_steiner_gray_clifford,"[2, 3, 0, 5, 4, 1, 6]",334,296,58,105,223,6,103
1923,,7,76,pauli_polynomial_steiner_gray_clifford,"[2, 3, 0, 6, 4, 1, 5]",338,301,56,109,235,5,96
1924,,7,76,pauli_polynomial_steiner_gray_clifford,"[2, 3, 0, 5, 6, 1, 4]",350,304,62,110,230,3,98
1925,,7,76,pauli_polynomial_steiner_gray_clifford,"[2, 3, 0, 6, 5, 1, 4]",348,308,59,107,232,4,97
1926,,7,76,pauli_polynomial_steiner_gray_clifford,"[2, 4, 0, 3, 5, 1, 6]",346,302,57,109,229,6,100
1927,,7,76,pauli_polynomial_steiner_gray_clifford,"[2, 4, 0, 3, 6, 1, 5]",372,326,56,116,221,5,103
1928,,7,76,pauli_polynomial_steiner_gray_clifford,"[2, 5, 0, 3, 4, 1, 6]",360,315,58,107,225,3,102
1929,,7,76,pauli_polynomial_steiner_gray_clifford,"[2, 6, 0, 3, 4, 1, 5]",354,310,54,104,223,4,102
1930,,7,76,pauli_polynomial_steiner_gray_clifford,"[2, 5, 0, 3, 6, 1, 4]",344,315,59,112,216,3,105
1931,,7,76,pauli_polynomial_steiner_gray_clifford,"[2, 6, 0, 3, 5, 1, 4]",356,305,56,102,222,5,102
1932,,7,76,pauli_polynomial_steiner_gray_clifford,"[2, 4, 0, 5, 3, 1, 6]",347,301,58,105,233,5,98
1933,,7,76,pauli_polynomial_steiner_gray_clifford,"[2, 4, 0, 6, 3, 1, 5]",349,304,58,116,227,5,100
1934,,7,76,pauli_polynomial_steiner_gray_clifford,"[2, 5, 0, 4, 3, 1, 6]",342,299,56,103,227,4,101
1935,,7,76,pauli_polynomial_steiner_gray_clifford,"[2, 6, 0, 4, 3, 1, 5]",350,309,56,107,225,5,101
1936,,7,76,pauli_polynomial_steiner_gray_clifford,"[2, 5, 0, 6, 3, 1, 4]",340,303,57,111,222,3,102
1937,,7,76,pauli_polynomial_steiner_gray_clifford,"[2, 6, 0, 5, 3, 1, 4]",329,298,57,104,226,4,100
1938,,7,76,pauli_polynomial_steiner_gray_clifford,"[2, 4, 0, 5, 6, 1, 3]",337,293,59,104,235,4,98
1939,,7,76,pauli_polynomial_steiner_gray_clifford,"[2, 4, 0, 6, 5, 1, 3]",337,292,60,108,237,5,97
1940,,7,76,pauli_polynomial_steiner_gray_clifford,"[2, 5, 0, 4, 6, 1, 3]",336,296,56,102,231,5,100
1941,,7,76,pauli_polynomial_steiner_gray_clifford,"[2, 6, 0, 4, 5, 1, 3]",316,284,55,99,219,8,106
1942,,7,76,pauli_polynomial_steiner_gray_clifford,"[2, 5, 0, 6, 4, 1, 3]",354,309,56,105,235,4,98
1943,,7,76,pauli_polynomial_steiner_gray_clifford,"[2, 6, 0, 5, 4, 1, 3]",344,295,54,98,221,6,105
1944,,7,76,pauli_polynomial_steiner_gray_clifford,"[3, 2, 0, 4, 5, 1, 6]",321,280,53,105,224,9,103
1945,,7,76,pauli_polynomial_steiner_gray_clifford,"[3, 2, 0, 4, 6, 1, 5]",382,331,57,112,234,7,97
1946,,7,76,pauli_polynomial_steiner_gray_clifford,"[3, 2, 0, 5, 4, 1, 6]",353,309,55,105,226,7,102
1947,,7,76,pauli_polynomial_steiner_gray_clifford,"[3, 2, 0, 6, 4, 1, 5]",350,307,57,109,238,6,95
1948,,7,76,pauli_polynomial_steiner_gray_clifford,"[3, 2, 0, 5, 6, 1, 4]",349,304,59,110,233,4,97
1949,,7,76,pauli_polynomial_steiner_gray_clifford,"[3, 2, 0, 6, 5, 1, 4]",344,311,57,107,235,5,96
1950,,7,76,pauli_polynomial_steiner_gray_clifford,"[4, 2, 0, 3, 5, 1, 6]",344,296,58,114,233,6,96
1951,,7,76,pauli_polynomial_steiner_gray_clifford,"[4, 2, 0, 3, 6, 1, 5]",371,322,55,121,225,5,99
1952,,7,76,pauli_polynomial_steiner_gray_clifford,"[5, 2, 0, 3, 4, 1, 6]",351,306,56,111,220,5,103
1953,,7,76,pauli_polynomial_steiner_gray_clifford,"[6, 2, 0, 3, 4, 1, 5]",346,304,55,106,224,5,101
1954,,7,76,pauli_polynomial_steiner_gray_clifford,"[5, 2, 0, 3, 6, 1, 4]",358,324,54,116,211,5,106
1955,,7,76,pauli_polynomial_steiner_gray_clifford,"[6, 2, 0, 3, 5, 1, 4]",347,305,56,104,223,6,101
1956,,7,76,pauli_polynomial_steiner_gray_clifford,"[4, 2, 0, 5, 3, 1, 6]",364,322,58,110,237,5,94
1957,,7,76,pauli_polynomial_steiner_gray_clifford,"[4, 2, 0, 6, 3, 1, 5]",356,314,56,121,231,5,96
1958,,7,76,pauli_polynomial_steiner_gray_clifford,"[5, 2, 0, 4, 3, 1, 6]",349,314,54,107,222,6,102
1959,,7,76,pauli_polynomial_steiner_gray_clifford,"[6, 2, 0, 4, 3, 1, 5]",328,283,56,109,226,6,100
1960,,7,76,pauli_polynomial_steiner_gray_clifford,"[5, 2, 0, 6, 3, 1, 4]",338,305,51,115,217,5,103
1961,,7,76,pauli_polynomial_steiner_gray_clifford,"[6, 2, 0, 5, 3, 1, 4]",340,295,55,106,227,5,99
1962,,7,76,pauli_polynomial_steiner_gray_clifford,"[4, 2, 0, 5, 6, 1, 3]",357,312,57,109,239,4,94
1963,,7,76,pauli_polynomial_steiner_gray_clifford,"[4, 2, 0, 6, 5, 1, 3]",356,317,58,113,241,5,93
1964,,7,76,pauli_polynomial_steiner_gray_clifford,"[5, 2, 0, 4, 6, 1, 3]",322,281,54,106,226,7,101
1965,,7,76,pauli_polynomial_steiner_gray_clifford,"[6, 2, 0, 4, 5, 1, 3]",335,292,52,101,220,9,105
1966,,7,76,pauli_polynomial_steiner_gray_clifford,"[5, 2, 0, 6, 4, 1, 3]",366,333,53,109,230,6,99
1967,,7,76,pauli_polynomial_steiner_gray_clifford,"[6, 2, 0, 5, 4, 1, 3]",325,286,50,100,222,7,104
1968,,7,76,pauli_polynomial_steiner_gray_clifford,"[3, 4, 0, 2, 5, 1, 6]",336,290,56,104,226,6,102
1969,,7,76,pauli_polynomial_steiner_gray_clifford,"[3, 4, 0, 2, 6, 1, 5]",351,308,56,111,222,6,103
1970,,7,76,pauli_polynomial_steiner_gray_clifford,"[3, 5, 0, 2, 4, 1, 6]",340,298,58,105,234,5,98
1971,,7,76,pauli_polynomial_steiner_gray_clifford,"[3, 6, 0, 2, 4, 1, 5]",349,304,56,103,228,5,100
1972,,7,76,pauli_polynomial_steiner_gray_clifford,"[3, 5, 0, 2, 6, 1, 4]",340,305,56,110,223,5,102
1973,,7,76,pauli_polynomial_steiner_gray_clifford,"[3, 6, 0, 2, 5, 1, 4]",334,294,54,101,221,5,103
1974,,7,76,pauli_polynomial_steiner_gray_clifford,"[4, 3, 0, 2, 5, 1, 6]",353,303,59,109,227,5,99
1975,,7,76,pauli_polynomial_steiner_gray_clifford,"[4, 3, 0, 2, 6, 1, 5]",351,316,54,116,223,5,100
1976,,7,76,pauli_polynomial_steiner_gray_clifford,"[5, 3, 0, 2, 4, 1, 6]",372,325,59,109,226,6,100
1977,,7,76,pauli_polynomial_steiner_gray_clifford,"[6, 3, 0, 2, 4, 1, 5]",338,298,56,105,226,5,100
1978,,7,76,pauli_polynomial_steiner_gray_clifford,"[5, 3, 0, 2, 6, 1, 4]",354,314,54,114,215,6,104
1979,,7,76,pauli_polynomial_steiner_gray_clifford,"[6, 3, 0, 2, 5, 1, 4]",346,308,56,103,219,5,103
1980,,7,76,pauli_polynomial_steiner_gray_clifford,"[4, 5, 0, 2, 3, 1, 6]",354,313,56,101,229,7,98
1981,,7,76,pauli_polynomial_steiner_gray_clifford,"[4, 6, 0, 2, 3, 1, 5]",350,309,57,121,241,6,91
1982,,7,76,pauli_polynomial_steiner_gray_clifford,"[5, 4, 0, 2, 3, 1, 6]",353,311,54,100,220,9,103
1983,,7,76,pauli_polynomial_steiner_gray_clifford,"[6, 4, 0, 2, 3, 1, 5]",373,325,59,118,238,7,94
1984,,7,76,pauli_polynomial_steiner_gray_clifford,"[5, 6, 0, 2, 3, 1, 4]",346,301,55,120,231,5,96
1985,,7,76,pauli_polynomial_steiner_gray_clifford,"[6, 5, 0, 2, 3, 1, 4]",361,319,59,118,237,4,94
1986,,7,76,pauli_polynomial_steiner_gray_clifford,"[4, 5, 0, 2, 6, 1, 3]",334,297,51,100,221,7,103
1987,,7,76,pauli_polynomial_steiner_gray_clifford,"[4, 6, 0, 2, 5, 1, 3]",353,306,57,113,237,6,95
1988,,7,76,pauli_polynomial_steiner_gray_clifford,"[5, 4, 0, 2, 6, 1, 3]",363,309,51,99,212,9,108
1989,,7,76,pauli_polynomial_steiner_gray_clifford,"[6, 4, 0, 2, 5, 1, 3]",346,307,56,110,234,7,98
1990,,7,76,pauli_polynomial_steiner_gray_clifford,"[5, 6, 0, 2, 4, 1, 3]",350,308,57,114,234,5,97
1991,,7,76,pauli_polynomial_steiner_gray_clifford,"[6, 5, 0, 2, 4, 1, 3]",365,321,56,112,240,4,95
1992,,7,76,pauli_polynomial_steiner_gray_clifford,"[3, 4, 0, 5, 2, 1, 6]",341,296,54,97,224,5,103
1993,,7,76,pauli_polynomial_steiner_gray_clifford,"[3, 4, 0, 6, 2, 1, 5]",337,298,56,109,222,6,103
1994,,7,76,pauli_polynomial_steiner_gray_clifford,"[3, 5, 0, 4, 2, 1, 6]",321,286,54,98,230,6,100
1995,,7,76,pauli_polynomial_steiner_gray_clifford,"[3, 6, 0, 4, 2, 1, 5]",362,321,56,104,224,6,102
1996,,7,76,pauli_polynomial_steiner_gray_clifford,"[3, 5, 0, 6, 2, 1, 4]",346,309,57,110,223,5,102
1997,,7,76,pauli_polynomial_steiner_gray_clifford,"[3, 6, 0, 5, 2, 1, 4]",324,287,57,104,219,4,104
1998,,7,76,pauli_polynomial_steiner_gray_clifford,"[4, 3, 0, 5, 2, 1, 6]",368,329,57,102,225,4,100
1999,,7,76,pauli_polynomial_steiner_gray_clifford,"[4, 3, 0, 6, 2, 1, 5]",357,314,53,114,223,5,100
2000,,7,76,pauli_polynomial_steiner_gray_clifford,"[5, 3, 0, 4, 2, 1, 6]",342,302,54,102,222,7,102
2001,,7,76,pauli_polynomial_steiner_gray_clifford,"[6, 3, 0, 4, 2, 1, 5]",354,302,55,106,222,6,102
2002,,7,76,pauli_polynomial_steiner_gray_clifford,"[5, 3, 0, 6, 2, 1, 4]",336,287,53,114,215,6,104
2003,,7,76,pauli_polynomial_steiner_gray_clifford,"[6, 3, 0, 5, 2, 1, 4]",346,305,58,106,217,4,104
2004,,7,76,pauli_polynomial_steiner_gray_clifford,"[4, 5, 0, 3, 2, 1, 6]",354,313,54,98,223,7,101
2005,,7,76,pauli_polynomial_steiner_gray_clifford,"[4, 6, 0, 3, 2, 1, 5]",341,311,55,119,235,6,94
2006,,7,76,pauli_polynomial_steiner_gray_clifford,"[5, 4, 0, 3, 2, 1, 6]",363,320,51,97,214,9,106
2007,,7,76,pauli_polynomial_steiner_gray_clifford,"[6, 4, 0, 3, 2, 1, 5]",355,317,57,116,232,7,97
2008,,7,76,pauli_polynomial_steiner_gray_clifford,"[5, 6, 0, 3, 2, 1, 4]",351,311,57,121,225,5,99
2009,,7,76,pauli_polynomial_steiner_gray_clifford,"[6, 5, 0, 3, 2, 1, 4]",356,308,62,119,231,4,97
2010,,7,76,pauli_polynomial_steiner_gray_clifford,"[4, 5, 0, 6, 2, 1, 3]",352,307,53,102,221,7,103
2011,,7,76,pauli_polynomial_steiner_gray_clifford,"[4, 6, 0, 5, 2, 1, 3]",345,306,58,111,235,5,96
2012,,7,76,pauli_polynomial_steiner_gray_clifford,"[5, 4, 0, 6, 2, 1, 3]",351,302,52,101,212,9,108
2013,,7,76,pauli_polynomial_steiner_gray_clifford,"[6, 4, 0, 5, 2, 1, 3]",347,306,56,108,232,6,99
2014,,7,76,pauli_polynomial_steiner_gray_clifford,"[5, 6, 0, 4, 2, 1, 3]",360,320,59,113,230,6,99
2015,,7,76,pauli_polynomial_steiner_gray_clifford,"[6, 5, 0, 4, 2, 1, 3]",335,298,58,111,236,5,97
2016,,7,76,pauli_polynomial_steiner_gray_clifford,"[3, 4, 0, 5, 6, 1, 2]",333,292,56,93,227,5,102
2017,,7,76,pauli_polynomial_steiner_gray_clifford,"[3, 4, 0, 6, 5, 1, 2]",357,315,58,98,229,6,101
2018,,7,76,pauli_polynomial_steiner_gray_clifford,"[3, 5, 0, 4, 6, 1, 2]",331,288,54,94,229,7,101
2019,,7,76,pauli_polynomial_steiner_gray_clifford,"[3, 6, 0, 4, 5, 1, 2]",333,297,52,93,213,9,109
2020,,7,76,pauli_polynomial_steiner_gray_clifford,"[3, 5, 0, 6, 4, 1, 2]",350,308,59,101,233,6,99
2021,,7,76,pauli_polynomial_steiner_gray_clifford,"[3, 6, 0, 5, 4, 1, 2]",340,304,55,95,215,7,108
2022,,7,76,pauli_polynomial_steiner_gray_clifford,"[4, 3, 0, 5, 6, 1, 2]",343,305,57,98,228,4,99
2023,,7,76,pauli_polynomial_steiner_gray_clifford,"[4, 3, 0, 6, 5, 1, 2]",345,304,58,103,230,5,98
2024,,7,76,pauli_polynomial_steiner_gray_clifford,"[5, 3, 0, 4, 6, 1, 2]",329,294,51,98,221,8,103
2025,,7,76,pauli_polynomial_steiner_gray_clifford,"[6, 3, 0, 4, 5, 1, 2]",331,296,51,95,211,9,109
2026,,7,76,pauli_polynomial_steiner_gray_clifford,"[5, 3, 0, 6, 4, 1, 2]",375,328,55,105,225,7,101
2027,,7,76,pauli_polynomial_steiner_gray_clifford,"[6, 3, 0, 5, 4, 1, 2]",337,291,54,97,213,7,108
2028,,7,76,pauli_polynomial_steiner_gray_clifford,"[4, 5, 0, 3, 6, 1, 2]",343,299,52,94,212,7,107
2029,,7,76,pauli_polynomial_steiner_gray_clifford,"[4, 6, 0, 3, 5, 1, 2]",363,322,56,108,232,7,97
2030,,7,76,pauli_polynomial_steiner_gray_clifford,"[5, 4, 0, 3, 6, 1, 2]",357,316,48,93,203,9,112
2031,,7,76,pauli_polynomial_steiner_gray_clifford,"[6, 4, 0, 3, 5, 1, 2]",351,319,55,105,229,8,100
2032,,7,76,pauli_polynomial_steiner_gray_clifford,"[5, 6, 0, 3, 4, 1, 2]",336,291,56,112,223,5,102
2033,,7,76,pauli_polynomial_steiner_gray_clifford,"[6, 5, 0, 3, 4, 1, 2]",372,331,59,110,229,4,100
2034,,7,76,pauli_polynomial_steiner_gray_clifford,"[4, 5, 0, 6, 3, 1, 2]",334,297,56,99,218,7,104
2035,,7,76,pauli_polynomial_steiner_gray_clifford,"[4, 6, 0, 5, 3, 1, 2]",341,297,59,108,236,6,95
2036,,7,76,pauli_polynomial_steiner_gray_clifford,"[5, 4, 0, 6, 3, 1, 2]",337,292,52,98,209,9,109
2037,,7,76,pauli_polynomial_steiner_gray_clifford,"[6, 4, 0, 5, 3, 1, 2]",343,296,57,105,233,7,98
2038,,7,76,pauli_polynomial_steiner_gray_clifford,"[5, 6, 0, 4, 3, 1, 2]",355,309,56,110,225,6,101
2039,,7,76,pauli_polynomial_steiner_gray_clifford,"[6, 5, 0, 4, 3, 1, 2]",359,309,58,108,231,5,99
2040,,7,76,pauli_polynomial_steiner_gray_clifford,"[2, 3, 0, 4, 5, 6, 1]",346,307,58,112,218,7,102
2041,,7,76,pauli_polynomial_steiner_gray_clifford,"[2, 3, 0, 4, 6, 5, 1]",334,285,61,117,236,5,93
2042,,7,76,pauli_polynomial_steiner_gray_clifford,"[2, 3, 0, 5, 4, 6, 1]",350,309,60,112,230,6,96
2043,,7,76,pauli_polynomial_steiner_gray_clifford,"[2, 3, 0, 6, 4, 5, 1]",359,315,58,114,232,7,95
2044,,7,76,pauli_polynomial_steiner_gray_clifford,"[2, 3, 0, 5, 6, 4, 1]",331,294,64,114,238,3,92
2045,,7,76,pauli_polynomial_steiner_gray_clifford,"[2, 3, 0, 6, 5, 4, 1]",358,316,59,111,222,6,100
2046,,7,76,pauli_polynomial_steiner_gray_clifford,"[2, 4, 0, 3, 5, 6, 1]",333,296,58,116,226,5,98
2047,,7,76,pauli_polynomial_steiner_gray_clifford,"[2, 4, 0, 3, 6, 5, 1]",362,321,59,121,226,4,98
2048,,7,76,pauli_polynomial_steiner_gray_clifford,"[2, 5, 0, 3, 4, 6, 1]",346,299,60,114,232,3,95
2049,,7,76,pauli_polynomial_steiner_gray_clifford,"[2, 6, 0, 3, 4, 5, 1]",342,301,56,109,220,6,101
2050,,7,76,pauli_polynomial_steiner_gray_clifford,"[2, 5, 0, 3, 6, 4, 1]",344,300,60,116,224,3,99
2051,,7,76,pauli_polynomial_steiner_gray_clifford,"[2, 6, 0, 3, 5, 4, 1]",342,300,55,106,212,7,105
2052,,7,76,pauli_polynomial_steiner_gray_clifford,"[2, 4, 0, 5, 3, 6, 1]",353,310,59,112,224,4,99
2053,,7,76,pauli_polynomial_steiner_gray_clifford,"[2, 4, 0, 6, 3, 5, 1]",365,324,60,121,226,5,98
2054,,7,76,pauli_polynomial_steiner_gray_clifford,"[2, 5, 0, 4, 3, 6, 1]",378,331,59,110,218,3,102
2055,,7,76,pauli_polynomial_steiner_gray_clifford,"[2, 6, 0, 4, 3, 5, 1]",342,303,60,112,224,5,99
2056,,7,76,pauli_polynomial_steiner_gray_clifford,"[2, 5, 0, 6, 3, 4, 1]",359,309,59,115,222,2,100
2057,,7,76,pauli_polynomial_steiner_gray_clifford,"[2, 6, 0, 5, 3, 4, 1]",333,293,59,108,226,3,98
2058,,7,76,pauli_polynomial_steiner_gray_clifford,"[2, 4, 0, 5, 6, 3, 1]",345,305,61,113,230,3,96
2059,,7,76,pauli_polynomial_steiner_gray_clifford,"[2, 4, 0, 6, 5, 3, 1]",344,302,61,117,232,5,95
2060,,7,76,pauli_polynomial_steiner_gray_clifford,"[2, 5, 0, 4, 6, 3, 1]",346,304,59,111,226,4,98
2061,,7,76,pauli_polynomial_steiner_gray_clifford,"[2, 6, 0, 4, 5, 3, 1]",337,299,57,108,214,8,104
2062,,7,76,pauli_polynomial_steiner_gray_clifford,"[2, 5, 0, 6, 4, 3, 1]",334,293,59,114,238,3,92
2063,,7,76,pauli_polynomial_steiner_gray_clifford,"[2, 6, 0, 5, 4, 3, 1]",324,276,57,107,224,5,99
2064,,7,76,pauli_polynomial_steiner_gray_clifford,"[3, 2, 0, 4, 5, 6, 1]",349,308,56,112,221,8,101
2065,,7,76,pauli_polynomial_steiner_gray_clifford,"[3, 2, 0, 4, 6, 5, 1]",348,309,60,117,239,6,92
2066,,7,76,pauli_polynomial_steiner_gray_clifford,"[3, 2, 0, 5, 4, 6, 1]",340,303,57,112,233,7,95
2067,,7,76,pauli_polynomial_steiner_gray_clifford,"[3, 2, 0, 6, 4, 5, 1]",328,280,57,114,235,8,94
2068,,7,76,pauli_polynomial_steiner_gray_clifford,"[3, 2, 0, 5, 6, 4, 1]",357,319,61,114,241,4,91
2069,,7,76,pauli_polynomial_steiner_gray_clifford,"[3, 2, 0, 6, 5, 4, 1]",332,300,57,111,225,7,99
2070,,7,76,pauli_polynomial_steiner_gray_clifford,"[4, 2, 0, 3, 5, 6, 1]",356,318,58,121,230,5,94
2071,,7,76,pauli_polynomial_steiner_gray_clifford,"[4, 2, 0, 3, 6, 5, 1]",340,300,57,126,230,4,94
2072,,7,76,pauli_polynomial_steiner_gray_clifford,"[5, 2, 0, 3, 4, 6, 1]",363,319,58,118,227,5,96
2073,,7,76,pauli_polynomial_steiner_gray_clifford,"[6, 2, 0, 3, 4, 5, 1]",359,315,56,111,221,7,100
2074,,7,76,pauli_polynomial_steiner_gray_clifford,"[5, 2, 0, 3, 6, 4, 1]",354,312,56,120,219,5,100
2075,,7,76,pauli_polynomial_steiner_gray_clifford,"[6, 2, 0, 3, 5, 4, 1]",339,301,55,108,213,8,104
2076,,7,76,pauli_polynomial_steiner_gray_clifford,"[4, 2, 0, 5, 3, 6, 1]",347,308,58,117,228,4,95
2077,,7,76,pauli_polynomial_steiner_gray_clifford,"[4, 2, 0, 6, 3, 5, 1]",360,315,57,126,230,5,94
2078,,7,76,pauli_polynomial_steiner_gray_clifford,"[5, 2, 0, 4, 3, 6, 1]",345,304,57,114,213,5,103
2079,,7,76,pauli_polynomial_steiner_gray_clifford,"[6, 2, 0, 4, 3, 5, 1]",358,313,59,114,225,6,98
2080,,7,76,pauli_polynomial_steiner_gray_clifford,"[5, 2, 0, 6, 3, 4, 1]",360,320,54,119,217,4,101
2081,,7,76,pauli_polynomial_steiner_gray_clifford,"[6, 2, 0, 5, 3, 4, 1]",350,308,57,110,227,4,97
2082,,7,76,pauli_polynomial_steiner_gray_clifford,"[4, 2, 0, 5, 6, 3, 1]",334,296,59,118,234,3,92
2083,,7,76,pauli_polynomial_steiner_gray_clifford,"[4, 2, 0, 6, 5, 3, 1]",344,306,59,122,236,5,91
2084,,7,76,pauli_polynomial_steiner_gray_clifford,"[5, 2, 0, 4, 6, 3, 1]",357,312,57,115,221,6,99
2085,,7,76,pauli_polynomial_steiner_gray_clifford,"[6, 2, 0, 4, 5, 3, 1]",326,290,55,110,215,9,103
2086,,7,76,pauli_polynomial_steiner_gray_clifford,"[5, 2, 0, 6, 4, 3, 1]",333,295,56,118,233,5,93
2087,,7,76,pauli_polynomial_steiner_gray_clifford,"[6, 2, 0, 5, 4, 3, 1]",345,313,54,109,225,6,98
2088,,7,76,pauli_polynomial_steiner_gray_clifford,"[3, 4, 0, 2, 5, 6, 1]",337,300,56,111,223,5,100
2089,,7,76,pauli_polynomial_steiner_gray_clifford,"[3, 4, 0, 2, 6, 5, 1]",364,319,58,116,227,5,98
2090,,7,76,pauli_polynomial_steiner_gray_clifford,"[3, 5, 0, 2, 4, 6, 1]",359,318,59,112,241,5,91
2091,,7,76,pauli_polynomial_steiner_gray_clifford,"[3, 6, 0, 2, 4, 5, 1]",334,296,53,108,225,7,99
2092,,7,76,pauli_polynomial_steiner_gray_clifford,"[3, 5, 0, 2, 6, 4, 1]",342,295,59,114,231,5,96
2093,,7,76,pauli_polynomial_steiner_gray_clifford,"[3, 6, 0, 2, 5, 4, 1]",344,302,51,105,211,7,106
2094,,7,76,pauli_polynomial_steiner_gray_clifford,"[4, 3, 0, 2, 5, 6, 1]",360,315,58,116,224,4,97
2095,,7,76,pauli_polynomial_steiner_gray_clifford,"[4, 3, 0, 2, 6, 5, 1]",359,312,57,121,228,4,95
2096,,7,76,pauli_polynomial_steiner_gray_clifford,"[5, 3, 0, 2, 4, 6, 1]",360,326,60,116,233,6,93
2097,,7,76,pauli_polynomial_steiner_gray_clifford,"[6, 3, 0, 2, 4, 5, 1]",349,298,54,110,223,7,99
2098,,7,76,pauli_polynomial_steiner_gray_clifford,"[5, 3, 0, 2, 6, 4, 1]",346,315,58,118,223,6,98
2099,,7,76,pauli_polynomial_steiner_gray_clifford,"[6, 3, 0, 2, 5, 4, 1]",317,278,53,107,209,7,106
2100,,7,76,pauli_polynomial_steiner_gray_clifford,"[4, 5, 0, 2, 3, 6, 1]",348,307,54,108,220,6,99
2101,,7,76,pauli_polynomial_steiner_gray_clifford,"[4, 6, 0, 2, 3, 5, 1]",354,310,58,126,240,6,89
2102,,7,76,pauli_polynomial_steiner_gray_clifford,"[5, 4, 0, 2, 3, 6, 1]",332,301,53,107,211,8,104
2103,,7,76,pauli_polynomial_steiner_gray_clifford,"[6, 4, 0, 2, 3, 5, 1]",376,330,60,123,237,7,92
2104,,7,76,pauli_polynomial_steiner_gray_clifford,"[5, 6, 0, 2, 3, 4, 1]",377,335,57,124,231,4,94
2105,,7,76,pauli_polynomial_steiner_gray_clifford,"[6, 5, 0, 2, 3, 4, 1]",349,310,60,122,237,3,92
2106,,7,76,pauli_polynomial_steiner_gray_clifford,"[4, 5, 0, 2, 6, 3, 1]",365,322,53,109,216,6,101
2107,,7,76,pauli_polynomial_steiner_gray_clifford,"[4, 6, 0, 2, 5, 3, 1]",359,320,58,122,232,6,93
2108,,7,76,pauli_polynomial_steiner_gray_clifford,"[5, 4, 0, 2, 6, 3, 1]",324,291,53,108,207,8,106
2109,,7,76,pauli_polynomial_steiner_gray_clifford,"[6, 4, 0, 2, 5, 3, 1]",314,278,58,119,229,7,96
2110,,7,76,pauli_polynomial_steiner_gray_clifford,"[5, 6, 0, 2, 4, 3, 1]",362,317,59,123,237,4,91
2111,,7,76,pauli_polynomial_steiner_gray_clifford,"[6, 5, 0, 2, 4, 3, 1]",364,321,59,121,243,3,89
2112,,7,76,pauli_polynomial_steiner_gray_clifford,"[3, 4, 0, 5, 2, 6, 1]",352,316,55,104,221,3,101
2113,,7,76,pauli_polynomial_steiner_gray_clifford,"[3, 4, 0, 6, 2, 5, 1]",353,310,59,114,223,4,100
2114,,7,76,pauli_polynomial_steiner_gray_clifford,"[3, 5, 0, 4, 2, 6, 1]",350,315,57,105,227,4,98
2115,,7,76,pauli_polynomial_steiner_gray_clifford,"[3, 6, 0, 4, 2, 5, 1]",314,267,57,109,225,4,99
2116,,7,76,pauli_polynomial_steiner_gray_clifford,"[3, 5, 0, 6, 2, 4, 1]",362,319,62,114,231,3,96
2117,,7,76,pauli_polynomial_steiner_gray_clifford,"[3, 6, 0, 5, 2, 4, 1]",323,281,58,108,227,2,98
2118,,7,76,pauli_polynomial_steiner_gray_clifford,"[4, 3, 0, 5, 2, 6, 1]",352,309,57,109,222,2,98
2119,,7,76,pauli_polynomial_steiner_gray_clifford,"[4, 3, 0, 6, 2, 5, 1]",363,316,57,119,224,3,97
2120,,7,76,pauli_polynomial_steiner_gray_clifford,"[5, 3, 0, 4, 2, 6, 1]",353,322,57,109,219,5,100
2121,,7,76,pauli_polynomial_steiner_gray_clifford,"[6, 3, 0, 4, 2, 5, 1]",339,295,57,111,223,4,99
2122,,7,76,pauli_polynomial_steiner_gray_clifford,"[5, 3, 0, 6, 2, 4, 1]",344,315,59,118,223,4,98
2123,,7,76,pauli_polynomial_steiner_gray_clifford,"[6, 3, 0, 5, 2, 4, 1]",347,304,59,110,225,2,98
2124,,7,76,pauli_polynomial_steiner_gray_clifford,"[4, 5, 0, 3, 2, 6, 1]",352,312,53,105,220,5,99
2125,,7,76,pauli_polynomial_steiner_gray_clifford,"[4, 6, 0, 3, 2, 5, 1]",369,327,58,124,236,4,91
2126,,7,76,pauli_polynomial_steiner_gray_clifford,"[5, 4, 0, 3, 2, 6, 1]",354,311,51,104,211,7,104
2127,,7,76,pauli_polynomial_steiner_gray_clifford,"[6, 4, 0, 3, 2, 5, 1]",356,308,60,121,233,5,94
2128,,7,76,pauli_polynomial_steiner_gray_clifford,"[5, 6, 0, 3, 2, 4, 1]",346,305,60,125,233,3,93
2129,,7,76,pauli_polynomial_steiner_gray_clifford,"[6, 5, 0, 3, 2, 4, 1]",342,304,64,123,239,2,91
2130,,7,76,pauli_polynomial_steiner_gray_clifford,"[4, 5, 0, 6, 2, 3, 1]",360,324,56,111,226,5,96
2131,,7,76,pauli_polynomial_steiner_gray_clifford,"[4, 6, 0, 5, 2, 3, 1]",352,304,61,120,240,3,89
2132,,7,76,pauli_polynomial_steiner_gray_clifford,"[5, 4, 0, 6, 2, 3, 1]",374,326,55,110,217,7,101
2133,,7,76,pauli_polynomial_steiner_gray_clifford,"[6, 4, 0, 5, 2, 3, 1]",373,329,60,117,237,4,92
2134,,7,76,pauli_polynomial_steiner_gray_clifford,"[5, 6, 0, 4, 2, 3, 1]",356,311,62,122,235,4,92
2135,,7,76,pauli_polynomial_steiner_gray_clifford,"[6, 5, 0, 4, 2, 3, 1]",362,322,62,120,241,3,90
2136,,7,76,pauli_polynomial_steiner_gray_clifford,"[3, 4, 0, 5, 6, 2, 1]",350,306,56,102,225,4,99
2137,,7,76,pauli_polynomial_steiner_gray_clifford,"[3, 4, 0, 6, 5, 2, 1]",340,302,58,107,223,5,100
2138,,7,76,pauli_polynomial_steiner_gray_clifford,"[3, 5, 0, 4, 6, 2, 1]",327,289,56,103,227,6,98
2139,,7,76,pauli_polynomial_steiner_gray_clifford,"[3, 6, 0, 4, 5, 2, 1]",322,290,52,102,207,8,108
2140,,7,76,pauli_polynomial_steiner_gray_clifford,"[3, 5, 0, 6, 4, 2, 1]",347,305,61,110,241,5,91
2141,,7,76,pauli_polynomial_steiner_gray_clifford,"[3, 6, 0, 5, 4, 2, 1]",345,304,55,104,223,6,100
2142,,7,76,pauli_polynomial_steiner_gray_clifford,"[4, 3, 0, 5, 6, 2, 1]",365,313,57,107,226,3,96
2143,,7,76,pauli_polynomial_steiner_gray_clifford,"[4, 3, 0, 6, 5, 2, 1]",350,309,58,112,224,4,97
2144,,7,76,pauli_polynomial_steiner_gray_clifford,"[5, 3, 0, 4, 6, 2, 1]",341,293,55,107,219,7,100
2145,,7,76,pauli_polynomial_steiner_gray_clifford,"[6, 3, 0, 4, 5, 2, 1]",324,287,52,104,205,8,108
2146,,7,76,pauli_polynomial_steiner_gray_clifford,"[5, 3, 0, 6, 4, 2, 1]",356,308,59,114,233,6,93
2147,,7,76,pauli_polynomial_steiner_gray_clifford,"[6, 3, 0, 5, 4, 2, 1]",333,293,55,106,221,6,100
2148,,7,76,pauli_polynomial_steiner_gray_clifford,"[4, 5, 0, 3, 6, 2, 1]",390,338,51,103,210,6,104
2149,,7,76,pauli_polynomial_steiner_gray_clifford,"[4, 6, 0, 3, 5, 2, 1]",344,307,57,117,226,6,96
2150,,7,76,pauli_polynomial_steiner_gray_clifford,"[5, 4, 0, 3, 6, 2, 1]",357,310,49,102,201,8,109
2151,,7,76,pauli_polynomial_steiner_gray_clifford,"[6, 4, 0, 3, 5, 2, 1]",340,295,57,114,223,7,99
2152,,7,76,pauli_polynomial_steiner_gray_clifford,"[5, 6, 0, 3, 4, 2, 1]",368,325,60,121,231,4,94
2153,,7,76,pauli_polynomial_steiner_gray_clifford,"[6, 5, 0, 3, 4, 2, 1]",326,288,62,119,237,3,92
2154,,7,76,pauli_polynomial_steiner_gray_clifford,"[4, 5, 0, 6, 3, 2, 1]",348,314,55,108,220,6,99
2155,,7,76,pauli_polynomial_steiner_gray_clifford,"[4, 6, 0, 5, 3, 2, 1]",353,311,60,117,238,5,90
2156,,7,76,pauli_polynomial_steiner_gray_clifford,"[5, 4, 0, 6, 3, 2, 1]",319,287,53,107,211,8,104
2157,,7,76,pauli_polynomial_steiner_gray_clifford,"[6, 4, 0, 5, 3, 2, 1]",343,306,59,114,235,6,93
2158,,7,76,pauli_polynomial_steiner_gray_clifford,"[5, 6, 0, 4, 3, 2, 1]",355,321,60,119,227,5,96
2159,,7,76,pauli_polynomial_steiner_gray_clifford,"[6, 5, 0, 4, 3, 2, 1]",362,322,61,117,233,4,94
2160,,7,76,pauli_polynomial_steiner_gray_clifford,"[1, 2, 3, 0, 4, 5, 6]",342,297,57,113,219,8,101
2161,,7,76,pauli_polynomial_steiner_gray_clifford,"[1, 2, 3, 0, 4, 6, 5]",360,329,59,115,229,6,95
2162,,7,76,pauli_polynomial_steiner_gray_clifford,"[1, 2, 3, 0, 5, 4, 6]",348,299,59,114,231,7,95
2163,,7,76,pauli_polynomial_steiner_gray_clifford,"[1, 2, 3, 0, 6, 4, 5]",345,305,55,110,225,8,97
2164,,7,76,pauli_polynomial_steiner_gray_clifford,"[1, 2, 3, 0, 5, 6, 4]",348,307,62,117,238,4,90
2165,,7,76,pauli_polynomial_steiner_gray_clifford,"[1, 2, 3, 0, 6, 5, 4]",357,313,56,111,222,7,98
2166,,7,76,pauli_polynomial_steiner_gray_clifford,"[1, 2, 4, 0, 3, 5, 6]",346,308,57,114,227,6,97
2167,,7,76,pauli_polynomial_steiner_gray_clifford,"[1, 2, 4, 0, 3, 6, 5]",363,316,57,116,219,5,100
2168,,7,76,pauli_polynomial_steiner_gray_clifford,"[1, 2, 5, 0, 3, 4, 6]",342,301,60,116,233,4,94
2169,,7,76,pauli_polynomial_steiner_gray_clifford,"[1, 2, 6, 0, 3, 4, 5]",343,300,52,102,213,7,103
2170,,7,76,pauli_polynomial_steiner_gray_clifford,"[1, 2, 5, 0, 3, 6, 4]",371,333,59,119,224,4,97
2171,,7,76,pauli_polynomial_steiner_gray_clifford,"[1, 2, 6, 0, 3, 5, 4]",350,313,51,103,212,8,103
2172,,7,76,pauli_polynomial_steiner_gray_clifford,"[1, 2, 4, 0, 5, 3, 6]",349,313,57,107,225,5,98
2173,,7,76,pauli_polynomial_steiner_gray_clifford,"[1, 2, 4, 0, 6, 3, 5]",336,297,58,113,219,6,100
2174,,7,76,pauli_polynomial_steiner_gray_clifford,"[1, 2, 5, 0, 4, 3, 6]",321,288,58,108,219,4,101
2175,,7,76,pauli_polynomial_steiner_gray_clifford,"[1, 2, 6, 0, 4, 3, 5]",348,311,57,104,217,6,101
2176,,7,76,pauli_polynomial_steiner_gray_clifford,"[1, 2, 5, 0, 6, 3, 4]",354,309,60,117,222,3,98
2177,,7,76,pauli_polynomial_steiner_gray_clifford,"[1, 2, 6, 0, 5, 3, 4]",351,318,58,107,226,4,96
2178,,7,76,pauli_polynomial_steiner_gray_clifford,"[1, 2, 4, 0, 5, 6, 3]",327,295,58,105,227,4,98
2179,,7,76,pauli_polynomial_steiner_gray_clifford,"[1, 2, 4, 0, 6, 5, 3]",331,288,59,109,229,6,97
2180,,7,76,pauli_polynomial_steiner_gray_clifford,"[1, 2, 5, 0, 4, 6, 3]",329,288,57,106,223,5,100
2181,,7,76,pauli_polynomial_steiner_gray_clifford,"[1, 2, 6, 0, 4, 5, 3]",351,304,54,100,211,9,106
2182,,7,76,pauli_polynomial_steiner_gray_clifford,"[1, 2, 5, 0, 6, 4, 3]",354,311,60,112,235,4,94
2183,,7,76,pauli_polynomial_steiner_gray_clifford,"[1, 2, 6, 0, 5, 4, 3]",364,326,56,102,221,6,101
2184,,7,76,pauli_polynomial_steiner_gray_clifford,"[1, 3, 2, 0, 4, 5, 6]",331,289,57,116,225,8,98
2185,,7,76,pauli_polynomial_steiner_gray_clifford,"[1, 3, 2, 0, 4, 6, 5]",354,308,60,118,235,6,92
2186,,7,76,pauli_polynomial_steiner_gray_clifford,"[1, 3, 2, 0, 5, 4, 6]",341,301,58,117,237,7,92
2187,,7,76,pauli_polynomial_steiner_gray_clifford,"[1, 3, 2, 0, 6, 4, 5]",347,316,56,113,231,8,94
2188,,7,76,pauli_polynomial_steiner_gray_clifford,"[1, 3, 2, 0, 5, 6, 4]",354,315,61,120,244,4,87
2189,,7,76,pauli_polynomial_steiner_gray_clifford,"[1, 3, 2, 0, 6, 5, 4]",353,315,56,114,228,7,95
2190,,7,76,pauli_polynomial_steiner_gray_clifford,"[1, 4, 2, 0, 3, 5, 6]",346,304,59,118,231,5,95
2191,,7,76,pauli_polynomial_steiner_gray_clifford,"[1, 4, 2, 0, 3, 6, 5]",372,335,57,120,223,4,98
2192,,7,76,pauli_polynomial_steiner_gray_clifford,"[1, 5, 2, 0, 3, 4, 6]",357,318,60,123,235,5,93
2193,,7,76,pauli_polynomial_steiner_gray_clifford,"[1, 6, 2, 0, 3, 4, 5]",362,317,53,104,213,7,103
2194,,7,76,pauli_polynomial_steiner_gray_clifford,"[1, 5, 2, 0, 3, 6, 4]",356,312,57,126,226,5,96
2195,,7,76,pauli_polynomial_steiner_gray_clifford,"[1, 6, 2, 0, 3, 5, 4]",336,295,52,105,212,8,103
2196,,7,76,pauli_polynomial_steiner_gray_clifford,"[1, 4, 2, 0, 5, 3, 6]",351,306,58,111,229,4,96
2197,,7,76,pauli_polynomial_steiner_gray_clifford,"[1, 4, 2, 0, 6, 3, 5]",365,319,57,117,223,5,98
2198,,7,76,pauli_polynomial_steiner_gray_clifford,"[1, 5, 2, 0, 4, 3, 6]",341,303,58,115,221,5,100
2199,,7,76,pauli_polynomial_steiner_gray_clifford,"[1, 6, 2, 0, 4, 3, 5]",343,297,57,106,217,6,101
2200,,7,76,pauli_polynomial_steiner_gray_clifford,"[1, 5, 2, 0, 6, 3, 4]",352,312,57,124,224,4,97
2201,,7,76,pauli_polynomial_steiner_gray_clifford,"[1, 6, 2, 0, 5, 3, 4]",350,306,57,109,226,4,96
2202,,7,76,pauli_polynomial_steiner_gray_clifford,"[1, 4, 2, 0, 5, 6, 3]",336,302,58,109,231,3,96
2203,,7,76,pauli_polynomial_steiner_gray_clifford,"[1, 4, 2, 0, 6, 5, 3]",348,321,59,113,233,5,95
2204,,7,76,pauli_polynomial_steiner_gray_clifford,"[1, 5, 2, 0, 4, 6, 3]",343,304,57,113,225,6,99
2205,,7,76,pauli_polynomial_steiner_gray_clifford,"[1, 6, 2, 0, 4, 5, 3]",338,296,53,102,211,9,106
2206,,7,76,pauli_polynomial_steiner_gray_clifford,"[1, 5, 2, 0, 6, 4, 3]",353,309,59,119,237,5,93
2207,,7,76,pauli_polynomial_steiner_gray_clifford,"[1, 6, 2, 0, 5, 4, 3]",360,317,54,104,221,6,101
2208,,7,76,pauli_polynomial_steiner_gray_clifford,"[1, 3, 4, 0, 2, 5, 6]",350,312,55,117,227,5,97
2209,,7,76,pauli_polynomial_steiner_gray_clifford,"[1, 3, 4, 0, 2, 6, 5]",353,311,56,119,223,5,98
2210,,7,76,pauli_polynomial_steiner_gray_clifford,"[1, 3, 5, 0, 2, 4, 6]",355,317,59,122,245,5,88
2211,,7,76,pauli_polynomial_steiner_gray_clifford,"[1, 3, 6, 0, 2, 4, 5]",335,293,53,111,221,7,99
2212,,7,76,pauli_polynomial_steiner_gray_clifford,"[1, 3, 5, 0, 2, 6, 4]",368,321,58,125,234,5,92
2213,,7,76,pauli_polynomial_steiner_gray_clifford,"[1, 3, 6, 0, 2, 5, 4]",345,306,51,112,214,7,102
2214,,7,76,pauli_polynomial_steiner_gray_clifford,"[1, 4, 3, 0, 2, 5, 6]",349,303,57,118,225,4,98
2215,,7,76,pauli_polynomial_steiner_gray_clifford,"[1, 4, 3, 0, 2, 6, 5]",360,309,55,120,221,4,99
2216,,7,76,pauli_polynomial_steiner_gray_clifford,"[1, 5, 3, 0, 2, 4, 6]",353,315,60,126,241,6,90
2217,,7,76,pauli_polynomial_steiner_gray_clifford,"[1, 6, 3, 0, 2, 4, 5]",338,294,53,110,215,7,102
2218,,7,76,pauli_polynomial_steiner_gray_clifford,"[1, 5, 3, 0, 2, 6, 4]",373,332,57,129,230,6,94
2219,,7,76,pauli_polynomial_steiner_gray_clifford,"[1, 6, 3, 0, 2, 5, 4]",347,311,52,111,208,7,105
2220,,7,76,pauli_polynomial_steiner_gray_clifford,"[1, 4, 5, 0, 2, 3, 6]",341,302,54,108,221,6,100
2221,,7,76,pauli_polynomial_steiner_gray_clifford,"[1, 4, 6, 0, 2, 3, 5]",338,304,57,118,233,6,93
2222,,7,76,pauli_polynomial_steiner_gray_clifford,"[1, 5, 4, 0, 2, 3, 6]",324,286,53,111,219,8,101
2223,,7,76,pauli_polynomial_steiner_gray_clifford,"[1, 6, 4, 0, 2, 3, 5]",372,334,58,116,229,7,95
2224,,7,76,pauli_polynomial_steiner_gray_clifford,"[1, 5, 6, 0, 2, 3, 4]",367,318,58,129,238,4,90
2225,,7,76,pauli_polynomial_steiner_gray_clifford,"[1, 6, 5, 0, 2, 3, 4]",356,316,60,124,236,3,91
2226,,7,76,pauli_polynomial_steiner_gray_clifford,"[1, 4, 5, 0, 2, 6, 3]",345,297,52,106,213,6,105
2227,,7,76,pauli_polynomial_steiner_gray_clifford,"[1, 4, 6, 0, 2, 5, 3]",331,296,57,114,229,6,97
2228,,7,76,pauli_polynomial_steiner_gray_clifford,"[1, 5, 4, 0, 2, 6, 3]",358,312,52,109,211,8,106
2229,,7,76,pauli_polynomial_steiner_gray_clifford,"[1, 6, 4, 0, 2, 5, 3]",358,316,56,112,225,7,99
2230,,7,76,pauli_polynomial_steiner_gray_clifford,"[1, 5, 6, 0, 2, 4, 3]",361,315,60,124,241,4,91
2231,,7,76,pauli_polynomial_steiner_gray_clifford,"[1, 6, 5, 0, 2, 4, 3]",340,301,59,119,239,3,92
2232,,7,76,pauli_polynomial_steiner_gray_clifford,"[1, 3, 4, 0, 5, 2, 6]",348,307,56,111,225,3,98
2233,,7,76,pauli_polynomial_steiner_gray_clifford,"[1, 3, 4, 0, 6, 2, 5]",368,326,56,116,219,4,100
2234,,7,76,pauli_polynomial_steiner_gray_clifford,"[1, 3, 5, 0, 4, 2, 6]",343,295,59,115,231,4,95
2235,,7,76,pauli_polynomial_steiner_gray_clifford,"[1, 3, 6, 0, 4, 2, 5]",340,305,57,113,221,4,99
2236,,7,76,pauli_polynomial_steiner_gray_clifford,"[1, 3, 5, 0, 6, 2, 4]",356,312,61,125,234,3,92
2237,,7,76,pauli_polynomial_steiner_gray_clifford,"[1, 3, 6, 0, 5, 2, 4]",366,328,59,118,230,2,94
2238,,7,76,pauli_polynomial_steiner_gray_clifford,"[1, 4, 3, 0, 5, 2, 6]",347,303,58,112,223,2,99
2239,,7,76,pauli_polynomial_steiner_gray_clifford,"[1, 4, 3, 0, 6, 2, 5]",342,301,54,117,217,3,101
2240,,7,76,pauli_polynomial_steiner_gray_clifford,"[1, 5, 3, 0, 4, 2, 6]",388,339,59,119,227,5,97
2241,,7,76,pauli_polynomial_steiner_gray_clifford,"[1, 6, 3, 0, 4, 2, 5]",363,328,56,112,215,4,102
2242,,7,76,pauli_polynomial_steiner_gray_clifford,"[1, 5, 3, 0, 6, 2, 4]",345,307,58,129,230,4,94
2243,,7,76,pauli_polynomial_steiner_gray_clifford,"[1, 6, 3, 0, 5, 2, 4]",340,298,59,117,224,2,97
2244,,7,76,pauli_polynomial_steiner_gray_clifford,"[1, 4, 5, 0, 3, 2, 6]",333,292,56,109,221,5,100
2245,,7,76,pauli_polynomial_steiner_gray_clifford,"[1, 4, 6, 0, 3, 2, 5]",344,299,56,118,229,4,95
2246,,7,76,pauli_polynomial_steiner_gray_clifford,"[1, 5, 4, 0, 3, 2, 6]",338,296,54,112,219,7,101
2247,,7,76,pauli_polynomial_steiner_gray_clifford,"[1, 6, 4, 0, 3, 2, 5]",333,291,57,116,225,5,97
2248,,7,76,pauli_polynomial_steiner_gray_clifford,"[1, 5, 6, 0, 3, 2, 4]",369,324,59,131,240,3,89
2249,,7,76,pauli_polynomial_steiner_gray_clifford,"[1, 6, 5, 0, 3, 2, 4]",356,308,62,126,238,2,90
2250,,7,76,pauli_polynomial_steiner_gray_clifford,"[1, 4, 5, 0, 6, 2, 3]",341,304,56,110,223,5,100
2251,,7,76,pauli_polynomial_steiner_gray_clifford,"[1, 4, 6, 0, 5, 2, 3]",335,296,60,114,237,3,93
2252,,7,76,pauli_polynomial_steiner_gray_clifford,"[1, 5, 4, 0, 6, 2, 3]",310,274,55,113,221,7,101
2253,,7,76,pauli_polynomial_steiner_gray_clifford,"[1, 6, 4, 0, 5, 2, 3]",352,313,58,112,233,4,95
2254,,7,76,pauli_polynomial_steiner_gray_clifford,"[1, 5, 6, 0, 4, 2, 3]",362,311,61,122,239,4,92
2255,,7,76,pauli_polynomial_steiner_gray_clifford,"[1, 6, 5, 0, 4, 2, 3]",338,298,60,117,237,3,93
2256,,7,76,pauli_polynomial_steiner_gray_clifford,"[1, 3, 4, 0, 5, 6, 2]",347,301,58,109,228,3,97
2257,,7,76,pauli_polynomial_steiner_gray_clifford,"[1, 3, 4, 0, 6, 5, 2]",344,300,57,112,226,4,98
2258,,7,76,pauli_polynomial_steiner_gray_clifford,"[1, 3, 5, 0, 4, 6, 2]",330,289,59,113,230,5,96
2259,,7,76,pauli_polynomial_steiner_gray_clifford,"[1, 3, 6, 0, 4, 5, 2]",342,310,54,109,210,7,106
2260,,7,76,pauli_polynomial_steiner_gray_clifford,"[1, 3, 5, 0, 6, 4, 2]",358,313,62,120,244,4,89
2261,,7,76,pauli_polynomial_steiner_gray_clifford,"[1, 3, 6, 0, 5, 4, 2]",344,300,58,113,226,5,98
2262,,7,76,pauli_polynomial_steiner_gray_clifford,"[1, 4, 3, 0, 5, 6, 2]",351,304,59,110,226,2,98
2263,,7,76,pauli_polynomial_steiner_gray_clifford,"[1, 4, 3, 0, 6, 5, 2]",353,309,57,113,224,3,99
2264,,7,76,pauli_polynomial_steiner_gray_clifford,"[1, 5, 3, 0, 4, 6, 2]",330,294,58,117,226,6,98
2265,,7,76,pauli_polynomial_steiner_gray_clifford,"[1, 6, 3, 0, 4, 5, 2]",362,318,53,108,204,7,109
2266,,7,76,pauli_polynomial_steiner_gray_clifford,"[1, 5, 3, 0, 6, 4, 2]",362,320,60,124,240,5,91
2267,,7,76,pauli_polynomial_steiner_gray_clifford,"[1, 6, 3, 0, 5, 4, 2]",349,310,57,112,220,5,101
2268,,7,76,pauli_polynomial_steiner_gray_clifford,"[1, 4, 5, 0, 3, 6, 2]",348,301,55,107,210,5,106
2269,,7,76,pauli_polynomial_steiner_gray_clifford,"[1, 4, 6, 0, 3, 5, 2]",347,317,57,114,226,5,98
2270,,7,76,pauli_polynomial_steiner_gray_clifford,"[1, 5, 4, 0, 3, 6, 2]",325,281,53,110,208,7,107
2271,,7,76,pauli_polynomial_steiner_gray_clifford,"[1, 6, 4, 0, 3, 5, 2]",335,294,56,112,222,6,100
2272,,7,76,pauli_polynomial_steiner_gray_clifford,"[1, 5, 6, 0, 3, 4, 2]",321,290,61,126,238,3,92
2273,,7,76,pauli_polynomial_steiner_gray_clifford,"[1, 6, 5, 0, 3, 4, 2]",351,310,62,121,236,2,93
2274,,7,76,pauli_polynomial_steiner_gray_clifford,"[1, 4, 5, 0, 6, 3, 2]",345,309,57,110,220,5,101
2275,,7,76,pauli_polynomial_steiner_gray_clifford,"[1, 4, 6, 0, 5, 3, 2]",350,313,61,114,238,4,92
2276,,7,76,pauli_polynomial_steiner_gray_clifford,"[1, 5, 4, 0, 6, 3, 2]",320,279,55,113,218,7,102
2277,,7,76,pauli_polynomial_steiner_gray_clifford,"[1, 6, 4, 0, 5, 3, 2]",354,312,59,112,234,5,94
2278,,7,76,pauli_polynomial_steiner_gray_clifford,"[1, 5, 6, 0, 4, 3, 2]",346,313,61,122,234,4,94
2279,,7,76,pauli_polynomial_steiner_gray_clifford,"[1, 6, 5, 0, 4, 3, 2]",345,300,61,117,232,3,95
2280,,7,76,pauli_polynomial_steiner_gray_clifford,"[2, 1, 3, 0, 4, 5, 6]",340,296,56,104,217,9,106
2281,,7,76,pauli_polynomial_steiner_gray_clifford,"[2, 1, 3, 0, 4, 6, 5]",347,305,57,106,227,7,100
2282,,7,76,pauli_polynomial_steiner_gray_clifford,"[2, 1, 3, 0, 5, 4, 6]",341,298,57,105,229,8,100
2283,,7,76,pauli_polynomial_steiner_gray_clifford,"[2, 1, 3, 0, 6, 4, 5]",362,326,54,101,223,9,102
2284,,7,76,pauli_polynomial_steiner_gray_clifford,"[2, 1, 3, 0, 5, 6, 4]",345,308,61,108,236,5,95
2285,,7,76,pauli_polynomial_steiner_gray_clifford,"[2, 1, 3, 0, 6, 5, 4]",326,285,57,102,220,8,103
2286,,7,76,pauli_polynomial_steiner_gray_clifford,"[2, 1, 4, 0, 3, 5, 6]",332,301,55,105,219,7,105
2287,,7,76,pauli_polynomial_steiner_gray_clifford,"[2, 1, 4, 0, 3, 6, 5]",369,325,54,107,211,6,108
2288,,7,76,pauli_polynomial_steiner_gray_clifford,"[2, 1, 5, 0, 3, 4, 6]",368,321,59,107,239,5,95
2289,,7,76,pauli_polynomial_steiner_gray_clifford,"[2, 1, 6, 0, 3, 4, 5]",332,289,51,93,215,8,106
2290,,7,76,pauli_polynomial_steiner_gray_clifford,"[2, 1, 5, 0, 3, 6, 4]",339,297,59,110,230,5,98
2291,,7,76,pauli_polynomial_steiner_gray_clifford,"[2, 1, 6, 0, 3, 5, 4]",349,314,52,94,214,9,106
2292,,7,76,pauli_polynomial_steiner_gray_clifford,"[2, 1, 4, 0, 5, 3, 6]",339,298,54,98,217,6,106
2293,,7,76,pauli_polynomial_steiner_gray_clifford,"[2, 1, 4, 0, 6, 3, 5]",334,292,53,104,211,7,108
2294,,7,76,pauli_polynomial_steiner_gray_clifford,"[2, 1, 5, 0, 4, 3, 6]",344,299,57,99,225,5,102
2295,,7,76,pauli_polynomial_steiner_gray_clifford,"[2, 1, 6, 0, 4, 3, 5]",353,310,53,95,219,7,104
2296,,7,76,pauli_polynomial_steiner_gray_clifford,"[2, 1, 5, 0, 6, 3, 4]",349,310,61,108,228,4,99
2297,,7,76,pauli_polynomial_steiner_gray_clifford,"[2, 1, 6, 0, 5, 3, 4]",365,319,58,98,228,5,99
2298,,7,76,pauli_polynomial_steiner_gray_clifford,"[2, 1, 4, 0, 5, 6, 3]",353,310,56,96,219,5,106
2299,,7,76,pauli_polynomial_steiner_gray_clifford,"[2, 1, 4, 0, 6, 5, 3]",337,293,56,100,221,7,105
2300,,7,76,pauli_polynomial_steiner_gray_clifford,"[2, 1, 5, 0, 4, 6, 3]",367,326,57,97,229,6,101
2301,,7,76,pauli_polynomial_steiner_gray_clifford,"[2, 1, 6, 0, 4, 5, 3]",332,298,52,91,213,10,109
2302,,7,76,pauli_polynomial_steiner_gray_clifford,"[2, 1, 5, 0, 6, 4, 3]",334,290,61,103,241,5,95
2303,,7,76,pauli_polynomial_steiner_gray_clifford,"[2, 1, 6, 0, 5, 4, 3]",337,294,56,93,223,7,104
2304,,7,76,pauli_polynomial_steiner_gray_clifford,"[3, 1, 2, 0, 4, 5, 6]",336,294,53,107,220,10,105
2305,,7,76,pauli_polynomial_steiner_gray_clifford,"[3, 1, 2, 0, 4, 6, 5]",342,305,57,109,230,8,99
2306,,7,76,pauli_polynomial_steiner_gray_clifford,"[3, 1, 2, 0, 5, 4, 6]",371,326,55,108,232,9,99
2307,,7,76,pauli_polynomial_steiner_gray_clifford,"[3, 1, 2, 0, 6, 4, 5]",320,283,56,104,226,10,101
2308,,7,76,pauli_polynomial_steiner_gray_clifford,"[3, 1, 2, 0, 5, 6, 4]",352,308,59,111,239,6,94
2309,,7,76,pauli_polynomial_steiner_gray_clifford,"[3, 1, 2, 0, 6, 5, 4]",330,291,56,105,223,9,102
2310,,7,76,pauli_polynomial_steiner_gray_clifford,"[4, 1, 2, 0, 3, 5, 6]",373,328,57,114,223,7,101
2311,,7,76,pauli_polynomial_steiner_gray_clifford,"[4, 1, 2, 0, 3, 6, 5]",355,310,54,116,215,6,104
2312,,7,76,pauli_polynomial_steiner_gray_clifford,"[5, 1, 2, 0, 3, 4, 6]",353,313,58,118,234,7,96
2313,,7,76,pauli_polynomial_steiner_gray_clifford,"[6, 1, 2, 0, 3, 4, 5]",337,301,53,97,216,9,105
2314,,7,76,pauli_polynomial_steiner_gray_clifford,"[5, 1, 2, 0, 3, 6, 4]",359,315,55,121,225,7,99
2315,,7,76,pauli_polynomial_steiner_gray_clifford,"[6, 1, 2, 0, 3, 5, 4]",328,286,53,98,215,10,105
2316,,7,76,pauli_polynomial_steiner_gray_clifford,"[4, 1, 2, 0, 5, 3, 6]",345,299,57,107,221,6,102
2317,,7,76,pauli_polynomial_steiner_gray_clifford,"[4, 1, 2, 0, 6, 3, 5]",370,329,54,113,215,7,104
2318,,7,76,pauli_polynomial_steiner_gray_clifford,"[5, 1, 2, 0, 4, 3, 6]",352,308,56,110,220,7,103
2319,,7,76,pauli_polynomial_steiner_gray_clifford,"[6, 1, 2, 0, 4, 3, 5]",338,293,54,99,220,8,103
2320,,7,76,pauli_polynomial_steiner_gray_clifford,"[5, 1, 2, 0, 6, 3, 4]",327,287,56,119,223,6,100
2321,,7,76,pauli_polynomial_steiner_gray_clifford,"[6, 1, 2, 0, 5, 3, 4]",360,315,57,102,229,6,98
2322,,7,76,pauli_polynomial_steiner_gray_clifford,"[4, 1, 2, 0, 5, 6, 3]",339,295,57,105,223,5,102
2323,,7,76,pauli_polynomial_steiner_gray_clifford,"[4, 1, 2, 0, 6, 5, 3]",348,301,57,109,225,7,101
2324,,7,76,pauli_polynomial_steiner_gray_clifford,"[5, 1, 2, 0, 4, 6, 3]",331,295,56,108,224,8,102
2325,,7,76,pauli_polynomial_steiner_gray_clifford,"[6, 1, 2, 0, 4, 5, 3]",365,317,50,95,214,11,108
2326,,7,76,pauli_polynomial_steiner_gray_clifford,"[5, 1, 2, 0, 6, 4, 3]",351,298,59,114,236,7,96
2327,,7,76,pauli_polynomial_steiner_gray_clifford,"[6, 1, 2, 0, 5, 4, 3]",327,289,53,97,224,8,103
2328,,7,76,pauli_polynomial_steiner_gray_clifford,"[3, 1, 4, 0, 2, 5, 6]",318,283,52,108,224,6,103
2329,,7,76,pauli_polynomial_steiner_gray_clifford,"[3, 1, 4, 0, 2, 6, 5]",349,302,54,110,220,6,104
2330,,7,76,pauli_polynomial_steiner_gray_clifford,"[3, 1, 5, 0, 2, 4, 6]",340,301,59,113,250,5,90
2331,,7,76,pauli_polynomial_steiner_gray_clifford,"[3, 1, 6, 0, 2, 4, 5]",330,290,55,102,226,8,101
2332,,7,76,pauli_polynomial_steiner_gray_clifford,"[3, 1, 5, 0, 2, 6, 4]",355,311,59,116,239,5,94
2333,,7,76,pauli_polynomial_steiner_gray_clifford,"[3, 1, 6, 0, 2, 5, 4]",352,311,53,103,219,8,104
2334,,7,76,pauli_polynomial_steiner_gray_clifford,"[4, 1, 3, 0, 2, 5, 6]",329,295,57,114,225,5,100
2335,,7,76,pauli_polynomial_steiner_gray_clifford,"[4, 1, 3, 0, 2, 6, 5]",357,312,54,116,221,5,101
2336,,7,76,pauli_polynomial_steiner_gray_clifford,"[5, 1, 3, 0, 2, 4, 6]",354,311,60,121,242,6,92
2337,,7,76,pauli_polynomial_steiner_gray_clifford,"[6, 1, 3, 0, 2, 4, 5]",332,297,55,103,224,8,101
2338,,7,76,pauli_polynomial_steiner_gray_clifford,"[5, 1, 3, 0, 2, 6, 4]",347,316,57,124,231,6,96
2339,,7,76,pauli_polynomial_steiner_gray_clifford,"[6, 1, 3, 0, 2, 5, 4]",340,303,55,104,217,8,104
2340,,7,76,pauli_polynomial_steiner_gray_clifford,"[4, 1, 5, 0, 2, 3, 6]",345,305,58,104,231,4,97
2341,,7,76,pauli_polynomial_steiner_gray_clifford,"[4, 1, 6, 0, 2, 3, 5]",352,317,56,114,225,6,99
2342,,7,76,pauli_polynomial_steiner_gray_clifford,"[5, 1, 4, 0, 2, 3, 6]",341,301,54,106,222,6,102
2343,,7,76,pauli_polynomial_steiner_gray_clifford,"[6, 1, 4, 0, 2, 3, 5]",361,318,56,109,222,7,102
2344,,7,76,pauli_polynomial_steiner_gray_clifford,"[5, 1, 6, 0, 2, 3, 4]",341,296,57,124,233,5,95
2345,,7,76,pauli_polynomial_steiner_gray_clifford,"[6, 1, 5, 0, 2, 3, 4]",351,305,61,117,239,4,93
2346,,7,76,pauli_polynomial_steiner_gray_clifford,"[4, 1, 5, 0, 2, 6, 3]",332,292,56,102,223,4,102
2347,,7,76,pauli_polynomial_steiner_gray_clifford,"[4, 1, 6, 0, 2, 5, 3]",326,285,57,110,221,6,103
2348,,7,76,pauli_polynomial_steiner_gray_clifford,"[5, 1, 4, 0, 2, 6, 3]",343,305,54,104,214,6,107
2349,,7,76,pauli_polynomial_steiner_gray_clifford,"[6, 1, 4, 0, 2, 5, 3]",344,307,54,105,218,7,106
2350,,7,76,pauli_polynomial_steiner_gray_clifford,"[5, 1, 6, 0, 2, 4, 3]",355,306,60,119,236,5,96
2351,,7,76,pauli_polynomial_steiner_gray_clifford,"[6, 1, 5, 0, 2, 4, 3]",344,306,59,112,242,4,94
2352,,7,76,pauli_polynomial_steiner_gray_clifford,"[3, 1, 4, 0, 5, 2, 6]",349,300,52,102,222,4,104
2353,,7,76,pauli_polynomial_steiner_gray_clifford,"[3, 1, 4, 0, 6, 2, 5]",341,306,53,107,216,5,106
2354,,7,76,pauli_polynomial_steiner_gray_clifford,"[3, 1, 5, 0, 4, 2, 6]",356,314,57,106,236,4,97
2355,,7,76,pauli_polynomial_steiner_gray_clifford,"[3, 1, 6, 0, 4, 2, 5]",341,296,55,104,226,5,101
2356,,7,76,pauli_polynomial_steiner_gray_clifford,"[3, 1, 5, 0, 6, 2, 4]",341,301,61,116,239,3,94
2357,,7,76,pauli_polynomial_steiner_gray_clifford,"[3, 1, 6, 0, 5, 2, 4]",344,297,58,109,235,3,96
2358,,7,76,pauli_polynomial_steiner_gray_clifford,"[4, 1, 3, 0, 5, 2, 6]",325,287,57,108,223,3,101
2359,,7,76,pauli_polynomial_steiner_gray_clifford,"[4, 1, 3, 0, 6, 2, 5]",367,321,52,113,217,4,103
2360,,7,76,pauli_polynomial_steiner_gray_clifford,"[5, 1, 3, 0, 4, 2, 6]",354,314,59,114,228,5,99
2361,,7,76,pauli_polynomial_steiner_gray_clifford,"[6, 1, 3, 0, 4, 2, 5]",353,315,56,105,224,5,101
2362,,7,76,pauli_polynomial_steiner_gray_clifford,"[5, 1, 3, 0, 6, 2, 4]",358,322,57,124,231,4,96
2363,,7,76,pauli_polynomial_steiner_gray_clifford,"[6, 1, 3, 0, 5, 2, 4]",330,291,59,110,233,3,96
2364,,7,76,pauli_polynomial_steiner_gray_clifford,"[4, 1, 5, 0, 3, 2, 6]",342,295,58,105,231,3,97
2365,,7,76,pauli_polynomial_steiner_gray_clifford,"[4, 1, 6, 0, 3, 2, 5]",340,295,54,114,221,4,101
2366,,7,76,pauli_polynomial_steiner_gray_clifford,"[5, 1, 4, 0, 3, 2, 6]",338,298,55,107,222,5,102
2367,,7,76,pauli_polynomial_steiner_gray_clifford,"[6, 1, 4, 0, 3, 2, 5]",368,327,56,109,218,5,104
2368,,7,76,pauli_polynomial_steiner_gray_clifford,"[5, 1, 6, 0, 3, 2, 4]",367,321,56,126,235,4,94
2369,,7,76,pauli_polynomial_steiner_gray_clifford,"[6, 1, 5, 0, 3, 2, 4]",350,316,61,119,241,3,92
2370,,7,76,pauli_polynomial_steiner_gray_clifford,"[4, 1, 5, 0, 6, 2, 3]",347,309,58,106,233,3,97
2371,,7,76,pauli_polynomial_steiner_gray_clifford,"[4, 1, 6, 0, 5, 2, 3]",349,303,59,110,229,3,99
2372,,7,76,pauli_polynomial_steiner_gray_clifford,"[5, 1, 4, 0, 6, 2, 3]",348,304,55,108,224,5,102
2373,,7,76,pauli_polynomial_steiner_gray_clifford,"[6, 1, 4, 0, 5, 2, 3]",331,291,55,105,226,4,102
2374,,7,76,pauli_polynomial_steiner_gray_clifford,"[5, 1, 6, 0, 4, 2, 3]",355,307,58,117,234,5,97
2375,,7,76,pauli_polynomial_steiner_gray_clifford,"[6, 1, 5, 0, 4, 2, 3]",356,311,57,110,240,4,95
2376,,7,76,pauli_polynomial_steiner_gray_clifford,"[3, 1, 4, 0, 5, 6, 2]",325,281,55,100,225,4,103
2377,,7,76,pauli_polynomial_steiner_gray_clifford,"[3, 1, 4, 0, 6, 5, 2]",324,289,54,103,223,5,104
2378,,7,76,pauli_polynomial_steiner_gray_clifford,"[3, 1, 5, 0, 4, 6, 2]",347,294,58,104,235,5,98
2379,,7,76,pauli_polynomial_steiner_gray_clifford,"[3, 1, 6, 0, 4, 5, 2]",335,297,52,100,215,8,108
2380,,7,76,pauli_polynomial_steiner_gray_clifford,"[3, 1, 5, 0, 6, 4, 2]",340,297,62,111,249,4,91
2381,,7,76,pauli_polynomial_steiner_gray_clifford,"[3, 1, 6, 0, 5, 4, 2]",353,312,57,104,231,6,100
2382,,7,76,pauli_polynomial_steiner_gray_clifford,"[4, 1, 3, 0, 5, 6, 2]",325,290,58,106,226,3,100
2383,,7,76,pauli_polynomial_steiner_gray_clifford,"[4, 1, 3, 0, 6, 5, 2]",359,306,56,109,224,4,101
2384,,7,76,pauli_polynomial_steiner_gray_clifford,"[5, 1, 3, 0, 4, 6, 2]",342,309,57,112,227,6,100
2385,,7,76,pauli_polynomial_steiner_gray_clifford,"[6, 1, 3, 0, 4, 5, 2]",330,288,53,101,213,8,108
2386,,7,76,pauli_polynomial_steiner_gray_clifford,"[5, 1, 3, 0, 6, 4, 2]",343,303,58,119,241,5,93
2387,,7,76,pauli_polynomial_steiner_gray_clifford,"[6, 1, 3, 0, 5, 4, 2]",323,284,56,105,229,6,100
2388,,7,76,pauli_polynomial_steiner_gray_clifford,"[4, 1, 5, 0, 3, 6, 2]",355,308,57,103,220,3,103
2389,,7,76,pauli_polynomial_steiner_gray_clifford,"[4, 1, 6, 0, 3, 5, 2]",348,303,56,110,218,5,104
2390,,7,76,pauli_polynomial_steiner_gray_clifford,"[5, 1, 4, 0, 3, 6, 2]",354,300,53,105,211,5,108
2391,,7,76,pauli_polynomial_steiner_gray_clifford,"[6, 1, 4, 0, 3, 5, 2]",353,312,55,105,215,6,107
2392,,7,76,pauli_polynomial_steiner_gray_clifford,"[5, 1, 6, 0, 3, 4, 2]",351,311,57,121,233,4,97
2393,,7,76,pauli_polynomial_steiner_gray_clifford,"[6, 1, 5, 0, 3, 4, 2]",347,304,60,114,239,3,95
2394,,7,76,pauli_polynomial_steiner_gray_clifford,"[4, 1, 5, 0, 6, 3, 2]",344,303,59,106,230,3,98
2395,,7,76,pauli_polynomial_steiner_gray_clifford,"[4, 1, 6, 0, 5, 3, 2]",349,318,60,110,230,4,98
2396,,7,76,pauli_polynomial_steiner_gray_clifford,"[5, 1, 4, 0, 6, 3, 2]",366,318,53,108,221,5,103
2397,,7,76,pauli_polynomial_steiner_gray_clifford,"[6, 1, 4, 0, 5, 3, 2]",325,297,56,105,227,5,101
2398,,7,76,pauli_polynomial_steiner_gray_clifford,"[5, 1, 6, 0, 4, 3, 2]",350,309,56,117,229,5,99
2399,,7,76,pauli_polynomial_steiner_gray_clifford,"[6, 1, 5, 0, 4, 3, 2]",347,298,58,110,235,4,97
2400,,7,76,pauli_polynomial_steiner_gray_clifford,"[2, 3, 1, 0, 4, 5, 6]",331,296,56,104,225,7,102
2401,,7,76,pauli_polynomial_steiner_gray_clifford,"[2, 3, 1, 0, 4, 6, 5]",309,273,57,106,235,5,96
2402,,7,76,pauli_polynomial_steiner_gray_clifford,"[2, 3, 1, 0, 5, 4, 6]",318,279,58,105,237,6,96
2403,,7,76,pauli_polynomial_steiner_gray_clifford,"[2, 3, 1, 0, 6, 4, 5]",330,283,55,101,231,7,98
2404,,7,76,pauli_polynomial_steiner_gray_clifford,"[2, 3, 1, 0, 5, 6, 4]",358,317,63,108,244,3,91
2405,,7,76,pauli_polynomial_steiner_gray_clifford,"[2, 3, 1, 0, 6, 5, 4]",329,288,59,102,228,6,99
2406,,7,76,pauli_polynomial_steiner_gray_clifford,"[2, 4, 1, 0, 3, 5, 6]",349,308,58,109,231,4,99
2407,,7,76,pauli_polynomial_steiner_gray_clifford,"[2, 4, 1, 0, 3, 6, 5]",347,312,57,111,223,3,102
2408,,7,76,pauli_polynomial_steiner_gray_clifford,"[2, 5, 1, 0, 3, 4, 6]",350,301,59,107,235,4,97
2409,,7,76,pauli_polynomial_steiner_gray_clifford,"[2, 6, 1, 0, 3, 4, 5]",321,287,53,90,213,6,107
2410,,7,76,pauli_polynomial_steiner_gray_clifford,"[2, 5, 1, 0, 3, 6, 4]",347,308,58,110,226,4,100
2411,,7,76,pauli_polynomial_steiner_gray_clifford,"[2, 6, 1, 0, 3, 5, 4]",371,323,53,91,212,7,107
2412,,7,76,pauli_polynomial_steiner_gray_clifford,"[2, 4, 1, 0, 5, 3, 6]",329,286,57,102,229,3,100
2413,,7,76,pauli_polynomial_steiner_gray_clifford,"[2, 4, 1, 0, 6, 3, 5]",354,311,55,108,223,4,102
2414,,7,76,pauli_polynomial_steiner_gray_clifford,"[2, 5, 1, 0, 4, 3, 6]",314,279,56,99,221,4,104
2415,,7,76,pauli_polynomial_steiner_gray_clifford,"[2, 6, 1, 0, 4, 3, 5]",335,291,53,92,217,5,105
2416,,7,76,pauli_polynomial_steiner_gray_clifford,"[2, 5, 1, 0, 6, 3, 4]",355,313,59,108,224,3,101
2417,,7,76,pauli_polynomial_steiner_gray_clifford,"[2, 6, 1, 0, 5, 3, 4]",341,300,58,95,226,3,100
2418,,7,76,pauli_polynomial_steiner_gray_clifford,"[2, 4, 1, 0, 5, 6, 3]",327,286,59,100,231,2,100
2419,,7,76,pauli_polynomial_steiner_gray_clifford,"[2, 4, 1, 0, 6, 5, 3]",342,312,58,104,233,4,99
2420,,7,76,pauli_polynomial_steiner_gray_clifford,"[2, 5, 1, 0, 4, 6, 3]",342,302,54,97,225,5,103
2421,,7,76,pauli_polynomial_steiner_gray_clifford,"[2, 6, 1, 0, 4, 5, 3]",341,305,50,88,211,8,110
2422,,7,76,pauli_polynomial_steiner_gray_clifford,"[2, 5, 1, 0, 6, 4, 3]",347,303,58,103,237,4,97
2423,,7,76,pauli_polynomial_steiner_gray_clifford,"[2, 6, 1, 0, 5, 4, 3]",364,320,55,90,221,5,105
2424,,7,76,pauli_polynomial_steiner_gray_clifford,"[3, 2, 1, 0, 4, 5, 6]",343,297,53,104,222,8,104
2425,,7,76,pauli_polynomial_steiner_gray_clifford,"[3, 2, 1, 0, 4, 6, 5]",366,320,56,106,232,6,98
2426,,7,76,pauli_polynomial_steiner_gray_clifford,"[3, 2, 1, 0, 5, 4, 6]",333,302,57,105,234,7,98
2427,,7,76,pauli_polynomial_steiner_gray_clifford,"[3, 2, 1, 0, 6, 4, 5]",330,289,56,101,228,8,100
2428,,7,76,pauli_polynomial_steiner_gray_clifford,"[3, 2, 1, 0, 5, 6, 4]",347,304,62,108,241,4,93
2429,,7,76,pauli_polynomial_steiner_gray_clifford,"[3, 2, 1, 0, 6, 5, 4]",313,281,58,102,225,7,101
2430,,7,76,pauli_polynomial_steiner_gray_clifford,"[4, 2, 1, 0, 3, 5, 6]",358,316,58,114,231,5,97
2431,,7,76,pauli_polynomial_steiner_gray_clifford,"[4, 2, 1, 0, 3, 6, 5]",348,306,57,116,223,4,100
2432,,7,76,pauli_polynomial_steiner_gray_clifford,"[5, 2, 1, 0, 3, 4, 6]",350,306,58,111,228,5,99
2433,,7,76,pauli_polynomial_steiner_gray_clifford,"[6, 2, 1, 0, 3, 4, 5]",330,290,54,92,214,7,106
2434,,7,76,pauli_polynomial_steiner_gray_clifford,"[5, 2, 1, 0, 3, 6, 4]",321,288,56,114,219,5,102
2435,,7,76,pauli_polynomial_steiner_gray_clifford,"[6, 2, 1, 0, 3, 5, 4]",349,314,53,93,213,8,106
2436,,7,76,pauli_polynomial_steiner_gray_clifford,"[4, 2, 1, 0, 5, 3, 6]",344,299,59,107,229,4,98
2437,,7,76,pauli_polynomial_steiner_gray_clifford,"[4, 2, 1, 0, 6, 3, 5]",332,295,57,113,223,5,100
2438,,7,76,pauli_polynomial_steiner_gray_clifford,"[5, 2, 1, 0, 4, 3, 6]",329,289,55,103,214,5,106
2439,,7,76,pauli_polynomial_steiner_gray_clifford,"[6, 2, 1, 0, 4, 3, 5]",346,303,54,94,218,6,104
2440,,7,76,pauli_polynomial_steiner_gray_clifford,"[5, 2, 1, 0, 6, 3, 4]",349,298,57,112,217,4,103
2441,,7,76,pauli_polynomial_steiner_gray_clifford,"[6, 2, 1, 0, 5, 3, 4]",350,305,58,97,227,4,99
2442,,7,76,pauli_polynomial_steiner_gray_clifford,"[4, 2, 1, 0, 5, 6, 3]",347,312,60,105,231,3,98
2443,,7,76,pauli_polynomial_steiner_gray_clifford,"[4, 2, 1, 0, 6, 5, 3]",343,295,59,109,233,5,97
2444,,7,76,pauli_polynomial_steiner_gray_clifford,"[5, 2, 1, 0, 4, 6, 3]",348,297,53,101,218,6,105
2445,,7,76,pauli_polynomial_steiner_gray_clifford,"[6, 2, 1, 0, 4, 5, 3]",336,287,49,90,212,9,109
2446,,7,76,pauli_polynomial_steiner_gray_clifford,"[5, 2, 1, 0, 6, 4, 3]",363,320,57,107,230,5,99
2447,,7,76,pauli_polynomial_steiner_gray_clifford,"[6, 2, 1, 0, 5, 4, 3]",328,291,54,92,222,6,104
2448,,7,76,pauli_polynomial_steiner_gray_clifford,"[3, 4, 1, 0, 2, 5, 6]",340,300,55,107,228,4,101
2449,,7,76,pauli_polynomial_steiner_gray_clifford,"[3, 4, 1, 0, 2, 6, 5]",358,315,56,109,224,4,102
2450,,7,76,pauli_polynomial_steiner_gray_clifford,"[3, 5, 1, 0, 2, 4, 6]",338,303,59,110,244,6,93
2451,,7,76,pauli_polynomial_steiner_gray_clifford,"[3, 6, 1, 0, 2, 4, 5]",336,302,54,95,218,7,105
2452,,7,76,pauli_polynomial_steiner_gray_clifford,"[3, 5, 1, 0, 2, 6, 4]",327,290,60,113,233,6,97
2453,,7,76,pauli_polynomial_steiner_gray_clifford,"[3, 6, 1, 0, 2, 5, 4]",325,296,54,96,211,7,108
2454,,7,76,pauli_polynomial_steiner_gray_clifford,"[4, 3, 1, 0, 2, 5, 6]",336,296,58,112,231,4,97
2455,,7,76,pauli_polynomial_steiner_gray_clifford,"[4, 3, 1, 0, 2, 6, 5]",363,319,57,114,227,4,98
2456,,7,76,pauli_polynomial_steiner_gray_clifford,"[5, 3, 1, 0, 2, 4, 6]",363,316,59,114,240,6,93
2457,,7,76,pauli_polynomial_steiner_gray_clifford,"[6, 3, 1, 0, 2, 4, 5]",351,313,54,97,222,7,102
2458,,7,76,pauli_polynomial_steiner_gray_clifford,"[5, 3, 1, 0, 2, 6, 4]",355,313,59,117,229,6,97
2459,,7,76,pauli_polynomial_steiner_gray_clifford,"[6, 3, 1, 0, 2, 5, 4]",339,297,55,98,215,7,105
2460,,7,76,pauli_polynomial_steiner_gray_clifford,"[4, 5, 1, 0, 2, 3, 6]",343,301,55,98,223,7,101
2461,,7,76,pauli_polynomial_steiner_gray_clifford,"[4, 6, 1, 0, 2, 3, 5]",336,304,58,114,233,6,95
2462,,7,76,pauli_polynomial_steiner_gray_clifford,"[5, 4, 1, 0, 2, 3, 6]",325,277,52,97,216,7,105
2463,,7,76,pauli_polynomial_steiner_gray_clifford,"[6, 4, 1, 0, 2, 3, 5]",363,325,57,111,234,6,96
2464,,7,76,pauli_polynomial_steiner_gray_clifford,"[5, 6, 1, 0, 2, 3, 4]",359,319,59,120,231,4,96
2465,,7,76,pauli_polynomial_steiner_gray_clifford,"[6, 5, 1, 0, 2, 3, 4]",323,288,61,118,239,4,93
2466,,7,76,pauli_polynomial_steiner_gray_clifford,"[4, 5, 1, 0, 2, 6, 3]",328,294,54,96,215,7,106
2467,,7,76,pauli_polynomial_steiner_gray_clifford,"[4, 6, 1, 0, 2, 5, 3]",341,313,58,110,229,6,99
2468,,7,76,pauli_polynomial_steiner_gray_clifford,"[5, 4, 1, 0, 2, 6, 3]",342,301,52,95,208,7,110
2469,,7,76,pauli_polynomial_steiner_gray_clifford,"[6, 4, 1, 0, 2, 5, 3]",325,275,56,107,230,6,100
2470,,7,76,pauli_polynomial_steiner_gray_clifford,"[5, 6, 1, 0, 2, 4, 3]",348,304,59,115,234,4,97
2471,,7,76,pauli_polynomial_steiner_gray_clifford,"[6, 5, 1, 0, 2, 4, 3]",346,305,59,113,242,4,94
2472,,7,76,pauli_polynomial_steiner_gray_clifford,"[3, 4, 1, 0, 5, 2, 6]",327,293,56,101,226,2,102
2473,,7,76,pauli_polynomial_steiner_gray_clifford,"[3, 4, 1, 0, 6, 2, 5]",350,312,55,106,220,3,104
2474,,7,76,pauli_polynomial_steiner_gray_clifford,"[3, 5, 1, 0, 4, 2, 6]",328,286,56,103,230,5,100
2475,,7,76,pauli_polynomial_steiner_gray_clifford,"[3, 6, 1, 0, 4, 2, 5]",332,294,53,97,218,4,105
2476,,7,76,pauli_polynomial_steiner_gray_clifford,"[3, 5, 1, 0, 6, 2, 4]",344,300,61,113,233,4,97
2477,,7,76,pauli_polynomial_steiner_gray_clifford,"[3, 6, 1, 0, 5, 2, 4]",374,329,59,102,227,2,100
2478,,7,76,pauli_polynomial_steiner_gray_clifford,"[4, 3, 1, 0, 5, 2, 6]",354,310,59,106,229,2,98
2479,,7,76,pauli_polynomial_steiner_gray_clifford,"[4, 3, 1, 0, 6, 2, 5]",327,289,56,111,223,3,100
2480,,7,76,pauli_polynomial_steiner_gray_clifford,"[5, 3, 1, 0, 4, 2, 6]",338,295,58,107,226,5,100
2481,,7,76,pauli_polynomial_steiner_gray_clifford,"[6, 3, 1, 0, 4, 2, 5]",332,295,55,99,222,4,102
2482,,7,76,pauli_polynomial_steiner_gray_clifford,"[5, 3, 1, 0, 6, 2, 4]",324,290,60,117,229,4,97
2483,,7,76,pauli_polynomial_steiner_gray_clifford,"[6, 3, 1, 0, 5, 2, 4]",345,300,60,104,231,2,97
2484,,7,76,pauli_polynomial_steiner_gray_clifford,"[4, 5, 1, 0, 3, 2, 6]",345,302,55,99,223,6,101
2485,,7,76,pauli_polynomial_steiner_gray_clifford,"[4, 6, 1, 0, 3, 2, 5]",359,319,57,114,229,4,97
2486,,7,76,pauli_polynomial_steiner_gray_clifford,"[5, 4, 1, 0, 3, 2, 6]",348,308,54,98,216,6,105
2487,,7,76,pauli_polynomial_steiner_gray_clifford,"[6, 4, 1, 0, 3, 2, 5]",359,312,58,111,230,4,98
2488,,7,76,pauli_polynomial_steiner_gray_clifford,"[5, 6, 1, 0, 3, 2, 4]",364,327,59,122,233,3,95
2489,,7,76,pauli_polynomial_steiner_gray_clifford,"[6, 5, 1, 0, 3, 2, 4]",349,309,61,120,241,3,92
2490,,7,76,pauli_polynomial_steiner_gray_clifford,"[4, 5, 1, 0, 6, 2, 3]",336,290,55,100,225,6,101
2491,,7,76,pauli_polynomial_steiner_gray_clifford,"[4, 6, 1, 0, 5, 2, 3]",342,302,60,110,237,3,95
2492,,7,76,pauli_polynomial_steiner_gray_clifford,"[5, 4, 1, 0, 6, 2, 3]",372,323,53,99,218,6,105
2493,,7,76,pauli_polynomial_steiner_gray_clifford,"[6, 4, 1, 0, 5, 2, 3]",341,300,58,107,238,3,96
2494,,7,76,pauli_polynomial_steiner_gray_clifford,"[5, 6, 1, 0, 4, 2, 3]",341,298,56,113,232,4,98
2495,,7,76,pauli_polynomial_steiner_gray_clifford,"[6, 5, 1, 0, 4, 2, 3]",341,293,56,111,240,4,95
2496,,7,76,pauli_polynomial_steiner_gray_clifford,"[3, 4, 1, 0, 5, 6, 2]",353,312,57,99,229,2,101
2497,,7,76,pauli_polynomial_steiner_gray_clifford,"[3, 4, 1, 0, 6, 5, 2]",355,311,55,102,227,3,102
2498,,7,76,pauli_polynomial_steiner_gray_clifford,"[3, 5, 1, 0, 4, 6, 2]",329,292,55,101,229,6,101
2499,,7,76,pauli_polynomial_steiner_gray_clifford,"[3, 6, 1, 0, 4, 5, 2]",337,291,49,93,207,7,112
2500,,7,76,pauli_polynomial_steiner_gray_clifford,"[3, 5, 1, 0, 6, 4, 2]",339,296,59,108,243,5,94
2501,,7,76,pauli_polynomial_steiner_gray_clifford,"[3, 6, 1, 0, 5, 4, 2]",330,292,55,97,223,5,104
2502,,7,76,pauli_polynomial_steiner_gray_clifford,"[4, 3, 1, 0, 5, 6, 2]",363,314,59,104,232,2,97
2503,,7,76,pauli_polynomial_steiner_gray_clifford,"[4, 3, 1, 0, 6, 5, 2]",365,316,57,107,230,3,98
2504,,7,76,pauli_polynomial_steiner_gray_clifford,"[5, 3, 1, 0, 4, 6, 2]",315,281,55,105,225,6,101
2505,,7,76,pauli_polynomial_steiner_gray_clifford,"[6, 3, 1, 0, 4, 5, 2]",335,286,51,95,211,7,109
2506,,7,76,pauli_polynomial_steiner_gray_clifford,"[5, 3, 1, 0, 6, 4, 2]",341,301,57,112,239,5,94
2507,,7,76,pauli_polynomial_steiner_gray_clifford,"[6, 3, 1, 0, 5, 4, 2]",317,277,55,99,227,5,101
2508,,7,76,pauli_polynomial_steiner_gray_clifford,"[4, 5, 1, 0, 3, 6, 2]",343,298,53,97,212,6,107
2509,,7,76,pauli_polynomial_steiner_gray_clifford,"[4, 6, 1, 0, 3, 5, 2]",344,306,56,110,226,5,100
2510,,7,76,pauli_polynomial_steiner_gray_clifford,"[5, 4, 1, 0, 3, 6, 2]",334,289,51,96,205,6,111
2511,,7,76,pauli_polynomial_steiner_gray_clifford,"[6, 4, 1, 0, 3, 5, 2]",341,298,56,107,227,5,101
2512,,7,76,pauli_polynomial_steiner_gray_clifford,"[5, 6, 1, 0, 3, 4, 2]",348,306,58,117,231,3,98
2513,,7,76,pauli_polynomial_steiner_gray_clifford,"[6, 5, 1, 0, 3, 4, 2]",343,298,60,115,239,3,95
2514,,7,76,pauli_polynomial_steiner_gray_clifford,"[4, 5, 1, 0, 6, 3, 2]",324,277,54,100,222,6,102
2515,,7,76,pauli_polynomial_steiner_gray_clifford,"[4, 6, 1, 0, 5, 3, 2]",345,298,59,110,238,4,94
2516,,7,76,pauli_polynomial_steiner_gray_clifford,"[5, 4, 1, 0, 6, 3, 2]",347,303,50,99,215,6,106
2517,,7,76,pauli_polynomial_steiner_gray_clifford,"[6, 4, 1, 0, 5, 3, 2]",339,300,57,107,239,4,95
2518,,7,76,pauli_polynomial_steiner_gray_clifford,"[5, 6, 1, 0, 4, 3, 2]",353,313,55,113,227,4,100
2519,,7,76,pauli_polynomial_steiner_gray_clifford,"[6, 5, 1, 0, 4, 3, 2]",332,288,57,111,235,4,97
2520,,7,76,pauli_polynomial_steiner_gray_clifford,"[2, 3, 4, 0, 1, 5, 6]",339,296,57,111,235,4,97
2521,,7,76,pauli_polynomial_steiner_gray_clifford,"[2, 3, 4, 0, 1, 6, 5]",309,273,55,113,227,4,100
2522,,7,76,pauli_polynomial_steiner_gray_clifford,"[2, 3, 5, 0, 1, 4, 6]",360,316,57,107,239,4,95
2523,,7,76,pauli_polynomial_steiner_gray_clifford,"[2, 3, 6, 0, 1, 4, 5]",347,302,50,99,215,6,106
2524,,7,76,pauli_polynomial_steiner_gray_clifford,"[2, 3, 5, 0, 1, 6, 4]",348,310,59,110,238,4,94
2525,,7,76,pauli_polynomial_steiner_gray_clifford,"[2, 3, 6, 0, 1, 5, 4]",347,304,54,100,222,6,102
2526,,7,76,pauli_polynomial_steiner_gray_clifford,"[2, 4, 3, 0, 1, 5, 6]",330,288,60,115,239,3,95
2527,,7,76,pauli_polynomial_steiner_gray_clifford,"[2, 4, 3, 0, 1, 6, 5]",355,323,58,117,231,3,98
2528,,7,76,pauli_polynomial_steiner_gray_clifford,"[2, 5, 3, 0, 1, 4, 6]",320,273,56,107,227,5,101
2529,,7,76,pauli_polynomial_steiner_gray_clifford,"[2, 6, 3, 0, 1, 4, 5]",309,273,51,96,205,6,111
2530,,7,76,pauli_polynomial_steiner_gray_clifford,"[2, 5, 3, 0, 1, 6, 4]",353,316,56,110,226,5,100
2531,,7,76,pauli_polynomial_steiner_gray_clifford,"[2, 6, 3, 0, 1, 5, 4]",313,273,53,97,212,6,107
2532,,7,76,pauli_polynomial_steiner_gray_clifford,"[2, 4, 5, 0, 1, 3, 6]",333,285,55,99,227,5,101
2533,,7,76,pauli_polynomial_steiner_gray_clifford,"[2, 4, 6, 0, 1, 3, 5]",329,292,57,112,239,5,94
2534,,7,76,pauli_polynomial_steiner_gray_clifford,"[2, 5, 4, 0, 1, 3, 6]",333,285,51,95,211,7,109
2535,,7,76,pauli_polynomial_steiner_gray_clifford,"[2, 6, 4, 0, 1, 3, 5]",340,310,55,105,225,6,101
2536,,7,76,pauli_polynomial_steiner_gray_clifford,"[2, 5, 6, 0, 1, 3, 4]",350,306,57,107,230,3,98
2537,,7,76,pauli_polynomial_steiner_gray_clifford,"[2, 6, 5, 0, 1, 3, 4]",323,287,59,104,232,2,97
2538,,7,76,pauli_polynomial_steiner_gray_clifford,"[2, 4, 5, 0, 1, 6, 3]",343,291,55,97,223,5,104
2539,,7,76,pauli_polynomial_steiner_gray_clifford,"[2, 4, 6, 0, 1, 5, 3]",347,302,59,108,243,5,94
2540,,7,76,pauli_polynomial_steiner_gray_clifford,"[2, 5, 4, 0, 1, 6, 3]",343,291,49,93,207,7,112
2541,,7,76,pauli_polynomial_steiner_gray_clifford,"[2, 6, 4, 0, 1, 5, 3]",325,282,55,101,229,6,101
2542,,7,76,pauli_polynomial_steiner_gray_clifford,"[2, 5, 6, 0, 1, 4, 3]",328,291,55,102,227,3,102
2543,,7,76,pauli_polynomial_steiner_gray_clifford,"[2, 6, 5, 0, 1, 4, 3]",357,313,57,99,229,2,101
2544,,7,76,pauli_polynomial_steiner_gray_clifford,"[3, 2, 4, 0, 1, 5, 6]",346,304,56,111,240,4,95
2545,,7,76,pauli_polynomial_steiner_gray_clifford,"[3, 2, 4, 0, 1, 6, 5]",366,320,56,113,232,4,98
2546,,7,76,pauli_polynomial_steiner_gray_clifford,"[3, 2, 5, 0, 1, 4, 6]",357,307,58,107,238,3,96
2547,,7,76,pauli_polynomial_steiner_gray_clifford,"[3, 2, 6, 0, 1, 4, 5]",348,302,53,99,218,6,105
2548,,7,76,pauli_polynomial_steiner_gray_clifford,"[3, 2, 5, 0, 1, 6, 4]",364,319,60,110,237,3,95
2549,,7,76,pauli_polynomial_steiner_gray_clifford,"[3, 2, 6, 0, 1, 5, 4]",338,294,55,100,225,6,101
2550,,7,76,pauli_polynomial_steiner_gray_clifford,"[4, 2, 3, 0, 1, 5, 6]",358,312,61,120,241,3,92
2551,,7,76,pauli_polynomial_steiner_gray_clifford,"[4, 2, 3, 0, 1, 6, 5]",352,314,59,122,233,3,95
2552,,7,76,pauli_polynomial_steiner_gray_clifford,"[5, 2, 3, 0, 1, 4, 6]",372,328,58,111,230,4,98
2553,,7,76,pauli_polynomial_steiner_gray_clifford,"[6, 2, 3, 0, 1, 4, 5]",328,286,54,98,216,6,105
2554,,7,76,pauli_polynomial_steiner_gray_clifford,"[5, 2, 3, 0, 1, 6, 4]",351,314,57,114,229,4,97
2555,,7,76,pauli_polynomial_steiner_gray_clifford,"[6, 2, 3, 0, 1, 5, 4]",314,268,55,99,223,6,101
2556,,7,76,pauli_polynomial_steiner_gray_clifford,"[4, 2, 5, 0, 1, 3, 6]",337,300,60,104,231,2,97
2557,,7,76,pauli_polynomial_steiner_gray_clifford,"[4, 2, 6, 0, 1, 3, 5]",340,310,60,117,229,4,97
2558,,7,76,pauli_polynomial_steiner_gray_clifford,"[5, 2, 4, 0, 1, 3, 6]",310,265,55,99,222,4,102
2559,,7,76,pauli_polynomial_steiner_gray_clifford,"[6, 2, 4, 0, 1, 3, 5]",346,308,58,107,226,5,100
2560,,7,76,pauli_polynomial_steiner_gray_clifford,"[5, 2, 6, 0, 1, 3, 4]",353,309,56,111,223,3,100
2561,,7,76,pauli_polynomial_steiner_gray_clifford,"[6, 2, 5, 0, 1, 3, 4]",337,295,59,106,229,2,98
2562,,7,76,pauli_polynomial_steiner_gray_clifford,"[4, 2, 5, 0, 1, 6, 3]",362,315,59,102,227,2,100
2563,,7,76,pauli_polynomial_steiner_gray_clifford,"[4, 2, 6, 0, 1, 5, 3]",323,286,61,113,233,4,97
2564,,7,76,pauli_polynomial_steiner_gray_clifford,"[5, 2, 4, 0, 1, 6, 3]",337,290,53,97,218,4,105
2565,,7,76,pauli_polynomial_steiner_gray_clifford,"[6, 2, 4, 0, 1, 5, 3]",362,318,56,103,230,5,100
2566,,7,76,pauli_polynomial_steiner_gray_clifford,"[5, 2, 6, 0, 1, 4, 3]",349,307,55,106,220,3,104
2567,,7,76,pauli_polynomial_steiner_gray_clifford,"[6, 2, 5, 0, 1, 4, 3]",348,302,56,101,226,2,102
2568,,7,76,pauli_polynomial_steiner_gray_clifford,"[3, 4, 2, 0, 1, 5, 6]",343,302,59,113,242,4,94
2569,,7,76,pauli_polynomial_steiner_gray_clifford,"[3, 4, 2, 0, 1, 6, 5]",348,305,59,115,234,4,97
2570,,7,76,pauli_polynomial_steiner_gray_clifford,"[3, 5, 2, 0, 1, 4, 6]",320,280,56,107,230,6,100
2571,,7,76,pauli_polynomial_steiner_gray_clifford,"[3, 6, 2, 0, 1, 4, 5]",349,302,52,95,208,7,110
2572,,7,76,pauli_polynomial_steiner_gray_clifford,"[3, 5, 2, 0, 1, 6, 4]",342,297,58,110,229,6,99
2573,,7,76,pauli_polynomial_steiner_gray_clifford,"[3, 6, 2, 0, 1, 5, 4]",336,292,54,96,215,7,106
2574,,7,76,pauli_polynomial_steiner_gray_clifford,"[4, 3, 2, 0, 1, 5, 6]",338,293,61,118,239,4,93
2575,,7,76,pauli_polynomial_steiner_gray_clifford,"[4, 3, 2, 0, 1, 6, 5]",365,322,59,120,231,4,96
2576,,7,76,pauli_polynomial_steiner_gray_clifford,"[5, 3, 2, 0, 1, 4, 6]",356,313,57,111,234,6,96
2577,,7,76,pauli_polynomial_steiner_gray_clifford,"[6, 3, 2, 0, 1, 4, 5]",321,278,52,97,216,7,105
2578,,7,76,pauli_polynomial_steiner_gray_clifford,"[5, 3, 2, 0, 1, 6, 4]",337,291,58,114,233,6,95
2579,,7,76,pauli_polynomial_steiner_gray_clifford,"[6, 3, 2, 0, 1, 5, 4]",333,291,55,98,223,7,101
2580,,7,76,pauli_polynomial_steiner_gray_clifford,"[4, 5, 2, 0, 1, 3, 6]",348,304,55,98,215,7,105
2581,,7,76,pauli_polynomial_steiner_gray_clifford,"[4, 6, 2, 0, 1, 3, 5]",366,325,59,117,229,6,97
2582,,7,76,pauli_polynomial_steiner_gray_clifford,"[5, 4, 2, 0, 1, 3, 6]",349,304,54,97,222,7,102
2583,,7,76,pauli_polynomial_steiner_gray_clifford,"[6, 4, 2, 0, 1, 3, 5]",341,304,59,114,240,6,93
2584,,7,76,pauli_polynomial_steiner_gray_clifford,"[5, 6, 2, 0, 1, 3, 4]",369,321,57,114,227,4,98
2585,,7,76,pauli_polynomial_steiner_gray_clifford,"[6, 5, 2, 0, 1, 3, 4]",355,314,58,112,231,4,97
2586,,7,76,pauli_polynomial_steiner_gray_clifford,"[4, 5, 2, 0, 1, 6, 3]",348,308,54,96,211,7,108
2587,,7,76,pauli_polynomial_steiner_gray_clifford,"[4, 6, 2, 0, 1, 5, 3]",360,320,60,113,233,6,97
2588,,7,76,pauli_polynomial_steiner_gray_clifford,"[5, 4, 2, 0, 1, 6, 3]",359,322,54,95,218,7,105
2589,,7,76,pauli_polynomial_steiner_gray_clifford,"[6, 4, 2, 0, 1, 5, 3]",363,310,59,110,244,6,93
2590,,7,76,pauli_polynomial_steiner_gray_clifford,"[5, 6, 2, 0, 1, 4, 3]",336,292,56,109,224,4,102
2591,,7,76,pauli_polynomial_steiner_gray_clifford,"[6, 5, 2, 0, 1, 4, 3]",334,298,55,107,228,4,101
2592,,7,76,pauli_polynomial_steiner_gray_clifford,"[3, 4, 5, 0, 1, 2, 6]",340,285,54,92,222,6,104
2593,,7,76,pauli_polynomial_steiner_gray_clifford,"[3, 4, 6, 0, 1, 2, 5]",336,295,57,107,230,5,99
2594,,7,76,pauli_polynomial_steiner_gray_clifford,"[3, 5, 4, 0, 1, 2, 6]",340,285,49,90,212,9,109
2595,,7,76,pauli_polynomial_steiner_gray_clifford,"[3, 6, 4, 0, 1, 2, 5]",347,300,53,101,218,6,105
2596,,7,76,pauli_polynomial_steiner_gray_clifford,"[3, 5, 6, 0, 1, 2, 4]",344,295,59,109,233,5,97
2597,,7,76,pauli_polynomial_steiner_gray_clifford,"[3, 6, 5, 0, 1, 2, 4]",334,293,60,105,231,3,98
2598,,7,76,pauli_polynomial_steiner_gray_clifford,"[4, 3, 5, 0, 1, 2, 6]",326,283,58,97,227,4,99
2599,,7,76,pauli_polynomial_steiner_gray_clifford,"[4, 3, 6, 0, 1, 2, 5]",353,309,57,112,217,4,103
2600,,7,76,pauli_polynomial_steiner_gray_clifford,"[5, 3, 4, 0, 1, 2, 6]",331,290,54,94,218,6,104
2601,,7,76,pauli_polynomial_steiner_gray_clifford,"[6, 3, 4, 0, 1, 2, 5]",323,281,55,103,214,5,106
2602,,7,76,pauli_polynomial_steiner_gray_clifford,"[5, 3, 6, 0, 1, 2, 4]",353,311,57,113,223,5,100
2603,,7,76,pauli_polynomial_steiner_gray_clifford,"[6, 3, 5, 0, 1, 2, 4]",342,307,59,107,229,4,98
2604,,7,76,pauli_polynomial_steiner_gray_clifford,"[4, 5, 3, 0, 1, 2, 6]",354,322,53,93,213,8,106
2605,,7,76,pauli_polynomial_steiner_gray_clifford,"[4, 6, 3, 0, 1, 2, 5]",369,329,56,114,219,5,102
2606,,7,76,pauli_polynomial_steiner_gray_clifford,"[5, 4, 3, 0, 1, 2, 6]",337,299,54,92,214,7,106
2607,,7,76,pauli_polynomial_steiner_gray_clifford,"[6, 4, 3, 0, 1, 2, 5]",345,304,58,111,228,5,99
2608,,7,76,pauli_polynomial_steiner_gray_clifford,"[5, 6, 3, 0, 1, 2, 4]",340,299,57,116,223,4,100
2609,,7,76,pauli_polynomial_steiner_gray_clifford,"[6, 5, 3, 0, 1, 2, 4]",347,309,58,114,231,5,97
2610,,7,76,pauli_polynomial_steiner_gray_clifford,"[4, 5, 6, 0, 1, 2, 3]",333,286,58,102,225,7,101
2611,,7,76,pauli_polynomial_steiner_gray_clifford,"[4, 6, 5, 0, 1, 2, 3]",362,321,62,108,241,4,93
2612,,7,76,pauli_polynomial_steiner_gray_clifford,"[5, 4, 6, 0, 1, 2, 3]",362,316,56,101,228,8,100
2613,,7,76,pauli_polynomial_steiner_gray_clifford,"[6, 4, 5, 0, 1, 2, 3]",332,293,57,105,234,7,98
2614,,7,76,pauli_polynomial_steiner_gray_clifford,"[5, 6, 4, 0, 1, 2, 3]",348,307,56,106,232,6,98
2615,,7,76,pauli_polynomial_steiner_gray_clifford,"[6, 5, 4, 0, 1, 2, 3]",332,293,53,104,222,8,104
2616,,7,76,pauli_polynomial_steiner_gray_clifford,"[3, 4, 5, 0, 1, 6, 2]",321,274,55,90,221,5,105
2617,,7,76,pauli_polynomial_steiner_gray_clifford,"[3, 4, 6, 0, 1, 5, 2]",356,308,58,103,237,4,97
2618,,7,76,pauli_polynomial_steiner_gray_clifford,"[3, 5, 4, 0, 1, 6, 2]",321,274,50,88,211,8,110
2619,,7,76,pauli_polynomial_steiner_gray_clifford,"[3, 6, 4, 0, 1, 5, 2]",331,295,54,97,225,5,103
2620,,7,76,pauli_polynomial_steiner_gray_clifford,"[3, 5, 6, 0, 1, 4, 2]",346,304,58,104,233,4,99
2621,,7,76,pauli_polynomial_steiner_gray_clifford,"[3, 6, 5, 0, 1, 4, 2]",322,281,59,100,231,2,100
2622,,7,76,pauli_polynomial_steiner_gray_clifford,"[4, 3, 5, 0, 1, 6, 2]",345,298,58,95,226,3,100
2623,,7,76,pauli_polynomial_steiner_gray_clifford,"[4, 3, 6, 0, 1, 5, 2]",356,318,59,108,224,3,101
2624,,7,76,pauli_polynomial_steiner_gray_clifford,"[5, 3, 4, 0, 1, 6, 2]",379,330,53,92,217,5,105
2625,,7,76,pauli_polynomial_steiner_gray_clifford,"[6, 3, 4, 0, 1, 5, 2]",326,277,56,99,221,4,104
2626,,7,76,pauli_polynomial_steiner_gray_clifford,"[5, 3, 6, 0, 1, 4, 2]",334,293,55,108,223,4,102
2627,,7,76,pauli_polynomial_steiner_gray_clifford,"[6, 3, 5, 0, 1, 4, 2]",336,297,57,102,229,3,100
2628,,7,76,pauli_polynomial_steiner_gray_clifford,"[4, 5, 3, 0, 1, 6, 2]",337,291,53,91,212,7,107
2629,,7,76,pauli_polynomial_steiner_gray_clifford,"[4, 6, 3, 0, 1, 5, 2]",345,303,58,110,226,4,100
2630,,7,76,pauli_polynomial_steiner_gray_clifford,"[5, 4, 3, 0, 1, 6, 2]",328,285,53,90,213,6,107
2631,,7,76,pauli_polynomial_steiner_gray_clifford,"[6, 4, 3, 0, 1, 5, 2]",331,288,59,107,235,4,97
2632,,7,76,pauli_polynomial_steiner_gray_clifford,"[5, 6, 3, 0, 1, 4, 2]",358,311,57,111,223,3,102
2633,,7,76,pauli_polynomial_steiner_gray_clifford,"[6, 5, 3, 0, 1, 4, 2]",326,290,58,109,231,4,99
2634,,7,76,pauli_polynomial_steiner_gray_clifford,"[4, 5, 6, 0, 1, 3, 2]",347,308,59,102,228,6,99
2635,,7,76,pauli_polynomial_steiner_gray_clifford,"[4, 6, 5, 0, 1, 3, 2]",358,325,63,108,244,3,91
2636,,7,76,pauli_polynomial_steiner_gray_clifford,"[5, 4, 6, 0, 1, 3, 2]",368,323,55,101,231,7,98
2637,,7,76,pauli_polynomial_steiner_gray_clifford,"[6, 4, 5, 0, 1, 3, 2]",348,304,58,105,237,6,96
2638,,7,76,pauli_polynomial_steiner_gray_clifford,"[5, 6, 4, 0, 1, 3, 2]",348,306,57,106,235,5,96
2639,,7,76,pauli_polynomial_steiner_gray_clifford,"[6, 5, 4, 0, 1, 3, 2]",347,304,56,104,225,7,102
2640,,7,76,pauli_polynomial_steiner_gray_clifford,"[2, 3, 4, 0, 5, 1, 6]",335,294,58,110,235,4,97
2641,,7,76,pauli_polynomial_steiner_gray_clifford,"[2, 3, 4, 0, 6, 1, 5]",328,294,56,117,229,5,99
2642,,7,76,pauli_polynomial_steiner_gray_clifford,"[2, 3, 5, 0, 4, 1, 6]",346,297,56,105,227,5,101
2643,,7,76,pauli_polynomial_steiner_gray_clifford,"[2, 3, 6, 0, 4, 1, 5]",332,293,53,108,221,5,103
2644,,7,76,pauli_polynomial_steiner_gray_clifford,"[2, 3, 5, 0, 6, 1, 4]",360,314,60,110,230,4,98
2645,,7,76,pauli_polynomial_steiner_gray_clifford,"[2, 3, 6, 0, 5, 1, 4]",331,289,59,106,230,3,98
2646,,7,76,pauli_polynomial_steiner_gray_clifford,"[2, 4, 3, 0, 5, 1, 6]",350,307,60,114,239,3,95
2647,,7,76,pauli_polynomial_steiner_gray_clifford,"[2, 4, 3, 0, 6, 1, 5]",348,301,57,121,233,4,97
2648,,7,76,pauli_polynomial_steiner_gray_clifford,"[2, 5, 3, 0, 4, 1, 6]",349,301,55,105,215,6,107
2649,,7,76,pauli_polynomial_steiner_gray_clifford,"[2, 6, 3, 0, 4, 1, 5]",308,271,53,105,211,5,108
2650,,7,76,pauli_polynomial_steiner_gray_clifford,"[2, 5, 3, 0, 6, 1, 4]",358,310,56,110,218,5,104
2651,,7,76,pauli_polynomial_steiner_gray_clifford,"[2, 6, 3, 0, 5, 1, 4]",325,289,57,103,220,3,103
2652,,7,76,pauli_polynomial_steiner_gray_clifford,"[2, 4, 5, 0, 3, 1, 6]",352,313,56,105,229,6,100
2653,,7,76,pauli_polynomial_steiner_gray_clifford,"[2, 4, 6, 0, 3, 1, 5]",353,311,58,119,241,5,93
2654,,7,76,pauli_polynomial_steiner_gray_clifford,"[2, 5, 4, 0, 3, 1, 6]",344,302,53,101,213,8,108
2655,,7,76,pauli_polynomial_steiner_gray_clifford,"[2, 6, 4, 0, 3, 1, 5]",349,303,57,112,227,6,100
2656,,7,76,pauli_polynomial_steiner_gray_clifford,"[2, 5, 6, 0, 3, 1, 4]",361,314,56,109,224,4,101
2657,,7,76,pauli_polynomial_steiner_gray_clifford,"[2, 6, 5, 0, 3, 1, 4]",358,312,58,106,226,3,100
2658,,7,76,pauli_polynomial_steiner_gray_clifford,"[2, 4, 5, 0, 6, 1, 3]",361,312,57,104,231,6,100
2659,,7,76,pauli_polynomial_steiner_gray_clifford,"[2, 4, 6, 0, 5, 1, 3]",331,291,62,111,249,4,91
2660,,7,76,pauli_polynomial_steiner_gray_clifford,"[2, 5, 4, 0, 6, 1, 3]",371,326,52,100,215,8,108
2661,,7,76,pauli_polynomial_steiner_gray_clifford,"[2, 6, 4, 0, 5, 1, 3]",350,313,58,104,235,5,98
2662,,7,76,pauli_polynomial_steiner_gray_clifford,"[2, 5, 6, 0, 4, 1, 3]",374,327,54,103,223,5,104
2663,,7,76,pauli_polynomial_steiner_gray_clifford,"[2, 6, 5, 0, 4, 1, 3]",352,305,55,100,225,4,103
2664,,7,76,pauli_polynomial_steiner_gray_clifford,"[3, 2, 4, 0, 5, 1, 6]",343,302,57,110,240,4,95
2665,,7,76,pauli_polynomial_steiner_gray_clifford,"[3, 2, 4, 0, 6, 1, 5]",353,311,58,117,234,5,97
2666,,7,76,pauli_polynomial_steiner_gray_clifford,"[3, 2, 5, 0, 4, 1, 6]",335,291,55,105,226,4,102
2667,,7,76,pauli_polynomial_steiner_gray_clifford,"[3, 2, 6, 0, 4, 1, 5]",337,292,55,108,224,5,102
2668,,7,76,pauli_polynomial_steiner_gray_clifford,"[3, 2, 5, 0, 6, 1, 4]",362,323,59,110,229,3,99
2669,,7,76,pauli_polynomial_steiner_gray_clifford,"[3, 2, 6, 0, 5, 1, 4]",338,293,58,106,233,3,97
2670,,7,76,pauli_polynomial_steiner_gray_clifford,"[4, 2, 3, 0, 5, 1, 6]",344,302,61,119,241,3,92
2671,,7,76,pauli_polynomial_steiner_gray_clifford,"[4, 2, 3, 0, 6, 1, 5]",358,320,56,126,235,4,94
2672,,7,76,pauli_polynomial_steiner_gray_clifford,"[5, 2, 3, 0, 4, 1, 6]",338,303,56,109,218,5,104
2673,,7,76,pauli_polynomial_steiner_gray_clifford,"[6, 2, 3, 0, 4, 1, 5]",335,297,55,107,222,5,102
2674,,7,76,pauli_polynomial_steiner_gray_clifford,"[5, 2, 3, 0, 6, 1, 4]",322,277,54,114,221,4,101
2675,,7,76,pauli_polynomial_steiner_gray_clifford,"[6, 2, 3, 0, 5, 1, 4]",343,295,58,105,231,3,97
2676,,7,76,pauli_polynomial_steiner_gray_clifford,"[4, 2, 5, 0, 3, 1, 6]",338,303,59,110,233,3,96
2677,,7,76,pauli_polynomial_steiner_gray_clifford,"[4, 2, 6, 0, 3, 1, 5]",360,319,57,124,231,4,96
2678,,7,76,pauli_polynomial_steiner_gray_clifford,"[5, 2, 4, 0, 3, 1, 6]",357,320,56,105,224,5,101
2679,,7,76,pauli_polynomial_steiner_gray_clifford,"[6, 2, 4, 0, 3, 1, 5]",330,289,59,114,228,5,99
2680,,7,76,pauli_polynomial_steiner_gray_clifford,"[5, 2, 6, 0, 3, 1, 4]",331,302,52,113,217,4,103
2681,,7,76,pauli_polynomial_steiner_gray_clifford,"[6, 2, 5, 0, 3, 1, 4]",359,309,57,108,223,3,101
2682,,7,76,pauli_polynomial_steiner_gray_clifford,"[4, 2, 5, 0, 6, 1, 3]",356,313,58,109,235,3,96
2683,,7,76,pauli_polynomial_steiner_gray_clifford,"[4, 2, 6, 0, 5, 1, 3]",345,303,61,116,239,3,94
2684,,7,76,pauli_polynomial_steiner_gray_clifford,"[5, 2, 4, 0, 6, 1, 3]",340,298,55,104,226,5,101
2685,,7,76,pauli_polynomial_steiner_gray_clifford,"[6, 2, 4, 0, 5, 1, 3]",334,294,57,106,236,4,97
2686,,7,76,pauli_polynomial_steiner_gray_clifford,"[5, 2, 6, 0, 4, 1, 3]",345,308,53,107,216,5,106
2687,,7,76,pauli_polynomial_steiner_gray_clifford,"[6, 2, 5, 0, 4, 1, 3]",355,316,52,102,222,4,104
2688,,7,76,pauli_polynomial_steiner_gray_clifford,"[3, 4, 2, 0, 5, 1, 6]",341,297,59,112,242,4,94
2689,,7,76,pauli_polynomial_steiner_gray_clifford,"[3, 4, 2, 0, 6, 1, 5]",344,301,60,119,236,5,96
2690,,7,76,pauli_polynomial_steiner_gray_clifford,"[3, 5, 2, 0, 4, 1, 6]",343,310,54,105,218,7,106
2691,,7,76,pauli_polynomial_steiner_gray_clifford,"[3, 6, 2, 0, 4, 1, 5]",322,291,54,104,214,6,107
2692,,7,76,pauli_polynomial_steiner_gray_clifford,"[3, 5, 2, 0, 6, 1, 4]",344,305,57,110,221,6,103
2693,,7,76,pauli_polynomial_steiner_gray_clifford,"[3, 6, 2, 0, 5, 1, 4]",345,301,56,102,223,4,102
2694,,7,76,pauli_polynomial_steiner_gray_clifford,"[4, 3, 2, 0, 5, 1, 6]",361,317,61,117,239,4,93
2695,,7,76,pauli_polynomial_steiner_gray_clifford,"[4, 3, 2, 0, 6, 1, 5]",343,310,57,124,233,5,95
2696,,7,76,pauli_polynomial_steiner_gray_clifford,"[5, 3, 2, 0, 4, 1, 6]",342,296,56,109,222,7,102
2697,,7,76,pauli_polynomial_steiner_gray_clifford,"[6, 3, 2, 0, 4, 1, 5]",312,269,54,106,222,6,102
2698,,7,76,pauli_polynomial_steiner_gray_clifford,"[5, 3, 2, 0, 6, 1, 4]",322,283,56,114,225,6,99
2699,,7,76,pauli_polynomial_steiner_gray_clifford,"[6, 3, 2, 0, 5, 1, 4]",323,291,58,104,231,4,97
2700,,7,76,pauli_polynomial_steiner_gray_clifford,"[4, 5, 2, 0, 3, 1, 6]",357,315,55,104,217,8,104
2701,,7,76,pauli_polynomial_steiner_gray_clifford,"[4, 6, 2, 0, 3, 1, 5]",327,284,57,124,231,6,96
2702,,7,76,pauli_polynomial_steiner_gray_clifford,"[5, 4, 2, 0, 3, 1, 6]",373,325,55,103,224,8,101
2703,,7,76,pauli_polynomial_steiner_gray_clifford,"[6, 4, 2, 0, 3, 1, 5]",362,321,60,121,242,6,92
2704,,7,76,pauli_polynomial_steiner_gray_clifford,"[5, 6, 2, 0, 3, 1, 4]",358,317,54,116,221,5,101
2705,,7,76,pauli_polynomial_steiner_gray_clifford,"[6, 5, 2, 0, 3, 1, 4]",336,298,57,114,225,5,100
2706,,7,76,pauli_polynomial_steiner_gray_clifford,"[4, 5, 2, 0, 6, 1, 3]",360,319,53,103,219,8,104
2707,,7,76,pauli_polynomial_steiner_gray_clifford,"[4, 6, 2, 0, 5, 1, 3]",357,313,59,116,239,5,94
2708,,7,76,pauli_polynomial_steiner_gray_clifford,"[5, 4, 2, 0, 6, 1, 3]",311,278,55,102,226,8,101
2709,,7,76,pauli_polynomial_steiner_gray_clifford,"[6, 4, 2, 0, 5, 1, 3]",348,305,59,113,250,5,90
2710,,7,76,pauli_polynomial_steiner_gray_clifford,"[5, 6, 2, 0, 4, 1, 3]",362,317,54,110,220,6,104
2711,,7,76,pauli_polynomial_steiner_gray_clifford,"[6, 5, 2, 0, 4, 1, 3]",331,297,52,108,224,6,103
2712,,7,76,pauli_polynomial_steiner_gray_clifford,"[3, 4, 5, 0, 2, 1, 6]",354,309,53,97,224,8,103
2713,,7,76,pauli_polynomial_steiner_gray_clifford,"[3, 4, 6, 0, 2, 1, 5]",365,322,59,114,236,7,96
2714,,7,76,pauli_polynomial_steiner_gray_clifford,"[3, 5, 4, 0, 2, 1, 6]",347,306,50,95,214,11,108
2715,,7,76,pauli_polynomial_steiner_gray_clifford,"[3, 6, 4, 0, 2, 1, 5]",332,301,56,108,224,8,102
2716,,7,76,pauli_polynomial_steiner_gray_clifford,"[3, 5, 6, 0, 2, 1, 4]",374,325,57,109,225,7,101
2717,,7,76,pauli_polynomial_steiner_gray_clifford,"[3, 6, 5, 0, 2, 1, 4]",349,313,57,105,223,5,102
2718,,7,76,pauli_polynomial_steiner_gray_clifford,"[4, 3, 5, 0, 2, 1, 6]",329,293,57,102,229,6,98
2719,,7,76,pauli_polynomial_steiner_gray_clifford,"[4, 3, 6, 0, 2, 1, 5]",324,285,56,119,223,6,100
2720,,7,76,pauli_polynomial_steiner_gray_clifford,"[5, 3, 4, 0, 2, 1, 6]",359,319,54,99,220,8,103
2721,,7,76,pauli_polynomial_steiner_gray_clifford,"[6, 3, 4, 0, 2, 1, 5]",341,309,56,110,220,7,103
2722,,7,76,pauli_polynomial_steiner_gray_clifford,"[5, 3, 6, 0, 2, 1, 4]",314,270,54,113,215,7,104
2723,,7,76,pauli_polynomial_steiner_gray_clifford,"[6, 3, 5, 0, 2, 1, 4]",358,310,57,107,221,6,102
2724,,7,76,pauli_polynomial_steiner_gray_clifford,"[4, 5, 3, 0, 2, 1, 6]",348,307,53,98,215,10,105
2725,,7,76,pauli_polynomial_steiner_gray_clifford,"[4, 6, 3, 0, 2, 1, 5]",360,317,55,121,225,7,99
2726,,7,76,pauli_polynomial_steiner_gray_clifford,"[5, 4, 3, 0, 2, 1, 6]",357,320,53,97,216,9,105
2727,,7,76,pauli_polynomial_steiner_gray_clifford,"[6, 4, 3, 0, 2, 1, 5]",371,327,58,118,234,7,96
2728,,7,76,pauli_polynomial_steiner_gray_clifford,"[5, 6, 3, 0, 2, 1, 4]",338,304,54,116,215,6,104
2729,,7,76,pauli_polynomial_steiner_gray_clifford,"[6, 5, 3, 0, 2, 1, 4]",364,318,57,114,223,7,101
2730,,7,76,pauli_polynomial_steiner_gray_clifford,"[4, 5, 6, 0, 2, 1, 3]",341,301,56,105,223,9,102
2731,,7,76,pauli_polynomial_steiner_gray_clifford,"[4, 6, 5, 0, 2, 1, 3]",327,288,59,111,239,6,94
2732,,7,76,pauli_polynomial_steiner_gray_clifford,"[5, 4, 6, 0, 2, 1, 3]",365,325,56,104,226,10,101
2733,,7,76,pauli_polynomial_steiner_gray_clifford,"[6, 4, 5, 0, 2, 1, 3]",349,296,55,108,232,9,99
2734,,7,76,pauli_polynomial_steiner_gray_clifford,"[5, 6, 4, 0, 2, 1, 3]",336,295,57,109,230,8,99
2735,,7,76,pauli_polynomial_steiner_gray_clifford,"[6, 5, 4, 0, 2, 1, 3]",318,275,53,107,220,10,105
2736,,7,76,pauli_polynomial_steiner_gray_clifford,"[3, 4, 5, 0, 6, 1, 2]",324,295,56,93,223,7,104
2737,,7,76,pauli_polynomial_steiner_gray_clifford,"[3, 4, 6, 0, 5, 1, 2]",363,326,61,103,241,5,95
2738,,7,76,pauli_polynomial_steiner_gray_clifford,"[3, 5, 4, 0, 6, 1, 2]",390,332,52,91,213,10,109
2739,,7,76,pauli_polynomial_steiner_gray_clifford,"[3, 6, 4, 0, 5, 1, 2]",342,303,57,97,229,6,101
2740,,7,76,pauli_polynomial_steiner_gray_clifford,"[3, 5, 6, 0, 4, 1, 2]",353,304,56,100,221,7,105
2741,,7,76,pauli_polynomial_steiner_gray_clifford,"[3, 6, 5, 0, 4, 1, 2]",333,291,56,96,219,5,106
2742,,7,76,pauli_polynomial_steiner_gray_clifford,"[4, 3, 5, 0, 6, 1, 2]",351,317,58,98,228,5,99
2743,,7,76,pauli_polynomial_steiner_gray_clifford,"[4, 3, 6, 0, 5, 1, 2]",357,314,61,108,228,4,99
2744,,7,76,pauli_polynomial_steiner_gray_clifford,"[5, 3, 4, 0, 6, 1, 2]",369,332,53,95,219,7,104
2745,,7,76,pauli_polynomial_steiner_gray_clifford,"[6, 3, 4, 0, 5, 1, 2]",349,310,57,99,225,5,102
2746,,7,76,pauli_polynomial_steiner_gray_clifford,"[5, 3, 6, 0, 4, 1, 2]",363,316,53,104,211,7,108
2747,,7,76,pauli_polynomial_steiner_gray_clifford,"[6, 3, 5, 0, 4, 1, 2]",306,271,54,98,217,6,106
2748,,7,76,pauli_polynomial_steiner_gray_clifford,"[4, 5, 3, 0, 6, 1, 2]",358,319,52,94,214,9,106
2749,,7,76,pauli_polynomial_steiner_gray_clifford,"[4, 6, 3, 0, 5, 1, 2]",374,326,59,110,230,5,98
2750,,7,76,pauli_polynomial_steiner_gray_clifford,"[5, 4, 3, 0, 6, 1, 2]",341,307,51,93,215,8,106
2751,,7,76,pauli_polynomial_steiner_gray_clifford,"[6, 4, 3, 0, 5, 1, 2]",317,271,59,107,239,5,95
2752,,7,76,pauli_polynomial_steiner_gray_clifford,"[5, 6, 3, 0, 4, 1, 2]",336,294,54,107,211,6,108
2753,,7,76,pauli_polynomial_steiner_gray_clifford,"[6, 5, 3, 0, 4, 1, 2]",354,307,55,105,219,7,105
2754,,7,76,pauli_polynomial_steiner_gray_clifford,"[4, 5, 6, 0, 3, 1, 2]",331,298,57,102,220,8,103
2755,,7,76,pauli_polynomial_steiner_gray_clifford,"[4, 6, 5, 0, 3, 1, 2]",331,293,61,108,236,5,95
2756,,7,76,pauli_polynomial_steiner_gray_clifford,"[5, 4, 6, 0, 3, 1, 2]",363,319,54,101,223,9,102
2757,,7,76,pauli_polynomial_steiner_gray_clifford,"[6, 4, 5, 0, 3, 1, 2]",336,290,57,105,229,8,100
2758,,7,76,pauli_polynomial_steiner_gray_clifford,"[5, 6, 4, 0, 3, 1, 2]",340,303,57,106,227,7,100
2759,,7,76,pauli_polynomial_steiner_gray_clifford,"[6, 5, 4, 0, 3, 1, 2]",361,315,56,104,217,9,106
2760,,7,76,pauli_polynomial_steiner_gray_clifford,"[2, 3, 4, 0, 5, 6, 1]",344,303,61,117,232,3,95
2761,,7,76,pauli_polynomial_steiner_gray_clifford,"[2, 3, 4, 0, 6, 5, 1]",346,297,61,122,234,4,94
2762,,7,76,pauli_polynomial_steiner_gray_clifford,"[2, 3, 5, 0, 4, 6, 1]",344,299,59,112,234,5,94
2763,,7,76,pauli_polynomial_steiner_gray_clifford,"[2, 3, 6, 0, 4, 5, 1]",337,292,55,113,218,7,102
2764,,7,76,pauli_polynomial_steiner_gray_clifford,"[2, 3, 5, 0, 6, 4, 1]",345,307,61,114,238,4,92
2765,,7,76,pauli_polynomial_steiner_gray_clifford,"[2, 3, 6, 0, 5, 4, 1]",337,298,57,110,220,5,101
2766,,7,76,pauli_polynomial_steiner_gray_clifford,"[2, 4, 3, 0, 5, 6, 1]",337,292,62,121,236,2,93
2767,,7,76,pauli_polynomial_steiner_gray_clifford,"[2, 4, 3, 0, 6, 5, 1]",362,316,61,126,238,3,92
2768,,7,76,pauli_polynomial_steiner_gray_clifford,"[2, 5, 3, 0, 4, 6, 1]",338,297,56,112,222,6,100
2769,,7,76,pauli_polynomial_steiner_gray_clifford,"[2, 6, 3, 0, 4, 5, 1]",351,298,53,110,208,7,107
2770,,7,76,pauli_polynomial_steiner_gray_clifford,"[2, 5, 3, 0, 6, 4, 1]",365,323,57,114,226,5,98
2771,,7,76,pauli_polynomial_steiner_gray_clifford,"[2, 6, 3, 0, 5, 4, 1]",366,321,55,107,210,5,106
2772,,7,76,pauli_polynomial_steiner_gray_clifford,"[2, 4, 5, 0, 3, 6, 1]",346,305,57,112,220,5,101
2773,,7,76,pauli_polynomial_steiner_gray_clifford,"[2, 4, 6, 0, 3, 5, 1]",362,314,60,124,240,5,91
2774,,7,76,pauli_polynomial_steiner_gray_clifford,"[2, 5, 4, 0, 3, 6, 1]",373,319,53,108,204,7,109
2775,,7,76,pauli_polynomial_steiner_gray_clifford,"[2, 6, 4, 0, 3, 5, 1]",353,309,58,117,226,6,98
2776,,7,76,pauli_polynomial_steiner_gray_clifford,"[2, 5, 6, 0, 3, 4, 1]",328,289,57,113,224,3,99
2777,,7,76,pauli_polynomial_steiner_gray_clifford,"[2, 6, 5, 0, 3, 4, 1]",354,323,59,110,226,2,98
2778,,7,76,pauli_polynomial_steiner_gray_clifford,"[2, 4, 5, 0, 6, 3, 1]",344,305,58,113,226,5,98
2779,,7,76,pauli_polynomial_steiner_gray_clifford,"[2, 4, 6, 0, 5, 3, 1]",342,307,62,120,244,4,89
2780,,7,76,pauli_polynomial_steiner_gray_clifford,"[2, 5, 4, 0, 6, 3, 1]",357,312,54,109,210,7,106
2781,,7,76,pauli_polynomial_steiner_gray_clifford,"[2, 6, 4, 0, 5, 3, 1]",339,307,59,113,230,5,96
2782,,7,76,pauli_polynomial_steiner_gray_clifford,"[2, 5, 6, 0, 4, 3, 1]",360,315,57,112,226,4,98
2783,,7,76,pauli_polynomial_steiner_gray_clifford,"[2, 6, 5, 0, 4, 3, 1]",347,310,58,109,228,3,97
2784,,7,76,pauli_polynomial_steiner_gray_clifford,"[3, 2, 4, 0, 5, 6, 1]",330,293,60,117,237,3,93
2785,,7,76,pauli_polynomial_steiner_gray_clifford,"[3, 2, 4, 0, 6, 5, 1]",354,310,61,122,239,4,92
2786,,7,76,pauli_polynomial_steiner_gray_clifford,"[3, 2, 5, 0, 4, 6, 1]",331,281,58,112,233,4,95
2787,,7,76,pauli_polynomial_steiner_gray_clifford,"[3, 2, 6, 0, 4, 5, 1]",338,300,55,113,221,7,101
2788,,7,76,pauli_polynomial_steiner_gray_clifford,"[3, 2, 5, 0, 6, 4, 1]",333,290,60,114,237,3,93
2789,,7,76,pauli_polynomial_steiner_gray_clifford,"[3, 2, 6, 0, 5, 4, 1]",337,301,56,110,223,5,100
2790,,7,76,pauli_polynomial_steiner_gray_clifford,"[4, 2, 3, 0, 5, 6, 1]",352,316,62,126,238,2,90
2791,,7,76,pauli_polynomial_steiner_gray_clifford,"[4, 2, 3, 0, 6, 5, 1]",339,302,59,131,240,3,89
2792,,7,76,pauli_polynomial_steiner_gray_clifford,"[5, 2, 3, 0, 4, 6, 1]",352,315,57,116,225,5,97
2793,,7,76,pauli_polynomial_steiner_gray_clifford,"[6, 2, 3, 0, 4, 5, 1]",336,296,54,112,219,7,101
2794,,7,76,pauli_polynomial_steiner_gray_clifford,"[5, 2, 3, 0, 6, 4, 1]",368,324,56,118,229,4,95
2795,,7,76,pauli_polynomial_steiner_gray_clifford,"[6, 2, 3, 0, 5, 4, 1]",342,299,56,109,221,5,100
2796,,7,76,pauli_polynomial_steiner_gray_clifford,"[4, 2, 5, 0, 3, 6, 1]",360,310,59,117,224,2,97
2797,,7,76,pauli_polynomial_steiner_gray_clifford,"[4, 2, 6, 0, 3, 5, 1]",347,299,58,129,230,4,94
2798,,7,76,pauli_polynomial_steiner_gray_clifford,"[5, 2, 4, 0, 3, 6, 1]",365,325,56,112,215,4,102
2799,,7,76,pauli_polynomial_steiner_gray_clifford,"[6, 2, 4, 0, 3, 5, 1]",347,308,59,119,227,5,97
2800,,7,76,pauli_polynomial_steiner_gray_clifford,"[5, 2, 6, 0, 3, 4, 1]",349,304,54,117,217,3,101
2801,,7,76,pauli_polynomial_steiner_gray_clifford,"[6, 2, 5, 0, 3, 4, 1]",358,321,58,112,223,2,99
2802,,7,76,pauli_polynomial_steiner_gray_clifford,"[4, 2, 5, 0, 6, 3, 1]",341,303,59,118,230,2,94
2803,,7,76,pauli_polynomial_steiner_gray_clifford,"[4, 2, 6, 0, 5, 3, 1]",340,300,61,125,234,3,92
2804,,7,76,pauli_polynomial_steiner_gray_clifford,"[5, 2, 4, 0, 6, 3, 1]",348,309,57,113,221,4,99
2805,,7,76,pauli_polynomial_steiner_gray_clifford,"[6, 2, 4, 0, 5, 3, 1]",345,297,59,115,231,4,95
2806,,7,76,pauli_polynomial_steiner_gray_clifford,"[5, 2, 6, 0, 4, 3, 1]",356,313,56,116,219,4,100
2807,,7,76,pauli_polynomial_steiner_gray_clifford,"[6, 2, 5, 0, 4, 3, 1]",350,298,56,111,225,3,98
2808,,7,76,pauli_polynomial_steiner_gray_clifford,"[3, 4, 2, 0, 5, 6, 1]",353,311,59,119,239,3,92
2809,,7,76,pauli_polynomial_steiner_gray_clifford,"[3, 4, 2, 0, 6, 5, 1]",358,312,60,124,241,4,91
2810,,7,76,pauli_polynomial_steiner_gray_clifford,"[3, 5, 2, 0, 4, 6, 1]",338,301,56,112,225,7,99
2811,,7,76,pauli_polynomial_steiner_gray_clifford,"[3, 6, 2, 0, 4, 5, 1]",323,278,52,109,211,8,106
2812,,7,76,pauli_polynomial_steiner_gray_clifford,"[3, 5, 2, 0, 6, 4, 1]",361,325,57,114,229,6,97
2813,,7,76,pauli_polynomial_steiner_gray_clifford,"[3, 6, 2, 0, 5, 4, 1]",335,295,52,106,213,6,105
2814,,7,76,pauli_polynomial_steiner_gray_clifford,"[4, 3, 2, 0, 5, 6, 1]",348,311,60,124,236,3,91
2815,,7,76,pauli_polynomial_steiner_gray_clifford,"[4, 3, 2, 0, 6, 5, 1]",358,318,58,129,238,4,90
2816,,7,76,pauli_polynomial_steiner_gray_clifford,"[5, 3, 2, 0, 4, 6, 1]",343,299,58,116,229,7,95
2817,,7,76,pauli_polynomial_steiner_gray_clifford,"[6, 3, 2, 0, 4, 5, 1]",350,304,53,111,219,8,101
2818,,7,76,pauli_polynomial_steiner_gray_clifford,"[5, 3, 2, 0, 6, 4, 1]",363,322,57,118,233,6,93
2819,,7,76,pauli_polynomial_steiner_gray_clifford,"[6, 3, 2, 0, 5, 4, 1]",348,298,54,108,221,6,100
2820,,7,76,pauli_polynomial_steiner_gray_clifford,"[4, 5, 2, 0, 3, 6, 1]",359,314,52,111,208,7,105
2821,,7,76,pauli_polynomial_steiner_gray_clifford,"[4, 6, 2, 0, 3, 5, 1]",358,308,57,129,230,6,94
2822,,7,76,pauli_polynomial_steiner_gray_clifford,"[5, 4, 2, 0, 3, 6, 1]",330,293,53,110,215,7,102
2823,,7,76,pauli_polynomial_steiner_gray_clifford,"[6, 4, 2, 0, 3, 5, 1]",344,295,60,126,241,6,90
2824,,7,76,pauli_polynomial_steiner_gray_clifford,"[5, 6, 2, 0, 3, 4, 1]",354,312,55,120,221,4,99
2825,,7,76,pauli_polynomial_steiner_gray_clifford,"[6, 5, 2, 0, 3, 4, 1]",355,317,57,118,225,4,98
2826,,7,76,pauli_polynomial_steiner_gray_clifford,"[4, 5, 2, 0, 6, 3, 1]",347,302,51,112,214,7,102
2827,,7,76,pauli_polynomial_steiner_gray_clifford,"[4, 6, 2, 0, 5, 3, 1]",343,310,58,125,234,5,92
2828,,7,76,pauli_polynomial_steiner_gray_clifford,"[5, 4, 2, 0, 6, 3, 1]",354,315,53,111,221,7,99
2829,,7,76,pauli_polynomial_steiner_gray_clifford,"[6, 4, 2, 0, 5, 3, 1]",371,324,59,122,245,5,88
2830,,7,76,pauli_polynomial_steiner_gray_clifford,"[5, 6, 2, 0, 4, 3, 1]",351,315,56,119,223,5,98
2831,,7,76,pauli_polynomial_steiner_gray_clifford,"[6, 5, 2, 0, 4, 3, 1]",351,311,55,117,227,5,97
2832,,7,76,pauli_polynomial_steiner_gray_clifford,"[3, 4, 5, 0, 2, 6, 1]",313,274,54,104,221,6,101
2833,,7,76,pauli_polynomial_steiner_gray_clifford,"[3, 4, 6, 0, 2, 5, 1]",357,308,59,119,237,5,93
2834,,7,76,pauli_polynomial_steiner_gray_clifford,"[3, 5, 4, 0, 2, 6, 1]",352,308,53,102,211,9,106
2835,,7,76,pauli_polynomial_steiner_gray_clifford,"[3, 6, 4, 0, 2, 5, 1]",347,307,57,113,225,6,99
2836,,7,76,pauli_polynomial_steiner_gray_clifford,"[3, 5, 6, 0, 2, 4, 1]",365,323,59,113,233,5,95
2837,,7,76,pauli_polynomial_steiner_gray_clifford,"[3, 6, 5, 0, 2, 4, 1]",351,306,58,109,231,3,96
2838,,7,76,pauli_polynomial_steiner_gray_clifford,"[4, 3, 5, 0, 2, 6, 1]",350,313,57,109,226,4,96
2839,,7,76,pauli_polynomial_steiner_gray_clifford,"[4, 3, 6, 0, 2, 5, 1]",338,302,57,124,224,4,97
2840,,7,76,pauli_polynomial_steiner_gray_clifford,"[5, 3, 4, 0, 2, 6, 1]",339,294,57,106,217,6,101
2841,,7,76,pauli_polynomial_steiner_gray_clifford,"[6, 3, 4, 0, 2, 5, 1]",340,302,58,115,221,5,100
2842,,7,76,pauli_polynomial_steiner_gray_clifford,"[5, 3, 6, 0, 2, 4, 1]",359,315,57,117,223,5,98
2843,,7,76,pauli_polynomial_steiner_gray_clifford,"[6, 3, 5, 0, 2, 4, 1]",353,314,58,111,229,4,96
2844,,7,76,pauli_polynomial_steiner_gray_clifford,"[4, 5, 3, 0, 2, 6, 1]",335,302,52,105,212,8,103
2845,,7,76,pauli_polynomial_steiner_gray_clifford,"[4, 6, 3, 0, 2, 5, 1]",368,318,57,126,226,5,96
2846,,7,76,pauli_polynomial_steiner_gray_clifford,"[5, 4, 3, 0, 2, 6, 1]",326,288,53,104,213,7,103
2847,,7,76,pauli_polynomial_steiner_gray_clifford,"[6, 4, 3, 0, 2, 5, 1]",342,297,60,123,235,5,93
2848,,7,76,pauli_polynomial_steiner_gray_clifford,"[5, 6, 3, 0, 2, 4, 1]",364,318,57,120,223,4,98
2849,,7,76,pauli_polynomial_steiner_gray_clifford,"[6, 5, 3, 0, 2, 4, 1]",355,315,59,118,231,5,95
2850,,7,76,pauli_polynomial_steiner_gray_clifford,"[4, 5, 6, 0, 2, 3, 1]",345,303,56,114,228,7,95
2851,,7,76,pauli_polynomial_steiner_gray_clifford,"[4, 6, 5, 0, 2, 3, 1]",361,324,61,120,244,4,87
2852,,7,76,pauli_polynomial_steiner_gray_clifford,"[5, 4, 6, 0, 2, 3, 1]",333,298,56,113,231,8,94
2853,,7,76,pauli_polynomial_steiner_gray_clifford,"[6, 4, 5, 0, 2, 3, 1]",360,321,58,117,237,7,92
2854,,7,76,pauli_polynomial_steiner_gray_clifford,"[5, 6, 4, 0, 2, 3, 1]",374,331,60,118,235,6,92
2855,,7,76,pauli_polynomial_steiner_gray_clifford,"[6, 5, 4, 0, 2, 3, 1]",349,303,57,116,225,8,98
2856,,7,76,pauli_polynomial_steiner_gray_clifford,"[3, 4, 5, 0, 6, 2, 1]",341,308,56,102,221,6,101
2857,,7,76,pauli_polynomial_steiner_gray_clifford,"[3, 4, 6, 0, 5, 2, 1]",354,311,60,112,235,4,94
2858,,7,76,pauli_polynomial_steiner_gray_clifford,"[3, 5, 4, 0, 6, 2, 1]",360,312,54,100,211,9,106
2859,,7,76,pauli_polynomial_steiner_gray_clifford,"[3, 6, 4, 0, 5, 2, 1]",326,276,57,106,223,5,100
2860,,7,76,pauli_polynomial_steiner_gray_clifford,"[3, 5, 6, 0, 4, 2, 1]",357,316,59,109,229,6,97
2861,,7,76,pauli_polynomial_steiner_gray_clifford,"[3, 6, 5, 0, 4, 2, 1]",345,298,58,105,227,4,98
2862,,7,76,pauli_polynomial_steiner_gray_clifford,"[4, 3, 5, 0, 6, 2, 1]",351,309,58,107,226,4,96
2863,,7,76,pauli_polynomial_steiner_gray_clifford,"[4, 3, 6, 0, 5, 2, 1]",350,302,60,117,222,3,98
2864,,7,76,pauli_polynomial_steiner_gray_clifford,"[5, 3, 4, 0, 6, 2, 1]",359,320,57,104,217,6,101
2865,,7,76,pauli_polynomial_steiner_gray_clifford,"[6, 3, 4, 0, 5, 2, 1]",344,301,58,108,219,4,101
2866,,7,76,pauli_polynomial_steiner_gray_clifford,"[5, 3, 6, 0, 4, 2, 1]",339,300,58,113,219,6,100
2867,,7,76,pauli_polynomial_steiner_gray_clifford,"[6, 3, 5, 0, 4, 2, 1]",341,302,57,107,225,5,98
2868,,7,76,pauli_polynomial_steiner_gray_clifford,"[4, 5, 3, 0, 6, 2, 1]",356,312,51,103,212,8,103
2869,,7,76,pauli_polynomial_steiner_gray_clifford,"[4, 6, 3, 0, 5, 2, 1]",348,307,59,119,224,4,97
2870,,7,76,pauli_polynomial_steiner_gray_clifford,"[5, 4, 3, 0, 6, 2, 1]",349,304,52,102,213,7,103
2871,,7,76,pauli_polynomial_steiner_gray_clifford,"[6, 4, 3, 0, 5, 2, 1]",354,312,60,116,233,4,94
2872,,7,76,pauli_polynomial_steiner_gray_clifford,"[5, 6, 3, 0, 4, 2, 1]",355,309,57,116,219,5,100
2873,,7,76,pauli_polynomial_steiner_gray_clifford,"[6, 5, 3, 0, 4, 2, 1]",335,298,57,114,227,6,97
2874,,7,76,pauli_polynomial_steiner_gray_clifford,"[4, 5, 6, 0, 3, 2, 1]",352,316,56,111,222,7,98
2875,,7,76,pauli_polynomial_steiner_gray_clifford,"[4, 6, 5, 0, 3, 2, 1]",357,316,62,117,238,4,90
2876,,7,76,pauli_polynomial_steiner_gray_clifford,"[5, 4, 6, 0, 3, 2, 1]",338,300,55,110,225,8,97
2877,,7,76,pauli_polynomial_steiner_gray_clifford,"[6, 4, 5, 0, 3, 2, 1]",342,305,59,114,231,7,95
2878,,7,76,pauli_polynomial_steiner_gray_clifford,"[5, 6, 4, 0, 3, 2, 1]",350,300,59,115,229,6,95
2879,,7,76,pauli_polynomial_steiner_gray_clifford,"[6, 5, 4, 0, 3, 2, 1]",364,323,57,113,219,8,101
2880,,7,76,pauli_polynomial_steiner_gray_clifford,"[1, 2, 3, 4, 0, 5, 6]",355,316,61,117,233,4,94
2881,,7,76,pauli_polynomial_steiner_gray_clifford,"[1, 2, 3, 4, 0, 6, 5]",341,301,60,119,227,5,96
2882,,7,76,pauli_polynomial_steiner_gray_clifford,"[1, 2, 3, 5, 0, 4, 6]",363,320,59,114,235,6,93
2883,,7,76,pauli_polynomial_steiner_gray_clifford,"[1, 2, 3, 6, 0, 4, 5]",351,311,53,107,211,8,104
2884,,7,76,pauli_polynomial_steiner_gray_clifford,"[1, 2, 3, 5, 0, 6, 4]",363,315,60,117,238,5,90
2885,,7,76,pauli_polynomial_steiner_gray_clifford,"[1, 2, 3, 6, 0, 5, 4]",322,286,55,108,220,6,99
2886,,7,76,pauli_polynomial_steiner_gray_clifford,"[1, 2, 4, 3, 0, 5, 6]",348,308,62,119,237,3,92
2887,,7,76,pauli_polynomial_steiner_gray_clifford,"[1, 2, 4, 3, 0, 6, 5]",366,331,60,121,231,4,94
2888,,7,76,pauli_polynomial_steiner_gray_clifford,"[1, 2, 5, 3, 0, 4, 6]",335,303,57,114,223,7,99
2889,,7,76,pauli_polynomial_steiner_gray_clifford,"[1, 2, 6, 3, 0, 4, 5]",351,307,49,102,201,8,109
2890,,7,76,pauli_polynomial_steiner_gray_clifford,"[1, 2, 5, 3, 0, 6, 4]",342,302,57,117,226,6,96
2891,,7,76,pauli_polynomial_steiner_gray_clifford,"[1, 2, 6, 3, 0, 5, 4]",353,315,51,103,210,6,104
2892,,7,76,pauli_polynomial_steiner_gray_clifford,"[1, 2, 4, 5, 0, 3, 6]",344,300,55,106,221,6,100
2893,,7,76,pauli_polynomial_steiner_gray_clifford,"[1, 2, 4, 6, 0, 3, 5]",359,321,59,114,233,6,93
2894,,7,76,pauli_polynomial_steiner_gray_clifford,"[1, 2, 5, 4, 0, 3, 6]",341,297,52,104,205,8,108
2895,,7,76,pauli_polynomial_steiner_gray_clifford,"[1, 2, 6, 4, 0, 3, 5]",336,292,55,107,219,7,100
2896,,7,76,pauli_polynomial_steiner_gray_clifford,"[1, 2, 5, 6, 0, 3, 4]",354,307,58,112,224,4,97
2897,,7,76,pauli_polynomial_steiner_gray_clifford,"[1, 2, 6, 5, 0, 3, 4]",359,316,57,107,226,3,96
2898,,7,76,pauli_polynomial_steiner_gray_clifford,"[1, 2, 4, 5, 0, 6, 3]",340,302,55,104,223,6,100
2899,,7,76,pauli_polynomial_steiner_gray_clifford,"[1, 2, 4, 6, 0, 5, 3]",356,314,61,110,241,5,91
2900,,7,76,pauli_polynomial_steiner_gray_clifford,"[1, 2, 5, 4, 0, 6, 3]",354,304,52,102,207,8,108
2901,,7,76,pauli_polynomial_steiner_gray_clifford,"[1, 2, 6, 4, 0, 5, 3]",343,298,56,103,227,6,98
2902,,7,76,pauli_polynomial_steiner_gray_clifford,"[1, 2, 5, 6, 0, 4, 3]",339,293,58,107,223,5,100
2903,,7,76,pauli_polynomial_steiner_gray_clifford,"[1, 2, 6, 5, 0, 4, 3]",362,314,56,102,225,4,99
2904,,7,76,pauli_polynomial_steiner_gray_clifford,"[1, 3, 2, 4, 0, 5, 6]",357,314,62,120,241,3,90
2905,,7,76,pauli_polynomial_steiner_gray_clifford,"[1, 3, 2, 4, 0, 6, 5]",364,324,62,122,235,4,92
2906,,7,76,pauli_polynomial_steiner_gray_clifford,"[1, 3, 2, 5, 0, 4, 6]",356,316,60,117,237,4,92
2907,,7,76,pauli_polynomial_steiner_gray_clifford,"[1, 3, 2, 6, 0, 4, 5]",348,309,55,110,217,7,101
2908,,7,76,pauli_polynomial_steiner_gray_clifford,"[1, 3, 2, 5, 0, 6, 4]",348,307,61,120,240,3,89
2909,,7,76,pauli_polynomial_steiner_gray_clifford,"[1, 3, 2, 6, 0, 5, 4]",364,319,56,111,226,5,96
2910,,7,76,pauli_polynomial_steiner_gray_clifford,"[1, 4, 2, 3, 0, 5, 6]",367,332,64,123,239,2,91
2911,,7,76,pauli_polynomial_steiner_gray_clifford,"[1, 4, 2, 3, 0, 6, 5]",355,320,60,125,233,3,93
2912,,7,76,pauli_polynomial_steiner_gray_clifford,"[1, 5, 2, 3, 0, 4, 6]",346,305,60,121,233,5,94
2913,,7,76,pauli_polynomial_steiner_gray_clifford,"[1, 6, 2, 3, 0, 4, 5]",335,291,51,104,211,7,104
2914,,7,76,pauli_polynomial_steiner_gray_clifford,"[1, 5, 2, 3, 0, 6, 4]",371,332,58,124,236,4,91
2915,,7,76,pauli_polynomial_steiner_gray_clifford,"[1, 6, 2, 3, 0, 5, 4]",324,295,53,105,220,5,99
2916,,7,76,pauli_polynomial_steiner_gray_clifford,"[1, 4, 2, 5, 0, 3, 6]",333,299,59,110,225,2,98
2917,,7,76,pauli_polynomial_steiner_gray_clifford,"[1, 4, 2, 6, 0, 3, 5]",361,319,59,118,223,4,98
2918,,7,76,pauli_polynomial_steiner_gray_clifford,"[1, 5, 2, 4, 0, 3, 6]",344,300,57,111,223,4,99
2919,,7,76,pauli_polynomial_steiner_gray_clifford,"[1, 6, 2, 4, 0, 3, 5]",356,311,57,109,219,5,100
2920,,7,76,pauli_polynomial_steiner_gray_clifford,"[1, 5, 2, 6, 0, 3, 4]",363,315,57,119,224,3,97
2921,,7,76,pauli_polynomial_steiner_gray_clifford,"[1, 6, 2, 5, 0, 3, 4]",354,316,57,109,222,2,98
2922,,7,76,pauli_polynomial_steiner_gray_clifford,"[1, 4, 2, 5, 0, 6, 3]",366,324,58,108,227,2,98
2923,,7,76,pauli_polynomial_steiner_gray_clifford,"[1, 4, 2, 6, 0, 5, 3]",364,324,62,114,231,3,96
2924,,7,76,pauli_polynomial_steiner_gray_clifford,"[1, 5, 2, 4, 0, 6, 3]",349,315,57,109,225,4,99
2925,,7,76,pauli_polynomial_steiner_gray_clifford,"[1, 6, 2, 4, 0, 5, 3]",355,308,57,105,227,4,98
2926,,7,76,pauli_polynomial_steiner_gray_clifford,"[1, 5, 2, 6, 0, 4, 3]",347,305,59,114,223,4,100
2927,,7,76,pauli_polynomial_steiner_gray_clifford,"[1, 6, 2, 5, 0, 4, 3]",328,282,55,104,221,3,101
2928,,7,76,pauli_polynomial_steiner_gray_clifford,"[1, 3, 4, 2, 0, 5, 6]",367,322,59,121,243,3,89
2929,,7,76,pauli_polynomial_steiner_gray_clifford,"[1, 3, 4, 2, 0, 6, 5]",350,309,59,123,237,4,91
2930,,7,76,pauli_polynomial_steiner_gray_clifford,"[1, 3, 5, 2, 0, 4, 6]",322,286,58,119,229,7,96
2931,,7,76,pauli_polynomial_steiner_gray_clifford,"[1, 3, 6, 2, 0, 4, 5]",365,325,53,108,207,8,106
2932,,7,76,pauli_polynomial_steiner_gray_clifford,"[1, 3, 5, 2, 0, 6, 4]",354,307,58,122,232,6,93
2933,,7,76,pauli_polynomial_steiner_gray_clifford,"[1, 3, 6, 2, 0, 5, 4]",381,341,53,109,216,6,101
2934,,7,76,pauli_polynomial_steiner_gray_clifford,"[1, 4, 3, 2, 0, 5, 6]",359,314,60,122,237,3,92
2935,,7,76,pauli_polynomial_steiner_gray_clifford,"[1, 4, 3, 2, 0, 6, 5]",342,300,57,124,231,4,94
2936,,7,76,pauli_polynomial_steiner_gray_clifford,"[1, 5, 3, 2, 0, 4, 6]",362,318,60,123,237,7,92
2937,,7,76,pauli_polynomial_steiner_gray_clifford,"[1, 6, 3, 2, 0, 4, 5]",351,311,53,107,211,8,104
2938,,7,76,pauli_polynomial_steiner_gray_clifford,"[1, 5, 3, 2, 0, 6, 4]",369,325,58,126,240,6,89
2939,,7,76,pauli_polynomial_steiner_gray_clifford,"[1, 6, 3, 2, 0, 5, 4]",332,298,54,108,220,6,99
2940,,7,76,pauli_polynomial_steiner_gray_clifford,"[1, 4, 5, 2, 0, 3, 6]",353,309,53,107,209,7,106
2941,,7,76,pauli_polynomial_steiner_gray_clifford,"[1, 4, 6, 2, 0, 3, 5]",384,340,58,118,223,6,98
2942,,7,76,pauli_polynomial_steiner_gray_clifford,"[1, 5, 4, 2, 0, 3, 6]",353,311,54,110,223,7,99
2943,,7,76,pauli_polynomial_steiner_gray_clifford,"[1, 6, 4, 2, 0, 3, 5]",385,344,60,116,233,6,93
2944,,7,76,pauli_polynomial_steiner_gray_clifford,"[1, 5, 6, 2, 0, 3, 4]",340,303,57,121,228,4,95
2945,,7,76,pauli_polynomial_steiner_gray_clifford,"[1, 6, 5, 2, 0, 3, 4]",364,324,58,116,224,4,97
2946,,7,76,pauli_polynomial_steiner_gray_clifford,"[1, 4, 5, 2, 0, 6, 3]",333,289,51,105,211,7,106
2947,,7,76,pauli_polynomial_steiner_gray_clifford,"[1, 4, 6, 2, 0, 5, 3]",344,297,59,114,231,5,96
2948,,7,76,pauli_polynomial_steiner_gray_clifford,"[1, 5, 4, 2, 0, 6, 3]",340,300,53,108,225,7,99
2949,,7,76,pauli_polynomial_steiner_gray_clifford,"[1, 6, 4, 2, 0, 5, 3]",355,306,59,112,241,5,91
2950,,7,76,pauli_polynomial_steiner_gray_clifford,"[1, 5, 6, 2, 0, 4, 3]",387,340,58,116,227,5,98
2951,,7,76,pauli_polynomial_steiner_gray_clifford,"[1, 6, 5, 2, 0, 4, 3]",352,311,56,111,223,5,100
2952,,7,76,pauli_polynomial_steiner_gray_clifford,"[1, 3, 4, 5, 0, 2, 6]",336,299,54,109,225,6,98
2953,,7,76,pauli_polynomial_steiner_gray_clifford,"[1, 3, 4, 6, 0, 2, 5]",353,314,56,118,233,5,93
2954,,7,76,pauli_polynomial_steiner_gray_clifford,"[1, 3, 5, 4, 0, 2, 6]",342,297,55,110,215,9,103
2955,,7,76,pauli_polynomial_steiner_gray_clifford,"[1, 3, 6, 4, 0, 2, 5]",358,325,57,115,221,6,99
2956,,7,76,pauli_polynomial_steiner_gray_clifford,"[1, 3, 5, 6, 0, 2, 4]",347,312,59,122,236,5,91
2957,,7,76,pauli_polynomial_steiner_gray_clifford,"[1, 3, 6, 5, 0, 2, 4]",355,319,59,118,234,3,92
2958,,7,76,pauli_polynomial_steiner_gray_clifford,"[1, 4, 3, 5, 0, 2, 6]",346,295,57,110,227,4,97
2959,,7,76,pauli_polynomial_steiner_gray_clifford,"[1, 4, 3, 6, 0, 2, 5]",341,302,54,119,217,4,101
2960,,7,76,pauli_polynomial_steiner_gray_clifford,"[1, 5, 3, 4, 0, 2, 6]",335,290,59,114,225,6,98
2961,,7,76,pauli_polynomial_steiner_gray_clifford,"[1, 6, 3, 4, 0, 2, 5]",366,330,57,114,213,5,103
2962,,7,76,pauli_polynomial_steiner_gray_clifford,"[1, 5, 3, 6, 0, 2, 4]",361,315,57,126,230,5,94
2963,,7,76,pauli_polynomial_steiner_gray_clifford,"[1, 6, 3, 5, 0, 2, 4]",346,314,58,117,228,4,95
2964,,7,76,pauli_polynomial_steiner_gray_clifford,"[1, 4, 5, 3, 0, 2, 6]",353,310,55,108,213,8,104
2965,,7,76,pauli_polynomial_steiner_gray_clifford,"[1, 4, 6, 3, 0, 2, 5]",359,323,56,120,219,5,100
2966,,7,76,pauli_polynomial_steiner_gray_clifford,"[1, 5, 4, 3, 0, 2, 6]",356,314,56,111,221,7,100
2967,,7,76,pauli_polynomial_steiner_gray_clifford,"[1, 6, 4, 3, 0, 2, 5]",355,309,58,118,227,5,96
2968,,7,76,pauli_polynomial_steiner_gray_clifford,"[1, 5, 6, 3, 0, 2, 4]",360,315,57,126,230,4,94
2969,,7,76,pauli_polynomial_steiner_gray_clifford,"[1, 6, 5, 3, 0, 2, 4]",348,308,58,121,230,5,94
2970,,7,76,pauli_polynomial_steiner_gray_clifford,"[1, 4, 5, 6, 0, 2, 3]",335,289,57,111,225,7,99
2971,,7,76,pauli_polynomial_steiner_gray_clifford,"[1, 4, 6, 5, 0, 2, 3]",362,325,61,114,241,4,91
2972,,7,76,pauli_polynomial_steiner_gray_clifford,"[1, 5, 4, 6, 0, 2, 3]",347,306,57,114,235,8,94
2973,,7,76,pauli_polynomial_steiner_gray_clifford,"[1, 6, 4, 5, 0, 2, 3]",339,298,57,112,233,7,95
2974,,7,76,pauli_polynomial_steiner_gray_clifford,"[1, 5, 6, 4, 0, 2, 3]",361,314,60,117,239,6,92
2975,,7,76,pauli_polynomial_steiner_gray_clifford,"[1, 6, 5, 4, 0, 2, 3]",345,300,56,112,221,8,101
2976,,7,76,pauli_polynomial_steiner_gray_clifford,"[1, 3, 4, 5, 0, 6, 2]",354,313,57,107,224,5,99
2977,,7,76,pauli_polynomial_steiner_gray_clifford,"[1, 3, 4, 6, 0, 5, 2]",342,303,59,114,238,3,92
2978,,7,76,pauli_polynomial_steiner_gray_clifford,"[1, 3, 5, 4, 0, 6, 2]",350,303,57,108,214,8,104
2979,,7,76,pauli_polynomial_steiner_gray_clifford,"[1, 3, 6, 4, 0, 5, 2]",351,304,59,111,226,4,98
2980,,7,76,pauli_polynomial_steiner_gray_clifford,"[1, 3, 5, 6, 0, 4, 2]",351,304,61,117,232,5,95
2981,,7,76,pauli_polynomial_steiner_gray_clifford,"[1, 3, 6, 5, 0, 4, 2]",323,284,61,113,230,3,96
2982,,7,76,pauli_polynomial_steiner_gray_clifford,"[1, 4, 3, 5, 0, 6, 2]",341,300,59,108,226,3,98
2983,,7,76,pauli_polynomial_steiner_gray_clifford,"[1, 4, 3, 6, 0, 5, 2]",355,315,59,115,222,2,100
2984,,7,76,pauli_polynomial_steiner_gray_clifford,"[1, 5, 3, 4, 0, 6, 2]",331,284,60,112,224,5,99
2985,,7,76,pauli_polynomial_steiner_gray_clifford,"[1, 6, 3, 4, 0, 5, 2]",349,313,59,110,218,3,102
2986,,7,76,pauli_polynomial_steiner_gray_clifford,"[1, 5, 3, 6, 0, 4, 2]",368,332,60,121,226,5,98
2987,,7,76,pauli_polynomial_steiner_gray_clifford,"[1, 6, 3, 5, 0, 4, 2]",333,301,59,112,224,4,99
2988,,7,76,pauli_polynomial_steiner_gray_clifford,"[1, 4, 5, 3, 0, 6, 2]",343,309,55,106,212,7,105
2989,,7,76,pauli_polynomial_steiner_gray_clifford,"[1, 4, 6, 3, 0, 5, 2]",350,309,60,116,224,3,99
2990,,7,76,pauli_polynomial_steiner_gray_clifford,"[1, 5, 4, 3, 0, 6, 2]",333,301,56,109,220,6,101
2991,,7,76,pauli_polynomial_steiner_gray_clifford,"[1, 6, 4, 3, 0, 5, 2]",355,314,60,114,232,3,95
2992,,7,76,pauli_polynomial_steiner_gray_clifford,"[1, 5, 6, 3, 0, 4, 2]",351,306,59,121,226,4,98
2993,,7,76,pauli_polynomial_steiner_gray_clifford,"[1, 6, 5, 3, 0, 4, 2]",332,294,58,116,226,5,98
2994,,7,76,pauli_polynomial_steiner_gray_clifford,"[1, 4, 5, 6, 0, 3, 2]",340,306,59,111,222,6,100
2995,,7,76,pauli_polynomial_steiner_gray_clifford,"[1, 4, 6, 5, 0, 3, 2]",344,300,64,114,238,3,92
2996,,7,76,pauli_polynomial_steiner_gray_clifford,"[1, 5, 4, 6, 0, 3, 2]",343,306,58,114,232,7,95
2997,,7,76,pauli_polynomial_steiner_gray_clifford,"[1, 6, 4, 5, 0, 3, 2]",343,303,60,112,230,6,96
2998,,7,76,pauli_polynomial_steiner_gray_clifford,"[1, 5, 6, 4, 0, 3, 2]",326,292,61,117,236,5,93
2999,,7,76,pauli_polynomial_steiner_gray_clifford,"[1, 6, 5, 4, 0, 3, 2]",343,294,58,112,218,7,102
3000,,7,76,pauli_polynomial_steiner_gray_clifford,"[2, 1, 3, 4, 0, 5, 6]",343,290,58,108,231,5,99
3001,,7,76,pauli_polynomial_steiner_gray_clifford,"[2, 1, 3, 4, 0, 6, 5]",343,305,56,110,225,6,101
3002,,7,76,pauli_polynomial_steiner_gray_clifford,"[2, 1, 3, 5, 0, 4, 6]",327,284,57,105,233,7,98
3003,,7,76,pauli_polynomial_steiner_gray_clifford,"[2, 1, 3, 6, 0, 4, 5]",351,312,52,98,209,9,109
3004,,7,76,pauli_polynomial_steiner_gray_clifford,"[2, 1, 3, 5, 0, 6, 4]",352,317,59,108,236,6,95
3005,,7,76,pauli_polynomial_steiner_gray_clifford,"[2, 1, 3, 6, 0, 5, 4]",331,292,56,99,218,7,104
3006,,7,76,pauli_polynomial_steiner_gray_clifford,"[2, 1, 4, 3, 0, 5, 6]",356,314,59,110,229,4,100
3007,,7,76,pauli_polynomial_steiner_gray_clifford,"[2, 1, 4, 3, 0, 6, 5]",332,294,56,112,223,5,102
3008,,7,76,pauli_polynomial_steiner_gray_clifford,"[2, 1, 5, 3, 0, 4, 6]",327,288,55,105,229,8,100
3009,,7,76,pauli_polynomial_steiner_gray_clifford,"[2, 1, 6, 3, 0, 4, 5]",357,306,48,93,203,9,112
3010,,7,76,pauli_polynomial_steiner_gray_clifford,"[2, 1, 5, 3, 0, 6, 4]",341,293,56,108,232,7,97
3011,,7,76,pauli_polynomial_steiner_gray_clifford,"[2, 1, 6, 3, 0, 5, 4]",331,290,52,94,212,7,107
3012,,7,76,pauli_polynomial_steiner_gray_clifford,"[2, 1, 4, 5, 0, 3, 6]",325,294,54,97,213,7,108
3013,,7,76,pauli_polynomial_steiner_gray_clifford,"[2, 1, 4, 6, 0, 3, 5]",351,318,55,105,225,7,101
3014,,7,76,pauli_polynomial_steiner_gray_clifford,"[2, 1, 5, 4, 0, 3, 6]",319,284,51,95,211,9,109
3015,,7,76,pauli_polynomial_steiner_gray_clifford,"[2, 1, 6, 4, 0, 3, 5]",344,305,51,98,221,8,103
3016,,7,76,pauli_polynomial_steiner_gray_clifford,"[2, 1, 5, 6, 0, 3, 4]",330,290,58,103,230,5,98
3017,,7,76,pauli_polynomial_steiner_gray_clifford,"[2, 1, 6, 5, 0, 3, 4]",346,294,57,98,228,4,99
3018,,7,76,pauli_polynomial_steiner_gray_clifford,"[2, 1, 4, 5, 0, 6, 3]",350,301,55,95,215,7,108
3019,,7,76,pauli_polynomial_steiner_gray_clifford,"[2, 1, 4, 6, 0, 5, 3]",348,300,59,101,233,6,99
3020,,7,76,pauli_polynomial_steiner_gray_clifford,"[2, 1, 5, 4, 0, 6, 3]",341,299,52,93,213,9,109
3021,,7,76,pauli_polynomial_steiner_gray_clifford,"[2, 1, 6, 4, 0, 5, 3]",346,301,54,94,229,7,101
3022,,7,76,pauli_polynomial_steiner_gray_clifford,"[2, 1, 5, 6, 0, 4, 3]",367,319,58,98,229,6,101
3023,,7,76,pauli_polynomial_steiner_gray_clifford,"[2, 1, 6, 5, 0, 4, 3]",349,304,56,93,227,5,102
3024,,7,76,pauli_polynomial_steiner_gray_clifford,"[3, 1, 2, 4, 0, 5, 6]",343,295,58,111,236,5,97
3025,,7,76,pauli_polynomial_steiner_gray_clifford,"[3, 1, 2, 4, 0, 6, 5]",341,297,59,113,230,6,99
3026,,7,76,pauli_polynomial_steiner_gray_clifford,"[3, 1, 2, 5, 0, 4, 6]",327,284,56,108,232,6,99
3027,,7,76,pauli_polynomial_steiner_gray_clifford,"[3, 1, 2, 6, 0, 4, 5]",329,291,52,101,212,9,108
3028,,7,76,pauli_polynomial_steiner_gray_clifford,"[3, 1, 2, 5, 0, 6, 4]",352,307,58,111,235,5,96
3029,,7,76,pauli_polynomial_steiner_gray_clifford,"[3, 1, 2, 6, 0, 5, 4]",354,311,53,102,221,7,103
3030,,7,76,pauli_polynomial_steiner_gray_clifford,"[4, 1, 2, 3, 0, 5, 6]",342,302,62,119,231,4,97
3031,,7,76,pauli_polynomial_steiner_gray_clifford,"[4, 1, 2, 3, 0, 6, 5]",347,300,57,121,225,5,99
3032,,7,76,pauli_polynomial_steiner_gray_clifford,"[5, 1, 2, 3, 0, 4, 6]",361,315,57,116,232,7,97
3033,,7,76,pauli_polynomial_steiner_gray_clifford,"[6, 1, 2, 3, 0, 4, 5]",348,310,51,97,214,9,106
3034,,7,76,pauli_polynomial_steiner_gray_clifford,"[5, 1, 2, 3, 0, 6, 4]",323,287,55,119,235,6,94
3035,,7,76,pauli_polynomial_steiner_gray_clifford,"[6, 1, 2, 3, 0, 5, 4]",346,305,54,98,223,7,101
3036,,7,76,pauli_polynomial_steiner_gray_clifford,"[4, 1, 2, 5, 0, 3, 6]",338,295,58,106,217,4,104
3037,,7,76,pauli_polynomial_steiner_gray_clifford,"[4, 1, 2, 6, 0, 3, 5]",362,315,53,114,215,6,104
3038,,7,76,pauli_polynomial_steiner_gray_clifford,"[5, 1, 2, 4, 0, 3, 6]",327,286,55,106,222,6,102
3039,,7,76,pauli_polynomial_steiner_gray_clifford,"[6, 1, 2, 4, 0, 3, 5]",358,301,54,102,222,7,102
3040,,7,76,pauli_polynomial_steiner_gray_clifford,"[5, 1, 2, 6, 0, 3, 4]",348,317,53,114,223,5,100
3041,,7,76,pauli_polynomial_steiner_gray_clifford,"[6, 1, 2, 5, 0, 3, 4]",340,306,57,102,225,4,100
3042,,7,76,pauli_polynomial_steiner_gray_clifford,"[4, 1, 2, 5, 0, 6, 3]",358,312,57,104,219,4,104
3043,,7,76,pauli_polynomial_steiner_gray_clifford,"[4, 1, 2, 6, 0, 5, 3]",342,303,57,110,223,5,102
3044,,7,76,pauli_polynomial_steiner_gray_clifford,"[5, 1, 2, 4, 0, 6, 3]",342,298,56,104,224,6,102
3045,,7,76,pauli_polynomial_steiner_gray_clifford,"[6, 1, 2, 4, 0, 5, 3]",343,304,54,98,230,6,100
3046,,7,76,pauli_polynomial_steiner_gray_clifford,"[5, 1, 2, 6, 0, 4, 3]",328,294,56,109,222,6,103
3047,,7,76,pauli_polynomial_steiner_gray_clifford,"[6, 1, 2, 5, 0, 4, 3]",334,293,54,97,224,5,103
3048,,7,76,pauli_polynomial_steiner_gray_clifford,"[3, 1, 4, 2, 0, 5, 6]",347,307,56,112,240,4,95
3049,,7,76,pauli_polynomial_steiner_gray_clifford,"[3, 1, 4, 2, 0, 6, 5]",338,290,57,114,234,5,97
3050,,7,76,pauli_polynomial_steiner_gray_clifford,"[3, 1, 5, 2, 0, 4, 6]",335,293,56,110,234,7,98
3051,,7,76,pauli_polynomial_steiner_gray_clifford,"[3, 1, 6, 2, 0, 4, 5]",338,299,51,99,212,9,108
3052,,7,76,pauli_polynomial_steiner_gray_clifford,"[3, 1, 5, 2, 0, 6, 4]",354,319,57,113,237,6,95
3053,,7,76,pauli_polynomial_steiner_gray_clifford,"[3, 1, 6, 2, 0, 5, 4]",351,308,51,100,221,7,103
3054,,7,76,pauli_polynomial_steiner_gray_clifford,"[4, 1, 3, 2, 0, 5, 6]",353,304,59,118,237,4,94
3055,,7,76,pauli_polynomial_steiner_gray_clifford,"[4, 1, 3, 2, 0, 6, 5]",368,324,55,120,231,5,96
3056,,7,76,pauli_polynomial_steiner_gray_clifford,"[5, 1, 3, 2, 0, 4, 6]",336,299,59,118,238,7,94
3057,,7,76,pauli_polynomial_steiner_gray_clifford,"[6, 1, 3, 2, 0, 4, 5]",354,310,54,100,220,9,103
3058,,7,76,pauli_polynomial_steiner_gray_clifford,"[5, 1, 3, 2, 0, 6, 4]",346,301,57,121,241,6,91
3059,,7,76,pauli_polynomial_steiner_gray_clifford,"[6, 1, 3, 2, 0, 5, 4]",333,288,56,101,229,7,98
3060,,7,76,pauli_polynomial_steiner_gray_clifford,"[4, 1, 5, 2, 0, 3, 6]",328,287,56,103,219,5,103
3061,,7,76,pauli_polynomial_steiner_gray_clifford,"[4, 1, 6, 2, 0, 3, 5]",362,314,54,114,215,6,104
3062,,7,76,pauli_polynomial_steiner_gray_clifford,"[5, 1, 4, 2, 0, 3, 6]",369,324,56,105,226,5,100
3063,,7,76,pauli_polynomial_steiner_gray_clifford,"[6, 1, 4, 2, 0, 3, 5]",346,301,59,109,226,6,100
3064,,7,76,pauli_polynomial_steiner_gray_clifford,"[5, 1, 6, 2, 0, 3, 4]",353,303,54,116,223,5,100
3065,,7,76,pauli_polynomial_steiner_gray_clifford,"[6, 1, 5, 2, 0, 3, 4]",359,317,59,109,227,5,99
3066,,7,76,pauli_polynomial_steiner_gray_clifford,"[4, 1, 5, 2, 0, 6, 3]",324,293,54,101,221,5,103
3067,,7,76,pauli_polynomial_steiner_gray_clifford,"[4, 1, 6, 2, 0, 5, 3]",336,303,56,110,223,5,102
3068,,7,76,pauli_polynomial_steiner_gray_clifford,"[5, 1, 4, 2, 0, 6, 3]",316,279,56,103,228,5,100
3069,,7,76,pauli_polynomial_steiner_gray_clifford,"[6, 1, 4, 2, 0, 5, 3]",335,295,58,105,234,5,98
3070,,7,76,pauli_polynomial_steiner_gray_clifford,"[5, 1, 6, 2, 0, 4, 3]",345,303,56,111,222,6,103
3071,,7,76,pauli_polynomial_steiner_gray_clifford,"[6, 1, 5, 2, 0, 4, 3]",351,309,56,104,226,6,102
3072,,7,76,pauli_polynomial_steiner_gray_clifford,"[3, 1, 4, 5, 0, 2, 6]",340,291,50,100,222,7,104
3073,,7,76,pauli_polynomial_steiner_gray_clifford,"[3, 1, 4, 6, 0, 2, 5]",342,301,53,109,230,6,99
3074,,7,76,pauli_polynomial_steiner_gray_clifford,"[3, 1, 5, 4, 0, 2, 6]",343,302,52,101,220,9,105
3075,,7,76,pauli_polynomial_steiner_gray_clifford,"[3, 1, 6, 4, 0, 2, 5]",351,308,54,106,226,7,101
3076,,7,76,pauli_polynomial_steiner_gray_clifford,"[3, 1, 5, 6, 0, 2, 4]",357,310,58,113,241,5,93
3077,,7,76,pauli_polynomial_steiner_gray_clifford,"[3, 1, 6, 5, 0, 2, 4]",354,314,57,109,239,4,94
3078,,7,76,pauli_polynomial_steiner_gray_clifford,"[4, 1, 3, 5, 0, 2, 6]",378,329,55,106,227,5,99
3079,,7,76,pauli_polynomial_steiner_gray_clifford,"[4, 1, 3, 6, 0, 2, 5]",338,301,51,115,217,5,103
3080,,7,76,pauli_polynomial_steiner_gray_clifford,"[5, 1, 3, 4, 0, 2, 6]",337,295,56,109,226,6,100
3081,,7,76,pauli_polynomial_steiner_gray_clifford,"[6, 1, 3, 4, 0, 2, 5]",342,303,54,107,222,6,102
3082,,7,76,pauli_polynomial_steiner_gray_clifford,"[5, 1, 3, 6, 0, 2, 4]",346,305,56,121,231,5,96
3083,,7,76,pauli_polynomial_steiner_gray_clifford,"[6, 1, 3, 5, 0, 2, 4]",361,321,58,110,237,5,94
3084,,7,76,pauli_polynomial_steiner_gray_clifford,"[4, 1, 5, 3, 0, 2, 6]",334,293,56,104,223,6,101
3085,,7,76,pauli_polynomial_steiner_gray_clifford,"[4, 1, 6, 3, 0, 2, 5]",325,290,54,116,211,5,106
3086,,7,76,pauli_polynomial_steiner_gray_clifford,"[5, 1, 4, 3, 0, 2, 6]",357,315,55,106,224,5,101
3087,,7,76,pauli_polynomial_steiner_gray_clifford,"[6, 1, 4, 3, 0, 2, 5]",343,300,56,111,220,5,103
3088,,7,76,pauli_polynomial_steiner_gray_clifford,"[5, 1, 6, 3, 0, 2, 4]",346,314,55,121,225,5,99
3089,,7,76,pauli_polynomial_steiner_gray_clifford,"[6, 1, 5, 3, 0, 2, 4]",344,305,58,114,233,6,96
3090,,7,76,pauli_polynomial_steiner_gray_clifford,"[4, 1, 5, 6, 0, 2, 3]",344,299,57,107,235,5,96
3091,,7,76,pauli_polynomial_steiner_gray_clifford,"[4, 1, 6, 5, 0, 2, 3]",360,309,59,110,233,4,97
3092,,7,76,pauli_polynomial_steiner_gray_clifford,"[5, 1, 4, 6, 0, 2, 3]",354,316,57,109,238,6,95
3093,,7,76,pauli_polynomial_steiner_gray_clifford,"[6, 1, 4, 5, 0, 2, 3]",324,291,55,105,226,7,102
3094,,7,76,pauli_polynomial_steiner_gray_clifford,"[5, 1, 6, 4, 0, 2, 3]",352,314,57,112,234,7,97
3095,,7,76,pauli_polynomial_steiner_gray_clifford,"[6, 1, 5, 4, 0, 2, 3]",335,289,53,105,224,9,103
3096,,7,76,pauli_polynomial_steiner_gray_clifford,"[3, 1, 4, 5, 0, 6, 2]",325,290,54,98,221,6,105
3097,,7,76,pauli_polynomial_steiner_gray_clifford,"[3, 1, 4, 6, 0, 5, 2]",342,298,56,105,235,4,98
3098,,7,76,pauli_polynomial_steiner_gray_clifford,"[3, 1, 5, 4, 0, 6, 2]",332,294,55,99,219,8,106
3099,,7,76,pauli_polynomial_steiner_gray_clifford,"[3, 1, 6, 4, 0, 5, 2]",349,309,56,102,231,5,100
3100,,7,76,pauli_polynomial_steiner_gray_clifford,"[3, 1, 5, 6, 0, 4, 2]",359,318,60,108,237,5,97
3101,,7,76,pauli_polynomial_steiner_gray_clifford,"[3, 1, 6, 5, 0, 4, 2]",344,312,59,104,235,4,98
3102,,7,76,pauli_polynomial_steiner_gray_clifford,"[4, 1, 3, 5, 0, 6, 2]",359,314,57,104,226,4,100
3103,,7,76,pauli_polynomial_steiner_gray_clifford,"[4, 1, 3, 6, 0, 5, 2]",358,313,57,111,222,3,102
3104,,7,76,pauli_polynomial_steiner_gray_clifford,"[5, 1, 3, 4, 0, 6, 2]",321,283,56,107,225,5,101
3105,,7,76,pauli_polynomial_steiner_gray_clifford,"[6, 1, 3, 4, 0, 5, 2]",348,307,56,103,227,4,101
3106,,7,76,pauli_polynomial_steiner_gray_clifford,"[5, 1, 3, 6, 0, 4, 2]",340,294,58,116,227,5,100
3107,,7,76,pauli_polynomial_steiner_gray_clifford,"[6, 1, 3, 5, 0, 4, 2]",341,309,58,105,233,5,98
3108,,7,76,pauli_polynomial_steiner_gray_clifford,"[4, 1, 5, 3, 0, 6, 2]",344,296,56,102,222,5,102
3109,,7,76,pauli_polynomial_steiner_gray_clifford,"[4, 1, 6, 3, 0, 5, 2]",364,329,59,112,216,3,105
3110,,7,76,pauli_polynomial_steiner_gray_clifford,"[5, 1, 4, 3, 0, 6, 2]",353,307,54,104,223,4,102
3111,,7,76,pauli_polynomial_steiner_gray_clifford,"[6, 1, 4, 3, 0, 5, 2]",353,319,58,107,225,3,102
3112,,7,76,pauli_polynomial_steiner_gray_clifford,"[5, 1, 6, 3, 0, 4, 2]",365,323,56,116,221,5,103
3113,,7,76,pauli_polynomial_steiner_gray_clifford,"[6, 1, 5, 3, 0, 4, 2]",339,299,57,109,229,6,100
3114,,7,76,pauli_polynomial_steiner_gray_clifford,"[4, 1, 5, 6, 0, 3, 2]",351,309,59,107,232,4,97
3115,,7,76,pauli_polynomial_steiner_gray_clifford,"[4, 1, 6, 5, 0, 3, 2]",346,314,62,110,230,3,98
3116,,7,76,pauli_polynomial_steiner_gray_clifford,"[5, 1, 4, 6, 0, 3, 2]",369,327,56,109,235,5,96
3117,,7,76,pauli_polynomial_steiner_gray_clifford,"[6, 1, 4, 5, 0, 3, 2]",334,292,58,105,223,6,103
3118,,7,76,pauli_polynomial_steiner_gray_clifford,"[5, 1, 6, 4, 0, 3, 2]",328,289,56,112,231,6,98
3119,,7,76,pauli_polynomial_steiner_gray_clifford,"[6, 1, 5, 4, 0, 3, 2]",351,303,55,105,221,8,104
3120,,7,76,pauli_polynomial_steiner_gray_clifford,"[2, 3, 1, 4, 0, 5, 6]",322,282,57,108,233,4,98
3121,,7,76,pauli_polynomial_steiner_gray_clifford,"[2, 3, 1, 4, 0, 6, 5]",325,286,55,110,227,5,100
3122,,7,76,pauli_polynomial_steiner_gray_clifford,"[2, 3, 1, 5, 0, 4, 6]",328,288,58,105,243,5,93
3123,,7,76,pauli_polynomial_steiner_gray_clifford,"[2, 3, 1, 6, 0, 4, 5]",363,319,52,98,219,8,104
3124,,7,76,pauli_polynomial_steiner_gray_clifford,"[2, 3, 1, 5, 0, 6, 4]",341,310,61,108,246,4,90
3125,,7,76,pauli_polynomial_steiner_gray_clifford,"[2, 3, 1, 6, 0, 5, 4]",341,314,57,99,228,6,99
3126,,7,76,pauli_polynomial_steiner_gray_clifford,"[2, 4, 1, 3, 0, 5, 6]",340,296,60,114,237,3,96
3127,,7,76,pauli_polynomial_steiner_gray_clifford,"[2, 4, 1, 3, 0, 6, 5]",342,301,57,116,231,4,98
3128,,7,76,pauli_polynomial_steiner_gray_clifford,"[2, 5, 1, 3, 0, 4, 6]",335,293,56,105,231,6,99
3129,,7,76,pauli_polynomial_steiner_gray_clifford,"[2, 6, 1, 3, 0, 4, 5]",331,289,49,90,209,8,109
3130,,7,76,pauli_polynomial_steiner_gray_clifford,"[2, 5, 1, 3, 0, 6, 4]",350,306,56,108,234,5,96
3131,,7,76,pauli_polynomial_steiner_gray_clifford,"[2, 6, 1, 3, 0, 5, 4]",339,294,52,91,218,6,104
3132,,7,76,pauli_polynomial_steiner_gray_clifford,"[2, 4, 1, 5, 0, 3, 6]",339,303,58,101,231,3,99
3133,,7,76,pauli_polynomial_steiner_gray_clifford,"[2, 4, 1, 6, 0, 3, 5]",342,298,56,109,225,5,101
3134,,7,76,pauli_polynomial_steiner_gray_clifford,"[2, 5, 1, 4, 0, 3, 6]",337,298,53,95,215,5,107
3135,,7,76,pauli_polynomial_steiner_gray_clifford,"[2, 6, 1, 4, 0, 3, 5]",359,317,51,95,211,6,108
3136,,7,76,pauli_polynomial_steiner_gray_clifford,"[2, 5, 1, 6, 0, 3, 4]",343,292,56,103,226,4,100
3137,,7,76,pauli_polynomial_steiner_gray_clifford,"[2, 6, 1, 5, 0, 3, 4]",329,289,56,95,228,3,99
3138,,7,76,pauli_polynomial_steiner_gray_clifford,"[2, 4, 1, 5, 0, 6, 3]",344,302,59,99,233,3,99
3139,,7,76,pauli_polynomial_steiner_gray_clifford,"[2, 4, 1, 6, 0, 5, 3]",350,309,60,105,233,4,99
3140,,7,76,pauli_polynomial_steiner_gray_clifford,"[2, 5, 1, 4, 0, 6, 3]",370,323,52,93,217,5,107
3141,,7,76,pauli_polynomial_steiner_gray_clifford,"[2, 6, 1, 4, 0, 5, 3]",340,310,52,91,219,5,106
3142,,7,76,pauli_polynomial_steiner_gray_clifford,"[2, 5, 1, 6, 0, 4, 3]",343,306,55,98,225,5,103
3143,,7,76,pauli_polynomial_steiner_gray_clifford,"[2, 6, 1, 5, 0, 4, 3]",338,291,54,90,227,4,102
3144,,7,76,pauli_polynomial_steiner_gray_clifford,"[3, 2, 1, 4, 0, 5, 6]",336,289,56,108,230,5,100
3145,,7,76,pauli_polynomial_steiner_gray_clifford,"[3, 2, 1, 4, 0, 6, 5]",346,310,56,110,224,6,102
3146,,7,76,pauli_polynomial_steiner_gray_clifford,"[3, 2, 1, 5, 0, 4, 6]",321,282,56,105,240,6,95
3147,,7,76,pauli_polynomial_steiner_gray_clifford,"[3, 2, 1, 6, 0, 4, 5]",350,310,50,98,216,9,106
3148,,7,76,pauli_polynomial_steiner_gray_clifford,"[3, 2, 1, 5, 0, 6, 4]",358,316,59,108,243,5,92
3149,,7,76,pauli_polynomial_steiner_gray_clifford,"[3, 2, 1, 6, 0, 5, 4]",347,310,53,99,225,7,101
3150,,7,76,pauli_polynomial_steiner_gray_clifford,"[4, 2, 1, 3, 0, 5, 6]",358,321,61,119,237,4,94
3151,,7,76,pauli_polynomial_steiner_gray_clifford,"[4, 2, 1, 3, 0, 6, 5]",361,318,58,121,231,5,96
3152,,7,76,pauli_polynomial_steiner_gray_clifford,"[5, 2, 1, 3, 0, 4, 6]",335,288,55,109,224,7,101
3153,,7,76,pauli_polynomial_steiner_gray_clifford,"[6, 2, 1, 3, 0, 4, 5]",340,297,50,92,210,9,108
3154,,7,76,pauli_polynomial_steiner_gray_clifford,"[5, 2, 1, 3, 0, 6, 4]",347,308,54,112,227,6,98
3155,,7,76,pauli_polynomial_steiner_gray_clifford,"[6, 2, 1, 3, 0, 5, 4]",334,295,52,93,219,7,103
3156,,7,76,pauli_polynomial_steiner_gray_clifford,"[4, 2, 1, 5, 0, 3, 6]",341,297,58,106,231,4,97
3157,,7,76,pauli_polynomial_steiner_gray_clifford,"[4, 2, 1, 6, 0, 3, 5]",347,301,54,114,225,6,99
3158,,7,76,pauli_polynomial_steiner_gray_clifford,"[5, 2, 1, 4, 0, 3, 6]",352,312,52,99,208,6,109
3159,,7,76,pauli_polynomial_steiner_gray_clifford,"[6, 2, 1, 4, 0, 3, 5]",342,296,52,97,212,7,107
3160,,7,76,pauli_polynomial_steiner_gray_clifford,"[5, 2, 1, 6, 0, 3, 4]",343,314,52,107,219,5,102
3161,,7,76,pauli_polynomial_steiner_gray_clifford,"[6, 2, 1, 5, 0, 3, 4]",336,297,56,97,229,4,98
3162,,7,76,pauli_polynomial_steiner_gray_clifford,"[4, 2, 1, 5, 0, 6, 3]",320,280,58,104,233,4,97
3163,,7,76,pauli_polynomial_steiner_gray_clifford,"[4, 2, 1, 6, 0, 5, 3]",373,326,57,110,233,5,97
3164,,7,76,pauli_polynomial_steiner_gray_clifford,"[5, 2, 1, 4, 0, 6, 3]",333,294,51,97,210,6,109
3165,,7,76,pauli_polynomial_steiner_gray_clifford,"[6, 2, 1, 4, 0, 5, 3]",352,305,51,93,220,6,105
3166,,7,76,pauli_polynomial_steiner_gray_clifford,"[5, 2, 1, 6, 0, 4, 3]",363,322,52,102,218,6,105
3167,,7,76,pauli_polynomial_steiner_gray_clifford,"[6, 2, 1, 5, 0, 4, 3]",341,299,53,92,228,5,101
3168,,7,76,pauli_polynomial_steiner_gray_clifford,"[3, 4, 1, 2, 0, 5, 6]",362,319,56,111,232,5,99
3169,,7,76,pauli_polynomial_steiner_gray_clifford,"[3, 4, 1, 2, 0, 6, 5]",332,291,56,113,226,6,101
3170,,7,76,pauli_polynomial_steiner_gray_clifford,"[3, 5, 1, 2, 0, 4, 6]",325,295,55,107,232,9,99
3171,,7,76,pauli_polynomial_steiner_gray_clifford,"[3, 6, 1, 2, 0, 4, 5]",365,318,48,92,206,10,111
3172,,7,76,pauli_polynomial_steiner_gray_clifford,"[3, 5, 1, 2, 0, 6, 4]",351,309,57,110,235,8,96
3173,,7,76,pauli_polynomial_steiner_gray_clifford,"[3, 6, 1, 2, 0, 5, 4]",322,285,50,93,215,8,106
3174,,7,76,pauli_polynomial_steiner_gray_clifford,"[4, 3, 1, 2, 0, 5, 6]",354,316,58,116,235,5,95
3175,,7,76,pauli_polynomial_steiner_gray_clifford,"[4, 3, 1, 2, 0, 6, 5]",355,311,56,118,229,6,97
3176,,7,76,pauli_polynomial_steiner_gray_clifford,"[5, 3, 1, 2, 0, 4, 6]",341,300,56,111,228,9,99
3177,,7,76,pauli_polynomial_steiner_gray_clifford,"[6, 3, 1, 2, 0, 4, 5]",349,300,51,94,210,10,108
3178,,7,76,pauli_polynomial_steiner_gray_clifford,"[5, 3, 1, 2, 0, 6, 4]",348,307,57,114,231,8,96
3179,,7,76,pauli_polynomial_steiner_gray_clifford,"[6, 3, 1, 2, 0, 5, 4]",319,285,54,95,219,8,103
3180,,7,76,pauli_polynomial_steiner_gray_clifford,"[4, 5, 1, 2, 0, 3, 6]",337,298,52,97,215,9,105
3181,,7,76,pauli_polynomial_steiner_gray_clifford,"[4, 6, 1, 2, 0, 3, 5]",358,315,54,114,225,8,99
3182,,7,76,pauli_polynomial_steiner_gray_clifford,"[5, 4, 1, 2, 0, 3, 6]",338,296,51,96,208,9,109
3183,,7,76,pauli_polynomial_steiner_gray_clifford,"[6, 4, 1, 2, 0, 3, 5]",361,321,57,111,226,8,100
3184,,7,76,pauli_polynomial_steiner_gray_clifford,"[5, 6, 1, 2, 0, 3, 4]",361,310,54,112,223,6,100
3185,,7,76,pauli_polynomial_steiner_gray_clifford,"[6, 5, 1, 2, 0, 3, 4]",354,312,58,110,231,6,97
3186,,7,76,pauli_polynomial_steiner_gray_clifford,"[4, 5, 1, 2, 0, 6, 3]",361,318,51,95,217,9,105
3187,,7,76,pauli_polynomial_steiner_gray_clifford,"[4, 6, 1, 2, 0, 5, 3]",344,303,55,110,233,7,97
3188,,7,76,pauli_polynomial_steiner_gray_clifford,"[5, 4, 1, 2, 0, 6, 3]",334,294,51,94,210,9,109
3189,,7,76,pauli_polynomial_steiner_gray_clifford,"[6, 4, 1, 2, 0, 5, 3]",326,286,57,107,234,7,98
3190,,7,76,pauli_polynomial_steiner_gray_clifford,"[5, 6, 1, 2, 0, 4, 3]",333,293,53,107,222,7,103
3191,,7,76,pauli_polynomial_steiner_gray_clifford,"[6, 5, 1, 2, 0, 4, 3]",342,303,55,105,230,7,100
3192,,7,76,pauli_polynomial_steiner_gray_clifford,"[3, 4, 1, 5, 0, 2, 6]",330,289,55,99,232,4,99
3193,,7,76,pauli_polynomial_steiner_gray_clifford,"[3, 4, 1, 6, 0, 2, 5]",330,283,54,108,222,5,103
3194,,7,76,pauli_polynomial_steiner_gray_clifford,"[3, 5, 1, 4, 0, 2, 6]",328,293,54,98,222,7,104
3195,,7,76,pauli_polynomial_steiner_gray_clifford,"[3, 6, 1, 4, 0, 2, 5]",334,287,52,99,210,6,109
3196,,7,76,pauli_polynomial_steiner_gray_clifford,"[3, 5, 1, 6, 0, 2, 4]",345,303,58,110,235,6,96
3197,,7,76,pauli_polynomial_steiner_gray_clifford,"[3, 6, 1, 5, 0, 2, 4]",363,320,57,102,233,4,97
3198,,7,76,pauli_polynomial_steiner_gray_clifford,"[4, 3, 1, 5, 0, 2, 6]",371,329,57,104,235,4,95
3199,,7,76,pauli_polynomial_steiner_gray_clifford,"[4, 3, 1, 6, 0, 2, 5]",362,324,54,113,225,5,99
3200,,7,76,pauli_polynomial_steiner_gray_clifford,"[5, 3, 1, 4, 0, 2, 6]",361,319,54,102,218,7,104
3201,,7,76,pauli_polynomial_steiner_gray_clifford,"[6, 3, 1, 4, 0, 2, 5]",349,304,52,101,214,6,106
3202,,7,76,pauli_polynomial_steiner_gray_clifford,"[5, 3, 1, 6, 0, 2, 4]",338,295,58,114,231,6,96
3203,,7,76,pauli_polynomial_steiner_gray_clifford,"[6, 3, 1, 5, 0, 2, 4]",353,311,59,104,237,4,94
3204,,7,76,pauli_polynomial_steiner_gray_clifford,"[4, 5, 1, 3, 0, 2, 6]",339,294,54,98,221,8,102
3205,,7,76,pauli_polynomial_steiner_gray_clifford,"[4, 6, 1, 3, 0, 2, 5]",352,302,56,116,227,6,98
3206,,7,76,pauli_polynomial_steiner_gray_clifford,"[5, 4, 1, 3, 0, 2, 6]",346,300,52,97,214,8,106
3207,,7,76,pauli_polynomial_steiner_gray_clifford,"[6, 4, 1, 3, 0, 2, 5]",317,282,56,113,228,6,99
3208,,7,76,pauli_polynomial_steiner_gray_clifford,"[5, 6, 1, 3, 0, 2, 4]",351,310,57,117,231,5,96
3209,,7,76,pauli_polynomial_steiner_gray_clifford,"[6, 5, 1, 3, 0, 2, 4]",346,304,59,115,239,5,93
3210,,7,76,pauli_polynomial_steiner_gray_clifford,"[4, 5, 1, 6, 0, 2, 3]",334,294,54,101,227,8,100
3211,,7,76,pauli_polynomial_steiner_gray_clifford,"[4, 6, 1, 5, 0, 2, 3]",329,285,59,110,243,5,92
3212,,7,76,pauli_polynomial_steiner_gray_clifford,"[5, 4, 1, 6, 0, 2, 3]",335,300,54,100,220,8,104
3213,,7,76,pauli_polynomial_steiner_gray_clifford,"[6, 4, 1, 5, 0, 2, 3]",349,308,59,107,244,5,93
3214,,7,76,pauli_polynomial_steiner_gray_clifford,"[5, 6, 1, 4, 0, 2, 3]",333,283,55,108,224,6,102
3215,,7,76,pauli_polynomial_steiner_gray_clifford,"[6, 5, 1, 4, 0, 2, 3]",346,301,55,106,232,6,99
3216,,7,76,pauli_polynomial_steiner_gray_clifford,"[3, 4, 1, 5, 0, 6, 2]",361,312,57,97,231,3,100
3217,,7,76,pauli_polynomial_steiner_gray_clifford,"[3, 4, 1, 6, 0, 5, 2]",332,298,56,104,227,3,102
3218,,7,76,pauli_polynomial_steiner_gray_clifford,"[3, 5, 1, 4, 0, 6, 2]",335,289,55,96,221,6,105
3219,,7,76,pauli_polynomial_steiner_gray_clifford,"[3, 6, 1, 4, 0, 5, 2]",339,300,53,95,215,4,108
3220,,7,76,pauli_polynomial_steiner_gray_clifford,"[3, 5, 1, 6, 0, 4, 2]",331,287,57,105,231,6,100
3221,,7,76,pauli_polynomial_steiner_gray_clifford,"[3, 6, 1, 5, 0, 4, 2]",311,269,56,97,229,4,101
3222,,7,76,pauli_polynomial_steiner_gray_clifford,"[4, 3, 1, 5, 0, 6, 2]",360,308,58,102,234,3,96
3223,,7,76,pauli_polynomial_steiner_gray_clifford,"[4, 3, 1, 6, 0, 5, 2]",332,289,57,109,230,3,98
3224,,7,76,pauli_polynomial_steiner_gray_clifford,"[5, 3, 1, 4, 0, 6, 2]",330,288,53,100,217,6,105
3225,,7,76,pauli_polynomial_steiner_gray_clifford,"[6, 3, 1, 4, 0, 5, 2]",327,287,53,97,219,4,105
3226,,7,76,pauli_polynomial_steiner_gray_clifford,"[5, 3, 1, 6, 0, 4, 2]",340,304,56,109,227,6,100
3227,,7,76,pauli_polynomial_steiner_gray_clifford,"[6, 3, 1, 5, 0, 4, 2]",365,326,57,99,233,4,98
3228,,7,76,pauli_polynomial_steiner_gray_clifford,"[4, 5, 1, 3, 0, 6, 2]",333,295,53,96,220,7,103
3229,,7,76,pauli_polynomial_steiner_gray_clifford,"[4, 6, 1, 3, 0, 5, 2]",350,305,58,112,232,4,97
3230,,7,76,pauli_polynomial_steiner_gray_clifford,"[5, 4, 1, 3, 0, 6, 2]",327,292,50,95,213,7,107
3231,,7,76,pauli_polynomial_steiner_gray_clifford,"[6, 4, 1, 3, 0, 5, 2]",336,289,57,109,233,4,98
3232,,7,76,pauli_polynomial_steiner_gray_clifford,"[5, 6, 1, 3, 0, 4, 2]",354,312,56,112,227,5,100
3233,,7,76,pauli_polynomial_steiner_gray_clifford,"[6, 5, 1, 3, 0, 4, 2]",354,315,58,110,235,5,97
3234,,7,76,pauli_polynomial_steiner_gray_clifford,"[4, 5, 1, 6, 0, 3, 2]",346,307,54,101,224,7,101
3235,,7,76,pauli_polynomial_steiner_gray_clifford,"[4, 6, 1, 5, 0, 3, 2]",336,296,60,110,240,4,93
3236,,7,76,pauli_polynomial_steiner_gray_clifford,"[5, 4, 1, 6, 0, 3, 2]",361,323,52,100,217,7,105
3237,,7,76,pauli_polynomial_steiner_gray_clifford,"[6, 4, 1, 5, 0, 3, 2]",371,322,60,107,241,4,94
3238,,7,76,pauli_polynomial_steiner_gray_clifford,"[5, 6, 1, 4, 0, 3, 2]",343,297,55,108,221,5,103
3239,,7,76,pauli_polynomial_steiner_gray_clifford,"[6, 5, 1, 4, 0, 3, 2]",348,303,57,106,229,5,100
3240,,7,76,pauli_polynomial_steiner_gray_clifford,"[2, 3, 4, 1, 0, 5, 6]",324,299,59,113,237,2,96
3241,,7,76,pauli_polynomial_steiner_gray_clifford,"[2, 3, 4, 1, 0, 6, 5]",349,305,56,115,231,3,98
3242,,7,76,pauli_polynomial_steiner_gray_clifford,"[2, 3, 5, 1, 0, 4, 6]",352,306,55,105,237,6,96
3243,,7,76,pauli_polynomial_steiner_gray_clifford,"[2, 3, 6, 1, 0, 4, 5]",349,304,50,97,211,7,108
3244,,7,76,pauli_polynomial_steiner_gray_clifford,"[2, 3, 5, 1, 0, 6, 4]",328,278,58,108,240,5,93
3245,,7,76,pauli_polynomial_steiner_gray_clifford,"[2, 3, 6, 1, 0, 5, 4]",348,305,56,98,220,5,103
3246,,7,76,pauli_polynomial_steiner_gray_clifford,"[2, 4, 3, 1, 0, 5, 6]",353,314,61,117,243,2,93
3247,,7,76,pauli_polynomial_steiner_gray_clifford,"[2, 4, 3, 1, 0, 6, 5]",359,320,58,119,237,3,95
3248,,7,76,pauli_polynomial_steiner_gray_clifford,"[2, 5, 3, 1, 0, 4, 6]",325,291,55,105,229,6,100
3249,,7,76,pauli_polynomial_steiner_gray_clifford,"[2, 6, 3, 1, 0, 4, 5]",346,298,51,94,207,7,110
3250,,7,76,pauli_polynomial_steiner_gray_clifford,"[2, 5, 3, 1, 0, 6, 4]",345,299,56,108,232,5,97
3251,,7,76,pauli_polynomial_steiner_gray_clifford,"[2, 6, 3, 1, 0, 5, 4]",329,289,55,95,216,5,105
3252,,7,76,pauli_polynomial_steiner_gray_clifford,"[2, 4, 5, 1, 0, 3, 6]",332,294,54,99,223,6,103
3253,,7,76,pauli_polynomial_steiner_gray_clifford,"[2, 4, 6, 1, 0, 3, 5]",357,311,56,110,233,5,97
3254,,7,76,pauli_polynomial_steiner_gray_clifford,"[2, 5, 4, 1, 0, 3, 6]",324,279,52,95,209,6,110
3255,,7,76,pauli_polynomial_steiner_gray_clifford,"[2, 6, 4, 1, 0, 3, 5]",320,288,55,103,223,5,102
3256,,7,76,pauli_polynomial_steiner_gray_clifford,"[2, 5, 6, 1, 0, 3, 4]",339,301,58,103,224,3,101
3257,,7,76,pauli_polynomial_steiner_gray_clifford,"[2, 6, 5, 1, 0, 3, 4]",348,299,59,100,228,3,99
3258,,7,76,pauli_polynomial_steiner_gray_clifford,"[2, 4, 5, 1, 0, 6, 3]",333,295,54,97,225,6,103
3259,,7,76,pauli_polynomial_steiner_gray_clifford,"[2, 4, 6, 1, 0, 5, 3]",337,299,59,106,241,4,95
3260,,7,76,pauli_polynomial_steiner_gray_clifford,"[2, 5, 4, 1, 0, 6, 3]",340,294,50,93,211,6,110
3261,,7,76,pauli_polynomial_steiner_gray_clifford,"[2, 6, 4, 1, 0, 5, 3]",353,310,56,99,231,4,100
3262,,7,76,pauli_polynomial_steiner_gray_clifford,"[2, 5, 6, 1, 0, 4, 3]",346,304,55,98,223,4,104
3263,,7,76,pauli_polynomial_steiner_gray_clifford,"[2, 6, 5, 1, 0, 4, 3]",329,289,56,95,227,4,102
3264,,7,76,pauli_polynomial_steiner_gray_clifford,"[3, 2, 4, 1, 0, 5, 6]",322,284,59,113,242,2,94
3265,,7,76,pauli_polynomial_steiner_gray_clifford,"[3, 2, 4, 1, 0, 6, 5]",357,309,58,115,236,3,96
3266,,7,76,pauli_polynomial_steiner_gray_clifford,"[3, 2, 5, 1, 0, 4, 6]",335,289,55,105,236,5,97
3267,,7,76,pauli_polynomial_steiner_gray_clifford,"[3, 2, 6, 1, 0, 4, 5]",339,299,49,97,214,7,107
3268,,7,76,pauli_polynomial_steiner_gray_clifford,"[3, 2, 5, 1, 0, 6, 4]",341,297,58,108,239,4,94
3269,,7,76,pauli_polynomial_steiner_gray_clifford,"[3, 2, 6, 1, 0, 5, 4]",331,299,53,98,223,5,102
3270,,7,76,pauli_polynomial_steiner_gray_clifford,"[4, 2, 3, 1, 0, 5, 6]",375,330,63,122,245,2,90
3271,,7,76,pauli_polynomial_steiner_gray_clifford,"[4, 2, 3, 1, 0, 6, 5]",352,307,60,124,239,3,92
3272,,7,76,pauli_polynomial_steiner_gray_clifford,"[5, 2, 3, 1, 0, 4, 6]",349,302,56,109,232,5,97
3273,,7,76,pauli_polynomial_steiner_gray_clifford,"[6, 2, 3, 1, 0, 4, 5]",327,282,53,96,218,7,104
3274,,7,76,pauli_polynomial_steiner_gray_clifford,"[5, 2, 3, 1, 0, 6, 4]",340,305,56,112,235,4,94
3275,,7,76,pauli_polynomial_steiner_gray_clifford,"[6, 2, 3, 1, 0, 5, 4]",344,303,56,97,227,5,99
3276,,7,76,pauli_polynomial_steiner_gray_clifford,"[4, 2, 5, 1, 0, 3, 6]",348,305,58,104,227,3,99
3277,,7,76,pauli_polynomial_steiner_gray_clifford,"[4, 2, 6, 1, 0, 3, 5]",359,312,56,115,223,4,100
3278,,7,76,pauli_polynomial_steiner_gray_clifford,"[5, 2, 4, 1, 0, 3, 6]",352,309,55,99,220,3,103
3279,,7,76,pauli_polynomial_steiner_gray_clifford,"[6, 2, 4, 1, 0, 3, 5]",353,308,58,105,224,4,101
3280,,7,76,pauli_polynomial_steiner_gray_clifford,"[5, 2, 6, 1, 0, 3, 4]",346,316,55,107,217,3,103
3281,,7,76,pauli_polynomial_steiner_gray_clifford,"[6, 2, 5, 1, 0, 3, 4]",361,313,60,102,225,3,100
3282,,7,76,pauli_polynomial_steiner_gray_clifford,"[4, 2, 5, 1, 0, 6, 3]",345,308,57,102,229,3,99
3283,,7,76,pauli_polynomial_steiner_gray_clifford,"[4, 2, 6, 1, 0, 5, 3]",345,311,58,111,231,3,98
3284,,7,76,pauli_polynomial_steiner_gray_clifford,"[5, 2, 4, 1, 0, 6, 3]",359,308,53,97,222,3,103
3285,,7,76,pauli_polynomial_steiner_gray_clifford,"[6, 2, 4, 1, 0, 5, 3]",327,286,57,101,232,3,99
3286,,7,76,pauli_polynomial_steiner_gray_clifford,"[5, 2, 6, 1, 0, 4, 3]",349,301,53,102,216,4,106
3287,,7,76,pauli_polynomial_steiner_gray_clifford,"[6, 2, 5, 1, 0, 4, 3]",343,298,56,97,224,4,103
3288,,7,76,pauli_polynomial_steiner_gray_clifford,"[3, 4, 2, 1, 0, 5, 6]",343,310,61,115,240,3,95
3289,,7,76,pauli_polynomial_steiner_gray_clifford,"[3, 4, 2, 1, 0, 6, 5]",333,303,60,117,234,4,97
3290,,7,76,pauli_polynomial_steiner_gray_clifford,"[3, 5, 2, 1, 0, 4, 6]",351,303,54,105,226,7,102
3291,,7,76,pauli_polynomial_steiner_gray_clifford,"[3, 6, 2, 1, 0, 4, 5]",335,293,48,93,204,8,112
3292,,7,76,pauli_polynomial_steiner_gray_clifford,"[3, 5, 2, 1, 0, 6, 4]",366,327,57,108,229,6,99
3293,,7,76,pauli_polynomial_steiner_gray_clifford,"[3, 6, 2, 1, 0, 5, 4]",342,298,52,94,213,6,107
3294,,7,76,pauli_polynomial_steiner_gray_clifford,"[4, 3, 2, 1, 0, 5, 6]",352,312,63,120,237,3,94
3295,,7,76,pauli_polynomial_steiner_gray_clifford,"[4, 3, 2, 1, 0, 6, 5]",345,311,60,122,231,4,96
3296,,7,76,pauli_polynomial_steiner_gray_clifford,"[5, 3, 2, 1, 0, 4, 6]",348,307,55,109,230,7,98
3297,,7,76,pauli_polynomial_steiner_gray_clifford,"[6, 3, 2, 1, 0, 4, 5]",322,284,51,95,212,8,107
3298,,7,76,pauli_polynomial_steiner_gray_clifford,"[5, 3, 2, 1, 0, 6, 4]",353,304,57,112,233,6,95
3299,,7,76,pauli_polynomial_steiner_gray_clifford,"[6, 3, 2, 1, 0, 5, 4]",358,308,56,96,221,6,102
3300,,7,76,pauli_polynomial_steiner_gray_clifford,"[4, 5, 2, 1, 0, 3, 6]",338,297,54,98,209,7,108
3301,,7,76,pauli_polynomial_steiner_gray_clifford,"[4, 6, 2, 1, 0, 3, 5]",371,327,55,115,223,6,100
3302,,7,76,pauli_polynomial_steiner_gray_clifford,"[5, 4, 2, 1, 0, 3, 6]",331,292,53,97,216,7,105
3303,,7,76,pauli_polynomial_steiner_gray_clifford,"[6, 4, 2, 1, 0, 3, 5]",354,313,58,112,234,6,96
3304,,7,76,pauli_polynomial_steiner_gray_clifford,"[5, 6, 2, 1, 0, 3, 4]",334,291,56,110,221,4,101
3305,,7,76,pauli_polynomial_steiner_gray_clifford,"[6, 5, 2, 1, 0, 3, 4]",353,306,60,108,225,4,100
3306,,7,76,pauli_polynomial_steiner_gray_clifford,"[4, 5, 2, 1, 0, 6, 3]",333,291,53,96,211,7,108
3307,,7,76,pauli_polynomial_steiner_gray_clifford,"[4, 6, 2, 1, 0, 5, 3]",321,281,57,111,231,5,98
3308,,7,76,pauli_polynomial_steiner_gray_clifford,"[5, 4, 2, 1, 0, 6, 3]",339,297,53,95,218,7,105
3309,,7,76,pauli_polynomial_steiner_gray_clifford,"[6, 4, 2, 1, 0, 5, 3]",352,309,59,108,242,5,94
3310,,7,76,pauli_polynomial_steiner_gray_clifford,"[5, 6, 2, 1, 0, 4, 3]",334,300,54,105,220,5,104
3311,,7,76,pauli_polynomial_steiner_gray_clifford,"[6, 5, 2, 1, 0, 4, 3]",329,296,56,103,224,5,103
3312,,7,76,pauli_polynomial_steiner_gray_clifford,"[3, 4, 5, 1, 0, 2, 6]",327,285,56,95,224,7,103
3313,,7,76,pauli_polynomial_steiner_gray_clifford,"[3, 4, 6, 1, 0, 2, 5]",345,306,57,109,230,5,99
3314,,7,76,pauli_polynomial_steiner_gray_clifford,"[3, 5, 4, 1, 0, 2, 6]",345,299,53,93,216,8,107
3315,,7,76,pauli_polynomial_steiner_gray_clifford,"[3, 6, 4, 1, 0, 2, 5]",334,286,54,103,222,5,103
3316,,7,76,pauli_polynomial_steiner_gray_clifford,"[3, 5, 6, 1, 0, 2, 4]",354,310,57,107,233,5,97
3317,,7,76,pauli_polynomial_steiner_gray_clifford,"[3, 6, 5, 1, 0, 2, 4]",356,308,57,103,233,4,97
3318,,7,76,pauli_polynomial_steiner_gray_clifford,"[4, 3, 5, 1, 0, 2, 6]",347,303,60,100,229,5,98
3319,,7,76,pauli_polynomial_steiner_gray_clifford,"[4, 3, 6, 1, 0, 2, 5]",346,305,58,114,217,4,103
3320,,7,76,pauli_polynomial_steiner_gray_clifford,"[5, 3, 4, 1, 0, 2, 6]",356,310,56,97,222,5,102
3321,,7,76,pauli_polynomial_steiner_gray_clifford,"[6, 3, 4, 1, 0, 2, 5]",335,297,55,105,218,4,104
3322,,7,76,pauli_polynomial_steiner_gray_clifford,"[5, 3, 6, 1, 0, 2, 4]",367,322,57,111,223,5,100
3323,,7,76,pauli_polynomial_steiner_gray_clifford,"[6, 3, 5, 1, 0, 2, 4]",343,300,58,105,231,5,97
3324,,7,76,pauli_polynomial_steiner_gray_clifford,"[4, 5, 3, 1, 0, 2, 6]",346,306,56,96,219,8,103
3325,,7,76,pauli_polynomial_steiner_gray_clifford,"[4, 6, 3, 1, 0, 2, 5]",360,321,57,116,225,5,99
3326,,7,76,pauli_polynomial_steiner_gray_clifford,"[5, 4, 3, 1, 0, 2, 6]",341,307,55,95,220,7,103
3327,,7,76,pauli_polynomial_steiner_gray_clifford,"[6, 4, 3, 1, 0, 2, 5]",354,312,57,113,234,5,96
3328,,7,76,pauli_polynomial_steiner_gray_clifford,"[5, 6, 3, 1, 0, 2, 4]",347,309,57,114,229,4,97
3329,,7,76,pauli_polynomial_steiner_gray_clifford,"[6, 5, 3, 1, 0, 2, 4]",365,324,58,112,237,5,94
3330,,7,76,pauli_polynomial_steiner_gray_clifford,"[4, 5, 6, 1, 0, 2, 3]",347,302,57,102,225,7,101
3331,,7,76,pauli_polynomial_steiner_gray_clifford,"[4, 6, 5, 1, 0, 2, 3]",338,297,60,108,243,5,92
3332,,7,76,pauli_polynomial_steiner_gray_clifford,"[5, 4, 6, 1, 0, 2, 3]",338,298,56,101,228,8,100
3333,,7,76,pauli_polynomial_steiner_gray_clifford,"[6, 4, 5, 1, 0, 2, 3]",322,285,57,105,236,8,97
3334,,7,76,pauli_polynomial_steiner_gray_clifford,"[5, 6, 4, 1, 0, 2, 3]",329,286,57,106,236,5,96
3335,,7,76,pauli_polynomial_steiner_gray_clifford,"[6, 5, 4, 1, 0, 2, 3]",322,285,55,104,226,7,102
3336,,7,76,pauli_polynomial_steiner_gray_clifford,"[3, 4, 5, 1, 0, 6, 2]",340,291,57,93,223,6,104
3337,,7,76,pauli_polynomial_steiner_gray_clifford,"[3, 4, 6, 1, 0, 5, 2]",338,292,59,105,235,3,98
3338,,7,76,pauli_polynomial_steiner_gray_clifford,"[3, 5, 4, 1, 0, 6, 2]",310,269,54,91,215,7,108
3339,,7,76,pauli_polynomial_steiner_gray_clifford,"[3, 6, 4, 1, 0, 5, 2]",337,292,56,99,227,3,102
3340,,7,76,pauli_polynomial_steiner_gray_clifford,"[3, 5, 6, 1, 0, 4, 2]",353,316,55,102,229,5,101
3341,,7,76,pauli_polynomial_steiner_gray_clifford,"[3, 6, 5, 1, 0, 4, 2]",339,292,55,98,229,4,101
3342,,7,76,pauli_polynomial_steiner_gray_clifford,"[4, 3, 5, 1, 0, 6, 2]",339,289,60,98,228,4,99
3343,,7,76,pauli_polynomial_steiner_gray_clifford,"[4, 3, 6, 1, 0, 5, 2]",337,295,61,110,222,2,102
3344,,7,76,pauli_polynomial_steiner_gray_clifford,"[5, 3, 4, 1, 0, 6, 2]",339,299,55,95,221,4,103
3345,,7,76,pauli_polynomial_steiner_gray_clifford,"[6, 3, 4, 1, 0, 5, 2]",337,281,57,101,223,2,103
3346,,7,76,pauli_polynomial_steiner_gray_clifford,"[5, 3, 6, 1, 0, 4, 2]",329,300,54,106,219,5,104
3347,,7,76,pauli_polynomial_steiner_gray_clifford,"[6, 3, 5, 1, 0, 4, 2]",361,319,55,100,227,5,101
3348,,7,76,pauli_polynomial_steiner_gray_clifford,"[4, 5, 3, 1, 0, 6, 2]",339,298,56,94,218,7,104
3349,,7,76,pauli_polynomial_steiner_gray_clifford,"[4, 6, 3, 1, 0, 5, 2]",355,321,60,112,230,3,98
3350,,7,76,pauli_polynomial_steiner_gray_clifford,"[5, 4, 3, 1, 0, 6, 2]",345,299,54,93,219,6,104
3351,,7,76,pauli_polynomial_steiner_gray_clifford,"[6, 4, 3, 1, 0, 5, 2]",355,324,59,109,239,3,95
3352,,7,76,pauli_polynomial_steiner_gray_clifford,"[5, 6, 3, 1, 0, 4, 2]",339,303,56,109,225,4,101
3353,,7,76,pauli_polynomial_steiner_gray_clifford,"[6, 5, 3, 1, 0, 4, 2]",341,296,57,107,233,5,98
3354,,7,76,pauli_polynomial_steiner_gray_clifford,"[4, 5, 6, 1, 0, 3, 2]",348,299,58,102,222,6,102
3355,,7,76,pauli_polynomial_steiner_gray_clifford,"[4, 6, 5, 1, 0, 3, 2]",347,306,61,108,240,4,93
3356,,7,76,pauli_polynomial_steiner_gray_clifford,"[5, 4, 6, 1, 0, 3, 2]",342,295,55,101,225,7,101
3357,,7,76,pauli_polynomial_steiner_gray_clifford,"[6, 4, 5, 1, 0, 3, 2]",334,292,58,105,233,7,98
3358,,7,76,pauli_polynomial_steiner_gray_clifford,"[5, 6, 4, 1, 0, 3, 2]",361,312,58,106,233,4,97
3359,,7,76,pauli_polynomial_steiner_gray_clifford,"[6, 5, 4, 1, 0, 3, 2]",332,303,58,104,223,6,103
3360,,7,76,pauli_polynomial_steiner_gray_clifford,"[2, 3, 4, 5, 0, 1, 6]",331,293,58,110,229,5,100
3361,,7,76,pauli_polynomial_steiner_gray_clifford,"[2, 3, 4, 6, 0, 1, 5]",342,304,59,123,241,4,93
3362,,7,76,pauli_polynomial_steiner_gray_clifford,"[2, 3, 5, 4, 0, 1, 6]",331,293,53,105,219,8,105
3363,,7,76,pauli_polynomial_steiner_gray_clifford,"[2, 3, 6, 4, 0, 1, 5]",352,309,56,117,229,5,99
3364,,7,76,pauli_polynomial_steiner_gray_clifford,"[2, 3, 5, 6, 0, 1, 4]",334,295,58,110,230,4,98
3365,,7,76,pauli_polynomial_steiner_gray_clifford,"[2, 3, 6, 5, 0, 1, 4]",321,288,60,109,228,2,99
3366,,7,76,pauli_polynomial_steiner_gray_clifford,"[2, 4, 3, 5, 0, 1, 6]",338,304,61,114,237,3,96
3367,,7,76,pauli_polynomial_steiner_gray_clifford,"[2, 4, 3, 6, 0, 1, 5]",362,309,60,127,231,3,98
3368,,7,76,pauli_polynomial_steiner_gray_clifford,"[2, 5, 3, 4, 0, 1, 6]",351,313,56,105,221,5,104
3369,,7,76,pauli_polynomial_steiner_gray_clifford,"[2, 6, 3, 4, 0, 1, 5]",342,296,57,114,217,4,105
3370,,7,76,pauli_polynomial_steiner_gray_clifford,"[2, 5, 3, 6, 0, 1, 4]",345,299,55,110,216,4,105
3371,,7,76,pauli_polynomial_steiner_gray_clifford,"[2, 6, 3, 5, 0, 1, 4]",335,295,57,106,218,3,104
3372,,7,76,pauli_polynomial_steiner_gray_clifford,"[2, 4, 5, 3, 0, 1, 6]",334,296,56,109,223,7,103
3373,,7,76,pauli_polynomial_steiner_gray_clifford,"[2, 4, 6, 3, 0, 1, 5]",355,320,59,125,233,4,97
3374,,7,76,pauli_polynomial_steiner_gray_clifford,"[2, 5, 4, 3, 0, 1, 6]",326,289,56,105,217,6,106
3375,,7,76,pauli_polynomial_steiner_gray_clifford,"[2, 6, 4, 3, 0, 1, 5]",334,291,59,118,231,4,98
3376,,7,76,pauli_polynomial_steiner_gray_clifford,"[2, 5, 6, 3, 0, 1, 4]",373,325,57,110,216,3,105
3377,,7,76,pauli_polynomial_steiner_gray_clifford,"[2, 6, 5, 3, 0, 1, 4]",332,293,57,107,220,4,103
3378,,7,76,pauli_polynomial_steiner_gray_clifford,"[2, 4, 5, 6, 0, 1, 3]",345,318,59,108,231,6,100
3379,,7,76,pauli_polynomial_steiner_gray_clifford,"[2, 4, 6, 5, 0, 1, 3]",357,314,63,111,247,3,92
3380,,7,76,pauli_polynomial_steiner_gray_clifford,"[2, 5, 4, 6, 0, 1, 3]",342,301,55,104,227,7,102
3381,,7,76,pauli_polynomial_steiner_gray_clifford,"[2, 6, 4, 5, 0, 1, 3]",334,291,57,104,229,6,101
3382,,7,76,pauli_polynomial_steiner_gray_clifford,"[2, 5, 6, 4, 0, 1, 3]",351,310,57,104,231,5,100
3383,,7,76,pauli_polynomial_steiner_gray_clifford,"[2, 6, 5, 4, 0, 1, 3]",334,291,55,101,217,7,107
3384,,7,76,pauli_polynomial_steiner_gray_clifford,"[3, 2, 4, 5, 0, 1, 6]",331,287,55,110,234,5,98
3385,,7,76,pauli_polynomial_steiner_gray_clifford,"[3, 2, 4, 6, 0, 1, 5]",338,302,60,123,246,4,91
3386,,7,76,pauli_polynomial_steiner_gray_clifford,"[3, 2, 5, 4, 0, 1, 6]",331,287,51,105,218,7,106
3387,,7,76,pauli_polynomial_steiner_gray_clifford,"[3, 2, 6, 4, 0, 1, 5]",328,283,57,117,232,5,98
3388,,7,76,pauli_polynomial_steiner_gray_clifford,"[3, 2, 5, 6, 0, 1, 4]",346,301,57,110,229,3,99
3389,,7,76,pauli_polynomial_steiner_gray_clifford,"[3, 2, 6, 5, 0, 1, 4]",336,287,58,109,231,2,98
3390,,7,76,pauli_polynomial_steiner_gray_clifford,"[4, 2, 3, 5, 0, 1, 6]",358,319,61,119,239,3,93
3391,,7,76,pauli_polynomial_steiner_gray_clifford,"[4, 2, 3, 6, 0, 1, 5]",334,299,58,132,233,3,95
3392,,7,76,pauli_polynomial_steiner_gray_clifford,"[5, 2, 3, 4, 0, 1, 6]",316,276,56,109,224,4,101
3393,,7,76,pauli_polynomial_steiner_gray_clifford,"[6, 2, 3, 4, 0, 1, 5]",349,302,58,116,228,4,99
3394,,7,76,pauli_polynomial_steiner_gray_clifford,"[5, 2, 3, 6, 0, 1, 4]",348,302,53,114,219,3,102
3395,,7,76,pauli_polynomial_steiner_gray_clifford,"[6, 2, 3, 5, 0, 1, 4]",328,287,58,108,229,3,98
3396,,7,76,pauli_polynomial_steiner_gray_clifford,"[4, 2, 5, 3, 0, 1, 6]",357,312,59,114,227,4,99
3397,,7,76,pauli_polynomial_steiner_gray_clifford,"[4, 2, 6, 3, 0, 1, 5]",361,318,58,130,223,3,100
3398,,7,76,pauli_polynomial_steiner_gray_clifford,"[5, 2, 4, 3, 0, 1, 6]",364,319,58,109,228,3,99
3399,,7,76,pauli_polynomial_steiner_gray_clifford,"[6, 2, 4, 3, 0, 1, 5]",333,292,61,120,232,3,97
3400,,7,76,pauli_polynomial_steiner_gray_clifford,"[5, 2, 6, 3, 0, 1, 4]",352,311,54,114,209,3,107
3401,,7,76,pauli_polynomial_steiner_gray_clifford,"[6, 2, 5, 3, 0, 1, 4]",335,297,58,109,217,4,104
3402,,7,76,pauli_polynomial_steiner_gray_clifford,"[4, 2, 5, 6, 0, 1, 3]",340,301,59,113,235,3,96
3403,,7,76,pauli_polynomial_steiner_gray_clifford,"[4, 2, 6, 5, 0, 1, 3]",364,317,61,116,237,2,95
3404,,7,76,pauli_polynomial_steiner_gray_clifford,"[5, 2, 4, 6, 0, 1, 3]",333,289,57,108,238,4,95
3405,,7,76,pauli_polynomial_steiner_gray_clifford,"[6, 2, 4, 5, 0, 1, 3]",337,291,55,106,230,5,100
3406,,7,76,pauli_polynomial_steiner_gray_clifford,"[5, 2, 6, 4, 0, 1, 3]",340,298,56,108,224,5,102
3407,,7,76,pauli_polynomial_steiner_gray_clifford,"[6, 2, 5, 4, 0, 1, 3]",337,291,52,103,214,7,108
3408,,7,76,pauli_polynomial_steiner_gray_clifford,"[3, 4, 2, 5, 0, 1, 6]",332,299,60,112,236,2,97
3409,,7,76,pauli_polynomial_steiner_gray_clifford,"[3, 4, 2, 6, 0, 1, 5]",360,315,63,125,234,3,97
3410,,7,76,pauli_polynomial_steiner_gray_clifford,"[3, 5, 2, 4, 0, 1, 6]",318,280,55,105,226,5,102
3411,,7,76,pauli_polynomial_steiner_gray_clifford,"[3, 6, 2, 4, 0, 1, 5]",337,293,58,113,222,4,103
3412,,7,76,pauli_polynomial_steiner_gray_clifford,"[3, 5, 2, 6, 0, 1, 4]",355,308,57,110,219,4,104
3413,,7,76,pauli_polynomial_steiner_gray_clifford,"[3, 6, 2, 5, 0, 1, 4]",337,301,57,105,217,2,105
3414,,7,76,pauli_polynomial_steiner_gray_clifford,"[4, 3, 2, 5, 0, 1, 6]",357,307,63,117,233,2,96
3415,,7,76,pauli_polynomial_steiner_gray_clifford,"[4, 3, 2, 6, 0, 1, 5]",361,317,60,130,231,3,96
3416,,7,76,pauli_polynomial_steiner_gray_clifford,"[5, 3, 2, 4, 0, 1, 6]",343,303,57,109,230,5,98
3417,,7,76,pauli_polynomial_steiner_gray_clifford,"[6, 3, 2, 4, 0, 1, 5]",330,282,58,115,230,4,98
3418,,7,76,pauli_polynomial_steiner_gray_clifford,"[5, 3, 2, 6, 0, 1, 4]",351,315,56,114,223,4,100
3419,,7,76,pauli_polynomial_steiner_gray_clifford,"[6, 3, 2, 5, 0, 1, 4]",343,294,60,107,225,2,100
3420,,7,76,pauli_polynomial_steiner_gray_clifford,"[4, 5, 2, 3, 0, 1, 6]",376,332,58,108,219,6,103
3421,,7,76,pauli_polynomial_steiner_gray_clifford,"[4, 6, 2, 3, 0, 1, 5]",345,302,59,130,233,4,95
3422,,7,76,pauli_polynomial_steiner_gray_clifford,"[5, 4, 2, 3, 0, 1, 6]",358,315,57,107,226,6,100
3423,,7,76,pauli_polynomial_steiner_gray_clifford,"[6, 4, 2, 3, 0, 1, 5]",335,290,62,127,244,4,91
3424,,7,76,pauli_polynomial_steiner_gray_clifford,"[5, 6, 2, 3, 0, 1, 4]",349,307,57,117,223,3,100
3425,,7,76,pauli_polynomial_steiner_gray_clifford,"[6, 5, 2, 3, 0, 1, 4]",370,330,61,115,227,3,99
3426,,7,76,pauli_polynomial_steiner_gray_clifford,"[4, 5, 2, 6, 0, 1, 3]",349,310,56,107,217,6,105
3427,,7,76,pauli_polynomial_steiner_gray_clifford,"[4, 6, 2, 5, 0, 1, 3]",378,329,60,116,233,3,97
3428,,7,76,pauli_polynomial_steiner_gray_clifford,"[5, 4, 2, 6, 0, 1, 3]",365,322,58,106,224,6,102
3429,,7,76,pauli_polynomial_steiner_gray_clifford,"[6, 4, 2, 5, 0, 1, 3]",331,285,60,113,244,3,93
3430,,7,76,pauli_polynomial_steiner_gray_clifford,"[5, 6, 2, 4, 0, 1, 3]",331,293,59,111,228,4,100
3431,,7,76,pauli_polynomial_steiner_gray_clifford,"[6, 5, 2, 4, 0, 1, 3]",316,281,57,109,232,4,99
3432,,7,76,pauli_polynomial_steiner_gray_clifford,"[3, 4, 5, 2, 0, 1, 6]",328,295,56,104,220,7,105
3433,,7,76,pauli_polynomial_steiner_gray_clifford,"[3, 4, 6, 2, 0, 1, 5]",350,311,62,122,234,5,97
3434,,7,76,pauli_polynomial_steiner_gray_clifford,"[3, 5, 4, 2, 0, 1, 6]",341,303,55,102,226,8,102
3435,,7,76,pauli_polynomial_steiner_gray_clifford,"[3, 6, 4, 2, 0, 1, 5]",346,300,60,116,236,5,96
3436,,7,76,pauli_polynomial_steiner_gray_clifford,"[3, 5, 6, 2, 0, 1, 4]",363,314,56,109,223,5,102
3437,,7,76,pauli_polynomial_steiner_gray_clifford,"[3, 6, 5, 2, 0, 1, 4]",325,287,55,105,219,4,104
3438,,7,76,pauli_polynomial_steiner_gray_clifford,"[4, 3, 5, 2, 0, 1, 6]",371,330,61,109,225,5,100
3439,,7,76,pauli_polynomial_steiner_gray_clifford,"[4, 3, 6, 2, 0, 1, 5]",338,295,60,127,221,4,101
3440,,7,76,pauli_polynomial_steiner_gray_clifford,"[5, 3, 4, 2, 0, 1, 6]",354,310,60,106,232,5,97
3441,,7,76,pauli_polynomial_steiner_gray_clifford,"[6, 3, 4, 2, 0, 1, 5]",333,290,61,118,232,4,97
3442,,7,76,pauli_polynomial_steiner_gray_clifford,"[5, 3, 6, 2, 0, 1, 4]",355,310,55,113,213,5,105
3443,,7,76,pauli_polynomial_steiner_gray_clifford,"[6, 3, 5, 2, 0, 1, 4]",323,275,57,107,217,5,104
3444,,7,76,pauli_polynomial_steiner_gray_clifford,"[4, 5, 3, 2, 0, 1, 6]",342,298,58,105,223,8,101
3445,,7,76,pauli_polynomial_steiner_gray_clifford,"[4, 6, 3, 2, 0, 1, 5]",359,318,59,129,233,5,95
3446,,7,76,pauli_polynomial_steiner_gray_clifford,"[5, 4, 3, 2, 0, 1, 6]",361,319,58,104,224,7,101
3447,,7,76,pauli_polynomial_steiner_gray_clifford,"[6, 4, 3, 2, 0, 1, 5]",353,304,62,126,242,5,92
3448,,7,76,pauli_polynomial_steiner_gray_clifford,"[5, 6, 3, 2, 0, 1, 4]",346,307,55,116,223,4,100
3449,,7,76,pauli_polynomial_steiner_gray_clifford,"[6, 5, 3, 2, 0, 1, 4]",362,318,58,114,231,5,97
3450,,7,76,pauli_polynomial_steiner_gray_clifford,"[4, 5, 6, 2, 0, 1, 3]",353,312,57,107,221,7,103
3451,,7,76,pauli_polynomial_steiner_gray_clifford,"[4, 6, 5, 2, 0, 1, 3]",322,284,59,113,235,5,96
3452,,7,76,pauli_polynomial_steiner_gray_clifford,"[5, 4, 6, 2, 0, 1, 3]",338,295,58,106,224,8,102
3453,,7,76,pauli_polynomial_steiner_gray_clifford,"[6, 4, 5, 2, 0, 1, 3]",383,340,56,110,228,8,101
3454,,7,76,pauli_polynomial_steiner_gray_clifford,"[5, 6, 4, 2, 0, 1, 3]",366,328,60,111,242,5,93
3455,,7,76,pauli_polynomial_steiner_gray_clifford,"[6, 5, 4, 2, 0, 1, 3]",352,300,56,109,232,7,99
3456,,7,76,pauli_polynomial_steiner_gray_clifford,"[3, 4, 5, 6, 0, 1, 2]",338,293,57,95,223,7,104
3457,,7,76,pauli_polynomial_steiner_gray_clifford,"[3, 4, 6, 5, 0, 1, 2]",365,323,60,100,239,4,96
3458,,7,76,pauli_polynomial_steiner_gray_clifford,"[3, 5, 4, 6, 0, 1, 2]",332,290,54,93,225,9,103
3459,,7,76,pauli_polynomial_steiner_gray_clifford,"[3, 6, 4, 5, 0, 1, 2]",332,288,54,94,223,7,104
3460,,7,76,pauli_polynomial_steiner_gray_clifford,"[3, 5, 6, 4, 0, 1, 2]",354,305,53,95,229,7,101
3461,,7,76,pauli_polynomial_steiner_gray_clifford,"[3, 6, 5, 4, 0, 1, 2]",332,288,50,91,211,8,110
3462,,7,76,pauli_polynomial_steiner_gray_clifford,"[4, 3, 5, 6, 0, 1, 2]",340,309,58,100,228,5,99
3463,,7,76,pauli_polynomial_steiner_gray_clifford,"[4, 3, 6, 5, 0, 1, 2]",345,291,60,105,226,3,100
3464,,7,76,pauli_polynomial_steiner_gray_clifford,"[5, 3, 4, 6, 0, 1, 2]",343,303,55,97,231,6,98
3465,,7,76,pauli_polynomial_steiner_gray_clifford,"[6, 3, 4, 5, 0, 1, 2]",333,288,55,96,219,6,105
3466,,7,76,pauli_polynomial_steiner_gray_clifford,"[5, 3, 6, 4, 0, 1, 2]",361,317,51,99,219,7,104
3467,,7,76,pauli_polynomial_steiner_gray_clifford,"[6, 3, 5, 4, 0, 1, 2]",333,288,49,93,209,9,110
3468,,7,76,pauli_polynomial_steiner_gray_clifford,"[4, 5, 3, 6, 0, 1, 2]",362,313,53,96,212,8,107
3469,,7,76,pauli_polynomial_steiner_gray_clifford,"[4, 6, 3, 5, 0, 1, 2]",332,288,57,107,228,5,99
3470,,7,76,pauli_polynomial_steiner_gray_clifford,"[5, 4, 3, 6, 0, 1, 2]",357,317,53,95,213,7,107
3471,,7,76,pauli_polynomial_steiner_gray_clifford,"[6, 4, 3, 5, 0, 1, 2]",369,315,58,104,237,5,96
3472,,7,76,pauli_polynomial_steiner_gray_clifford,"[5, 6, 3, 4, 0, 1, 2]",331,296,53,102,217,5,105
3473,,7,76,pauli_polynomial_steiner_gray_clifford,"[6, 5, 3, 4, 0, 1, 2]",337,289,54,100,225,6,102
3474,,7,76,pauli_polynomial_steiner_gray_clifford,"[4, 5, 6, 3, 0, 1, 2]",372,322,54,99,212,7,107
3475,,7,76,pauli_polynomial_steiner_gray_clifford,"[4, 6, 5, 3, 0, 1, 2]",336,300,56,105,230,6,98
3476,,7,76,pauli_polynomial_steiner_gray_clifford,"[5, 4, 6, 3, 0, 1, 2]",342,299,52,98,215,8,106
3477,,7,76,pauli_polynomial_steiner_gray_clifford,"[6, 4, 5, 3, 0, 1, 2]",352,307,54,102,223,9,103
3478,,7,76,pauli_polynomial_steiner_gray_clifford,"[5, 6, 4, 3, 0, 1, 2]",349,312,56,103,231,5,98
3479,,7,76,pauli_polynomial_steiner_gray_clifford,"[6, 5, 4, 3, 0, 1, 2]",329,296,56,101,221,7,104
3480,,7,76,pauli_polynomial_steiner_gray_clifford,"[2, 3, 4, 5, 0, 6, 1]",336,295,60,117,228,5,97
3481,,7,76,pauli_polynomial_steiner_gray_clifford,"[2, 3, 4, 6, 0, 5, 1]",355,307,64,128,246,3,88
3482,,7,76,pauli_polynomial_steiner_gray_clifford,"[2, 3, 5, 4, 0, 6, 1]",368,323,56,112,218,8,102
3483,,7,76,pauli_polynomial_steiner_gray_clifford,"[2, 3, 6, 4, 0, 5, 1]",353,314,61,122,234,4,94
3484,,7,76,pauli_polynomial_steiner_gray_clifford,"[2, 3, 5, 6, 0, 4, 1]",353,307,58,114,226,5,98
3485,,7,76,pauli_polynomial_steiner_gray_clifford,"[2, 3, 6, 5, 0, 4, 1]",340,301,59,113,224,3,99
3486,,7,76,pauli_polynomial_steiner_gray_clifford,"[2, 4, 3, 5, 0, 6, 1]",354,307,62,121,236,3,93
3487,,7,76,pauli_polynomial_steiner_gray_clifford,"[2, 4, 3, 6, 0, 5, 1]",328,289,64,132,236,2,93
3488,,7,76,pauli_polynomial_steiner_gray_clifford,"[2, 5, 3, 4, 0, 6, 1]",353,316,57,112,220,5,101
3489,,7,76,pauli_polynomial_steiner_gray_clifford,"[2, 6, 3, 4, 0, 5, 1]",349,306,60,119,222,3,100
3490,,7,76,pauli_polynomial_steiner_gray_clifford,"[2, 5, 3, 6, 0, 4, 1]",351,313,55,114,212,5,105
3491,,7,76,pauli_polynomial_steiner_gray_clifford,"[2, 6, 3, 5, 0, 4, 1]",328,280,56,110,214,4,104
3492,,7,76,pauli_polynomial_steiner_gray_clifford,"[2, 4, 5, 3, 0, 6, 1]",350,312,56,116,222,7,100
3493,,7,76,pauli_polynomial_steiner_gray_clifford,"[2, 4, 6, 3, 0, 5, 1]",353,313,62,130,238,3,92
3494,,7,76,pauli_polynomial_steiner_gray_clifford,"[2, 5, 4, 3, 0, 6, 1]",351,313,55,112,216,6,103
3495,,7,76,pauli_polynomial_steiner_gray_clifford,"[2, 6, 4, 3, 0, 5, 1]",340,300,61,123,236,3,93
3496,,7,76,pauli_polynomial_steiner_gray_clifford,"[2, 5, 6, 3, 0, 4, 1]",338,289,56,114,212,4,105
3497,,7,76,pauli_polynomial_steiner_gray_clifford,"[2, 6, 5, 3, 0, 4, 1]",342,297,56,111,216,5,103
3498,,7,76,pauli_polynomial_steiner_gray_clifford,"[2, 4, 5, 6, 0, 3, 1]",333,294,59,117,228,6,97
3499,,7,76,pauli_polynomial_steiner_gray_clifford,"[2, 4, 6, 5, 0, 3, 1]",365,314,63,120,244,3,89
3500,,7,76,pauli_polynomial_steiner_gray_clifford,"[2, 5, 4, 6, 0, 3, 1]",358,326,56,113,224,7,99
3501,,7,76,pauli_polynomial_steiner_gray_clifford,"[2, 6, 4, 5, 0, 3, 1]",331,286,58,113,226,6,98
3502,,7,76,pauli_polynomial_steiner_gray_clifford,"[2, 5, 6, 4, 0, 3, 1]",337,298,59,113,228,5,97
3503,,7,76,pauli_polynomial_steiner_gray_clifford,"[2, 6, 5, 4, 0, 3, 1]",348,307,57,110,214,7,104
3504,,7,76,pauli_polynomial_steiner_gray_clifford,"[3, 2, 4, 5, 0, 6, 1]",350,315,57,117,233,5,95
3505,,7,76,pauli_polynomial_steiner_gray_clifford,"[3, 2, 4, 6, 0, 5, 1]",346,299,63,128,251,3,86
3506,,7,76,pauli_polynomial_steiner_gray_clifford,"[3, 2, 5, 4, 0, 6, 1]",344,302,54,112,217,7,103
3507,,7,76,pauli_polynomial_steiner_gray_clifford,"[3, 2, 6, 4, 0, 5, 1]",344,297,60,122,237,4,93
3508,,7,76,pauli_polynomial_steiner_gray_clifford,"[3, 2, 5, 6, 0, 4, 1]",355,314,57,114,225,4,99
3509,,7,76,pauli_polynomial_steiner_gray_clifford,"[3, 2, 6, 5, 0, 4, 1]",343,302,57,113,227,3,98
3510,,7,76,pauli_polynomial_steiner_gray_clifford,"[4, 2, 3, 5, 0, 6, 1]",364,317,61,126,238,3,90
3511,,7,76,pauli_polynomial_steiner_gray_clifford,"[4, 2, 3, 6, 0, 5, 1]",344,307,61,137,238,2,90
3512,,7,76,pauli_polynomial_steiner_gray_clifford,"[5, 2, 3, 4, 0, 6, 1]",361,323,57,116,223,4,98
3513,,7,76,pauli_polynomial_steiner_gray_clifford,"[6, 2, 3, 4, 0, 5, 1]",358,315,60,121,233,3,94
3514,,7,76,pauli_polynomial_steiner_gray_clifford,"[5, 2, 3, 6, 0, 4, 1]",351,313,54,118,215,4,102
3515,,7,76,pauli_polynomial_steiner_gray_clifford,"[6, 2, 3, 5, 0, 4, 1]",350,305,57,112,225,4,98
3516,,7,76,pauli_polynomial_steiner_gray_clifford,"[4, 2, 5, 3, 0, 6, 1]",372,324,58,121,226,4,96
3517,,7,76,pauli_polynomial_steiner_gray_clifford,"[4, 2, 6, 3, 0, 5, 1]",337,305,60,135,228,2,95
3518,,7,76,pauli_polynomial_steiner_gray_clifford,"[5, 2, 4, 3, 0, 6, 1]",343,309,57,116,227,3,96
3519,,7,76,pauli_polynomial_steiner_gray_clifford,"[6, 2, 4, 3, 0, 5, 1]",338,302,62,125,237,2,92
3520,,7,76,pauli_polynomial_steiner_gray_clifford,"[5, 2, 6, 3, 0, 4, 1]",341,305,54,118,205,4,107
3521,,7,76,pauli_polynomial_steiner_gray_clifford,"[6, 2, 5, 3, 0, 4, 1]",352,315,57,113,213,5,104
3522,,7,76,pauli_polynomial_steiner_gray_clifford,"[4, 2, 5, 6, 0, 3, 1]",346,307,59,122,232,3,93
3523,,7,76,pauli_polynomial_steiner_gray_clifford,"[4, 2, 6, 5, 0, 3, 1]",352,304,61,125,234,2,92
3524,,7,76,pauli_polynomial_steiner_gray_clifford,"[5, 2, 4, 6, 0, 3, 1]",340,306,58,117,235,4,92
3525,,7,76,pauli_polynomial_steiner_gray_clifford,"[6, 2, 4, 5, 0, 3, 1]",362,310,57,115,227,5,97
3526,,7,76,pauli_polynomial_steiner_gray_clifford,"[5, 2, 6, 4, 0, 3, 1]",322,284,58,117,221,5,99
3527,,7,76,pauli_polynomial_steiner_gray_clifford,"[6, 2, 5, 4, 0, 3, 1]",339,297,55,112,211,7,105
3528,,7,76,pauli_polynomial_steiner_gray_clifford,"[3, 4, 2, 5, 0, 6, 1]",355,311,59,119,235,2,94
3529,,7,76,pauli_polynomial_steiner_gray_clifford,"[3, 4, 2, 6, 0, 5, 1]",355,310,63,130,239,2,92
3530,,7,76,pauli_polynomial_steiner_gray_clifford,"[3, 5, 2, 4, 0, 6, 1]",334,295,57,112,225,5,99
3531,,7,76,pauli_polynomial_steiner_gray_clifford,"[3, 6, 2, 4, 0, 5, 1]",306,266,59,118,227,3,98
3532,,7,76,pauli_polynomial_steiner_gray_clifford,"[3, 5, 2, 6, 0, 4, 1]",349,307,56,114,215,5,104
3533,,7,76,pauli_polynomial_steiner_gray_clifford,"[3, 6, 2, 5, 0, 4, 1]",337,295,54,109,213,3,105
3534,,7,76,pauli_polynomial_steiner_gray_clifford,"[4, 3, 2, 5, 0, 6, 1]",355,311,61,124,232,2,93
3535,,7,76,pauli_polynomial_steiner_gray_clifford,"[4, 3, 2, 6, 0, 5, 1]",361,319,61,135,236,2,91
3536,,7,76,pauli_polynomial_steiner_gray_clifford,"[5, 3, 2, 4, 0, 6, 1]",352,309,59,116,229,5,95
3537,,7,76,pauli_polynomial_steiner_gray_clifford,"[6, 3, 2, 4, 0, 5, 1]",331,293,60,120,235,3,93
3538,,7,76,pauli_polynomial_steiner_gray_clifford,"[5, 3, 2, 6, 0, 4, 1]",359,313,56,118,219,5,100
3539,,7,76,pauli_polynomial_steiner_gray_clifford,"[6, 3, 2, 5, 0, 4, 1]",339,290,57,111,221,3,100
3540,,7,76,pauli_polynomial_steiner_gray_clifford,"[4, 5, 2, 3, 0, 6, 1]",351,309,54,115,218,6,100
3541,,7,76,pauli_polynomial_steiner_gray_clifford,"[4, 6, 2, 3, 0, 5, 1]",364,325,60,135,238,3,90
3542,,7,76,pauli_polynomial_steiner_gray_clifford,"[5, 4, 2, 3, 0, 6, 1]",365,321,54,114,225,6,97
3543,,7,76,pauli_polynomial_steiner_gray_clifford,"[6, 4, 2, 3, 0, 5, 1]",361,320,63,132,249,3,86
3544,,7,76,pauli_polynomial_steiner_gray_clifford,"[5, 6, 2, 3, 0, 4, 1]",349,318,56,121,219,4,100
3545,,7,76,pauli_polynomial_steiner_gray_clifford,"[6, 5, 2, 3, 0, 4, 1]",335,297,59,119,223,4,99
3546,,7,76,pauli_polynomial_steiner_gray_clifford,"[4, 5, 2, 6, 0, 3, 1]",342,304,53,116,214,6,102
3547,,7,76,pauli_polynomial_steiner_gray_clifford,"[4, 6, 2, 5, 0, 3, 1]",366,331,59,125,230,3,94
3548,,7,76,pauli_polynomial_steiner_gray_clifford,"[5, 4, 2, 6, 0, 3, 1]",350,308,55,115,221,6,99
3549,,7,76,pauli_polynomial_steiner_gray_clifford,"[6, 4, 2, 5, 0, 3, 1]",356,316,60,122,241,3,90
3550,,7,76,pauli_polynomial_steiner_gray_clifford,"[5, 6, 2, 4, 0, 3, 1]",377,330,60,120,225,4,97
3551,,7,76,pauli_polynomial_steiner_gray_clifford,"[6, 5, 2, 4, 0, 3, 1]",349,308,59,118,229,4,96
3552,,7,76,pauli_polynomial_steiner_gray_clifford,"[3, 4, 5, 2, 0, 6, 1]",350,308,55,111,219,7,102
3553,,7,76,pauli_polynomial_steiner_gray_clifford,"[3, 4, 6, 2, 0, 5, 1]",339,304,61,127,239,4,92
3554,,7,76,pauli_polynomial_steiner_gray_clifford,"[3, 5, 4, 2, 0, 6, 1]",338,300,56,109,225,8,99
3555,,7,76,pauli_polynomial_steiner_gray_clifford,"[3, 6, 4, 2, 0, 5, 1]",337,298,60,121,241,4,91
3556,,7,76,pauli_polynomial_steiner_gray_clifford,"[3, 5, 6, 2, 0, 4, 1]",363,311,55,113,219,6,102
3557,,7,76,pauli_polynomial_steiner_gray_clifford,"[3, 6, 5, 2, 0, 4, 1]",343,300,53,109,215,5,104
3558,,7,76,pauli_polynomial_steiner_gray_clifford,"[4, 3, 5, 2, 0, 6, 1]",339,295,59,116,224,5,97
3559,,7,76,pauli_polynomial_steiner_gray_clifford,"[4, 3, 6, 2, 0, 5, 1]",369,333,60,132,226,3,96
3560,,7,76,pauli_polynomial_steiner_gray_clifford,"[5, 3, 4, 2, 0, 6, 1]",329,296,61,113,231,5,94
3561,,7,76,pauli_polynomial_steiner_gray_clifford,"[6, 3, 4, 2, 0, 5, 1]",334,293,62,123,237,3,92
3562,,7,76,pauli_polynomial_steiner_gray_clifford,"[5, 3, 6, 2, 0, 4, 1]",349,312,55,117,209,6,105
3563,,7,76,pauli_polynomial_steiner_gray_clifford,"[6, 3, 5, 2, 0, 4, 1]",352,313,55,111,213,6,104
3564,,7,76,pauli_polynomial_steiner_gray_clifford,"[4, 5, 3, 2, 0, 6, 1]",355,315,55,112,222,8,98
3565,,7,76,pauli_polynomial_steiner_gray_clifford,"[4, 6, 3, 2, 0, 5, 1]",336,303,60,134,238,4,90
3566,,7,76,pauli_polynomial_steiner_gray_clifford,"[5, 4, 3, 2, 0, 6, 1]",339,307,56,111,223,7,98
3567,,7,76,pauli_polynomial_steiner_gray_clifford,"[6, 4, 3, 2, 0, 5, 1]",360,318,63,131,247,4,87
3568,,7,76,pauli_polynomial_steiner_gray_clifford,"[5, 6, 3, 2, 0, 4, 1]",346,304,55,120,219,5,100
3569,,7,76,pauli_polynomial_steiner_gray_clifford,"[6, 5, 3, 2, 0, 4, 1]",339,297,57,118,227,6,97
3570,,7,76,pauli_polynomial_steiner_gray_clifford,"[4, 5, 6, 2, 0, 3, 1]",341,303,55,116,218,7,100
3571,,7,76,pauli_polynomial_steiner_gray_clifford,"[4, 6, 5, 2, 0, 3, 1]",366,326,59,122,232,5,93
3572,,7,76,pauli_polynomial_steiner_gray_clifford,"[5, 4, 6, 2, 0, 3, 1]",344,300,56,115,221,8,99
3573,,7,76,pauli_polynomial_steiner_gray_clifford,"[6, 4, 5, 2, 0, 3, 1]",338,297,57,119,225,8,98
3574,,7,76,pauli_polynomial_steiner_gray_clifford,"[5, 6, 4, 2, 0, 3, 1]",353,311,61,120,239,5,90
3575,,7,76,pauli_polynomial_steiner_gray_clifford,"[6, 5, 4, 2, 0, 3, 1]",355,310,58,118,229,7,96
3576,,7,76,pauli_polynomial_steiner_gray_clifford,"[3, 4, 5, 6, 0, 2, 1]",343,298,55,104,223,8,100
3577,,7,76,pauli_polynomial_steiner_gray_clifford,"[3, 4, 6, 5, 0, 2, 1]",335,299,57,109,239,5,92
3578,,7,76,pauli_polynomial_steiner_gray_clifford,"[3, 5, 4, 6, 0, 2, 1]",346,307,54,102,225,10,99
3579,,7,76,pauli_polynomial_steiner_gray_clifford,"[3, 6, 4, 5, 0, 2, 1]",362,318,52,103,223,8,100
3580,,7,76,pauli_polynomial_steiner_gray_clifford,"[3, 5, 6, 4, 0, 2, 1]",337,293,54,104,229,8,97
3581,,7,76,pauli_polynomial_steiner_gray_clifford,"[3, 6, 5, 4, 0, 2, 1]",328,291,50,100,211,9,106
3582,,7,76,pauli_polynomial_steiner_gray_clifford,"[4, 3, 5, 6, 0, 2, 1]",358,314,56,109,228,6,95
3583,,7,76,pauli_polynomial_steiner_gray_clifford,"[4, 3, 6, 5, 0, 2, 1]",346,307,57,114,226,4,96
3584,,7,76,pauli_polynomial_steiner_gray_clifford,"[5, 3, 4, 6, 0, 2, 1]",369,328,57,106,231,7,94
3585,,7,76,pauli_polynomial_steiner_gray_clifford,"[6, 3, 4, 5, 0, 2, 1]",352,311,54,105,219,7,101
3586,,7,76,pauli_polynomial_steiner_gray_clifford,"[5, 3, 6, 4, 0, 2, 1]",339,291,54,108,219,8,100
3587,,7,76,pauli_polynomial_steiner_gray_clifford,"[6, 3, 5, 4, 0, 2, 1]",325,280,50,102,209,10,106
3588,,7,76,pauli_polynomial_steiner_gray_clifford,"[4, 5, 3, 6, 0, 2, 1]",364,314,50,105,212,9,103
3589,,7,76,pauli_polynomial_steiner_gray_clifford,"[4, 6, 3, 5, 0, 2, 1]",326,288,55,116,228,6,95
3590,,7,76,pauli_polynomial_steiner_gray_clifford,"[5, 4, 3, 6, 0, 2, 1]",323,283,52,104,213,8,103
3591,,7,76,pauli_polynomial_steiner_gray_clifford,"[6, 4, 3, 5, 0, 2, 1]",349,310,57,113,237,6,92
3592,,7,76,pauli_polynomial_steiner_gray_clifford,"[5, 6, 3, 4, 0, 2, 1]",346,308,54,111,217,6,101
3593,,7,76,pauli_polynomial_steiner_gray_clifford,"[6, 5, 3, 4, 0, 2, 1]",342,305,54,109,225,7,98
3594,,7,76,pauli_polynomial_steiner_gray_clifford,"[4, 5, 6, 3, 0, 2, 1]",348,312,51,108,212,8,103
3595,,7,76,pauli_polynomial_steiner_gray_clifford,"[4, 6, 5, 3, 0, 2, 1]",371,325,55,114,230,7,94
3596,,7,76,pauli_polynomial_steiner_gray_clifford,"[5, 4, 6, 3, 0, 2, 1]",339,310,51,107,215,9,102
3597,,7,76,pauli_polynomial_steiner_gray_clifford,"[6, 4, 5, 3, 0, 2, 1]",326,295,54,111,223,10,99
3598,,7,76,pauli_polynomial_steiner_gray_clifford,"[5, 6, 4, 3, 0, 2, 1]",342,303,56,112,231,6,94
3599,,7,76,pauli_polynomial_steiner_gray_clifford,"[6, 5, 4, 3, 0, 2, 1]",334,294,55,110,221,8,100
3600,,7,76,pauli_polynomial_steiner_gray_clifford,"[1, 2, 3, 4, 5, 0, 6]",369,321,60,115,229,6,96
3601,,7,76,pauli_polynomial_steiner_gray_clifford,"[1, 2, 3, 4, 6, 0, 5]",372,327,62,122,239,4,90
3602,,7,76,pauli_polynomial_steiner_gray_clifford,"[1, 2, 3, 5, 4, 0, 6]",357,314,56,111,219,9,101
3603,,7,76,pauli_polynomial_steiner_gray_clifford,"[1, 2, 3, 6, 4, 0, 5]",357,309,59,115,227,5,96
3604,,7,76,pauli_polynomial_steiner_gray_clifford,"[1, 2, 3, 5, 6, 0, 4]",362,315,58,113,226,6,96
3605,,7,76,pauli_polynomial_steiner_gray_clifford,"[1, 2, 3, 6, 5, 0, 4]",351,309,59,110,224,4,97
3606,,7,76,pauli_polynomial_steiner_gray_clifford,"[1, 2, 4, 3, 5, 0, 6]",357,321,62,117,237,4,92
3607,,7,76,pauli_polynomial_steiner_gray_clifford,"[1, 2, 4, 3, 6, 0, 5]",335,297,62,124,229,3,95
3608,,7,76,pauli_polynomial_steiner_gray_clifford,"[1, 2, 5, 3, 4, 0, 6]",358,315,58,111,221,6,100
3609,,7,76,pauli_polynomial_steiner_gray_clifford,"[1, 2, 6, 3, 4, 0, 5]",359,310,56,110,215,4,102
3610,,7,76,pauli_polynomial_steiner_gray_clifford,"[1, 2, 5, 3, 6, 0, 4]",346,305,56,113,212,6,103
3611,,7,76,pauli_polynomial_steiner_gray_clifford,"[1, 2, 6, 3, 5, 0, 4]",377,332,54,105,214,5,102
3612,,7,76,pauli_polynomial_steiner_gray_clifford,"[1, 2, 4, 5, 3, 0, 6]",353,301,55,111,223,8,99
3613,,7,76,pauli_polynomial_steiner_gray_clifford,"[1, 2, 4, 6, 3, 0, 5]",333,305,60,120,231,4,94
3614,,7,76,pauli_polynomial_steiner_gray_clifford,"[1, 2, 5, 4, 3, 0, 6]",353,310,55,109,217,7,102
3615,,7,76,pauli_polynomial_steiner_gray_clifford,"[1, 2, 6, 4, 3, 0, 5]",338,299,57,113,229,4,95
3616,,7,76,pauli_polynomial_steiner_gray_clifford,"[1, 2, 5, 6, 3, 0, 4]",352,314,56,110,212,5,103
3617,,7,76,pauli_polynomial_steiner_gray_clifford,"[1, 2, 6, 5, 3, 0, 4]",340,293,53,105,216,6,101
3618,,7,76,pauli_polynomial_steiner_gray_clifford,"[1, 2, 4, 5, 6, 0, 3]",363,317,55,107,225,7,99
3619,,7,76,pauli_polynomial_steiner_gray_clifford,"[1, 2, 4, 6, 5, 0, 3]",346,303,60,109,241,4,91
3620,,7,76,pauli_polynomial_steiner_gray_clifford,"[1, 2, 5, 4, 6, 0, 3]",334,305,53,105,221,8,101
3621,,7,76,pauli_polynomial_steiner_gray_clifford,"[1, 2, 6, 4, 5, 0, 3]",353,312,53,102,223,7,100
3622,,7,76,pauli_polynomial_steiner_gray_clifford,"[1, 2, 5, 6, 4, 0, 3]",329,291,56,104,225,6,99
3623,,7,76,pauli_polynomial_steiner_gray_clifford,"[1, 2, 6, 5, 4, 0, 3]",341,299,51,99,211,8,106
3624,,7,76,pauli_polynomial_steiner_gray_clifford,"[1, 3, 2, 4, 5, 0, 6]",378,336,59,118,237,5,92
3625,,7,76,pauli_polynomial_steiner_gray_clifford,"[1, 3, 2, 4, 6, 0, 5]",371,329,63,125,247,3,86
3626,,7,76,pauli_polynomial_steiner_gray_clifford,"[1, 3, 2, 5, 4, 0, 6]",341,305,56,114,221,7,100
3627,,7,76,pauli_polynomial_steiner_gray_clifford,"[1, 3, 2, 6, 4, 0, 5]",345,311,60,118,233,4,93
3628,,7,76,pauli_polynomial_steiner_gray_clifford,"[1, 3, 2, 5, 6, 0, 4]",354,304,59,116,228,4,95
3629,,7,76,pauli_polynomial_steiner_gray_clifford,"[1, 3, 2, 6, 5, 0, 4]",344,303,59,113,230,3,94
3630,,7,76,pauli_polynomial_steiner_gray_clifford,"[1, 4, 2, 3, 5, 0, 6]",352,306,63,121,239,3,91
3631,,7,76,pauli_polynomial_steiner_gray_clifford,"[1, 4, 2, 3, 6, 0, 5]",371,337,61,128,231,2,94
3632,,7,76,pauli_polynomial_steiner_gray_clifford,"[1, 5, 2, 3, 4, 0, 6]",343,298,60,118,231,4,95
3633,,7,76,pauli_polynomial_steiner_gray_clifford,"[1, 6, 2, 3, 4, 0, 5]",351,309,57,112,225,3,97
3634,,7,76,pauli_polynomial_steiner_gray_clifford,"[1, 5, 2, 3, 6, 0, 4]",368,319,57,120,222,4,98
3635,,7,76,pauli_polynomial_steiner_gray_clifford,"[1, 6, 2, 3, 5, 0, 4]",348,306,56,107,224,4,97
3636,,7,76,pauli_polynomial_steiner_gray_clifford,"[1, 4, 2, 5, 3, 0, 6]",332,287,59,115,227,4,97
3637,,7,76,pauli_polynomial_steiner_gray_clifford,"[1, 4, 2, 6, 3, 0, 5]",357,318,60,124,221,2,99
3638,,7,76,pauli_polynomial_steiner_gray_clifford,"[1, 5, 2, 4, 3, 0, 6]",339,305,59,116,235,3,93
3639,,7,76,pauli_polynomial_steiner_gray_clifford,"[1, 6, 2, 4, 3, 0, 5]",347,303,59,115,229,2,95
3640,,7,76,pauli_polynomial_steiner_gray_clifford,"[1, 5, 2, 6, 3, 0, 4]",350,304,56,117,212,4,103
3641,,7,76,pauli_polynomial_steiner_gray_clifford,"[1, 6, 2, 5, 3, 0, 4]",356,310,55,107,212,5,103
3642,,7,76,pauli_polynomial_steiner_gray_clifford,"[1, 4, 2, 5, 6, 0, 3]",342,304,57,111,229,3,97
3643,,7,76,pauli_polynomial_steiner_gray_clifford,"[1, 4, 2, 6, 5, 0, 3]",353,306,60,113,231,2,96
3644,,7,76,pauli_polynomial_steiner_gray_clifford,"[1, 5, 2, 4, 6, 0, 3]",360,316,57,112,239,4,92
3645,,7,76,pauli_polynomial_steiner_gray_clifford,"[1, 6, 2, 4, 5, 0, 3]",337,302,53,104,223,5,100
3646,,7,76,pauli_polynomial_steiner_gray_clifford,"[1, 5, 2, 6, 4, 0, 3]",366,324,57,111,225,5,99
3647,,7,76,pauli_polynomial_steiner_gray_clifford,"[1, 6, 2, 5, 4, 0, 3]",349,306,50,101,207,7,108
3648,,7,76,pauli_polynomial_steiner_gray_clifford,"[1, 3, 4, 2, 5, 0, 6]",371,322,59,119,239,2,91
3649,,7,76,pauli_polynomial_steiner_gray_clifford,"[1, 3, 4, 2, 6, 0, 5]",353,300,61,126,235,2,92
3650,,7,76,pauli_polynomial_steiner_gray_clifford,"[1, 3, 5, 2, 4, 0, 6]",331,306,59,116,229,5,96
3651,,7,76,pauli_polynomial_steiner_gray_clifford,"[1, 3, 6, 2, 4, 0, 5]",370,321,60,116,223,3,98
3652,,7,76,pauli_polynomial_steiner_gray_clifford,"[1, 3, 5, 2, 6, 0, 4]",363,317,58,118,218,5,100
3653,,7,76,pauli_polynomial_steiner_gray_clifford,"[1, 3, 6, 2, 5, 0, 4]",371,330,57,111,216,3,101
3654,,7,76,pauli_polynomial_steiner_gray_clifford,"[1, 4, 3, 2, 5, 0, 6]",346,308,61,120,233,2,94
3655,,7,76,pauli_polynomial_steiner_gray_clifford,"[1, 4, 3, 2, 6, 0, 5]",379,334,59,127,229,2,95
3656,,7,76,pauli_polynomial_steiner_gray_clifford,"[1, 5, 3, 2, 4, 0, 6]",365,320,61,120,237,5,92
3657,,7,76,pauli_polynomial_steiner_gray_clifford,"[1, 6, 3, 2, 4, 0, 5]",352,315,60,115,227,3,96
3658,,7,76,pauli_polynomial_steiner_gray_clifford,"[1, 5, 3, 2, 6, 0, 4]",353,308,58,122,226,5,96
3659,,7,76,pauli_polynomial_steiner_gray_clifford,"[1, 6, 3, 2, 5, 0, 4]",353,312,59,110,220,3,99
3660,,7,76,pauli_polynomial_steiner_gray_clifford,"[1, 4, 5, 2, 3, 0, 6]",358,314,56,112,219,6,101
3661,,7,76,pauli_polynomial_steiner_gray_clifford,"[1, 4, 6, 2, 3, 0, 5]",352,304,60,124,231,3,94
3662,,7,76,pauli_polynomial_steiner_gray_clifford,"[1, 5, 4, 2, 3, 0, 6]",352,309,56,115,233,6,94
3663,,7,76,pauli_polynomial_steiner_gray_clifford,"[1, 6, 4, 2, 3, 0, 5]",342,294,62,122,241,3,89
3664,,7,76,pauli_polynomial_steiner_gray_clifford,"[1, 5, 6, 2, 3, 0, 4]",330,286,57,119,226,4,96
3665,,7,76,pauli_polynomial_steiner_gray_clifford,"[1, 6, 5, 2, 3, 0, 4]",374,328,59,114,222,4,98
3666,,7,76,pauli_polynomial_steiner_gray_clifford,"[1, 4, 5, 2, 6, 0, 3]",346,308,52,108,211,6,106
3667,,7,76,pauli_polynomial_steiner_gray_clifford,"[1, 4, 6, 2, 5, 0, 3]",366,313,58,113,227,3,98
3668,,7,76,pauli_polynomial_steiner_gray_clifford,"[1, 5, 4, 2, 6, 0, 3]",342,300,54,111,225,6,99
3669,,7,76,pauli_polynomial_steiner_gray_clifford,"[1, 6, 4, 2, 5, 0, 3]",351,309,58,111,237,3,93
3670,,7,76,pauli_polynomial_steiner_gray_clifford,"[1, 5, 6, 2, 4, 0, 3]",372,327,58,113,229,4,97
3671,,7,76,pauli_polynomial_steiner_gray_clifford,"[1, 6, 5, 2, 4, 0, 3]",354,315,56,108,225,4,99
3672,,7,76,pauli_polynomial_steiner_gray_clifford,"[1, 3, 4, 5, 2, 0, 6]",337,293,53,113,223,7,99
3673,,7,76,pauli_polynomial_steiner_gray_clifford,"[1, 3, 4, 6, 2, 0, 5]",368,328,58,124,235,4,92
3674,,7,76,pauli_polynomial_steiner_gray_clifford,"[1, 3, 5, 4, 2, 0, 6]",333,293,56,114,229,8,96
3675,,7,76,pauli_polynomial_steiner_gray_clifford,"[1, 3, 6, 4, 2, 0, 5]",348,311,60,121,237,4,91
3676,,7,76,pauli_polynomial_steiner_gray_clifford,"[1, 3, 5, 6, 2, 0, 4]",367,328,56,118,222,6,98
3677,,7,76,pauli_polynomial_steiner_gray_clifford,"[1, 3, 6, 5, 2, 0, 4]",360,316,55,114,218,5,100
3678,,7,76,pauli_polynomial_steiner_gray_clifford,"[1, 4, 3, 5, 2, 0, 6]",330,291,57,114,225,5,98
3679,,7,76,pauli_polynomial_steiner_gray_clifford,"[1, 4, 3, 6, 2, 0, 5]",364,320,57,125,219,3,100
3680,,7,76,pauli_polynomial_steiner_gray_clifford,"[1, 5, 3, 4, 2, 0, 6]",327,293,61,118,239,5,91
3681,,7,76,pauli_polynomial_steiner_gray_clifford,"[1, 6, 3, 4, 2, 0, 5]",340,302,61,120,229,3,95
3682,,7,76,pauli_polynomial_steiner_gray_clifford,"[1, 5, 3, 6, 2, 0, 4]",375,333,56,122,216,6,101
3683,,7,76,pauli_polynomial_steiner_gray_clifford,"[1, 6, 3, 5, 2, 0, 4]",348,307,56,113,212,6,103
3684,,7,76,pauli_polynomial_steiner_gray_clifford,"[1, 4, 5, 3, 2, 0, 6]",344,302,56,112,223,8,99
3685,,7,76,pauli_polynomial_steiner_gray_clifford,"[1, 4, 6, 3, 2, 0, 5]",347,309,59,126,231,4,94
3686,,7,76,pauli_polynomial_steiner_gray_clifford,"[1, 5, 4, 3, 2, 0, 6]",345,304,57,115,231,7,95
3687,,7,76,pauli_polynomial_steiner_gray_clifford,"[1, 6, 4, 3, 2, 0, 5]",352,308,61,124,239,4,90
3688,,7,76,pauli_polynomial_steiner_gray_clifford,"[1, 5, 6, 3, 2, 0, 4]",342,301,56,122,226,5,96
3689,,7,76,pauli_polynomial_steiner_gray_clifford,"[1, 6, 5, 3, 2, 0, 4]",358,314,57,117,226,6,96
3690,,7,76,pauli_polynomial_steiner_gray_clifford,"[1, 4, 5, 6, 2, 0, 3]",327,289,54,110,215,7,104
3691,,7,76,pauli_polynomial_steiner_gray_clifford,"[1, 4, 6, 5, 2, 0, 3]",360,315,57,113,229,5,97
3692,,7,76,pauli_polynomial_steiner_gray_clifford,"[1, 5, 4, 6, 2, 0, 3]",324,286,55,113,225,8,99
3693,,7,76,pauli_polynomial_steiner_gray_clifford,"[1, 6, 4, 5, 2, 0, 3]",355,307,54,111,221,8,101
3694,,7,76,pauli_polynomial_steiner_gray_clifford,"[1, 5, 6, 4, 2, 0, 3]",335,292,59,116,243,5,90
3695,,7,76,pauli_polynomial_steiner_gray_clifford,"[1, 6, 5, 4, 2, 0, 3]",326,281,55,111,225,7,99
3696,,7,76,pauli_polynomial_steiner_gray_clifford,"[1, 3, 4, 5, 6, 0, 2]",310,273,54,109,226,7,98
3697,,7,76,pauli_polynomial_steiner_gray_clifford,"[1, 3, 4, 6, 5, 0, 2]",354,319,57,113,242,4,90
3698,,7,76,pauli_polynomial_steiner_gray_clifford,"[1, 3, 5, 4, 6, 0, 2]",339,295,55,110,228,9,97
3699,,7,76,pauli_polynomial_steiner_gray_clifford,"[1, 3, 6, 4, 5, 0, 2]",336,301,55,110,226,7,98
3700,,7,76,pauli_polynomial_steiner_gray_clifford,"[1, 3, 5, 6, 4, 0, 2]",345,311,56,112,232,7,95
3701,,7,76,pauli_polynomial_steiner_gray_clifford,"[1, 3, 6, 5, 4, 0, 2]",339,301,53,108,214,8,104
3702,,7,76,pauli_polynomial_steiner_gray_clifford,"[1, 4, 3, 5, 6, 0, 2]",344,306,55,110,228,5,97
3703,,7,76,pauli_polynomial_steiner_gray_clifford,"[1, 4, 3, 6, 5, 0, 2]",328,290,57,114,226,3,98
3704,,7,76,pauli_polynomial_steiner_gray_clifford,"[1, 5, 3, 4, 6, 0, 2]",356,314,58,114,238,6,92
3705,,7,76,pauli_polynomial_steiner_gray_clifford,"[1, 6, 3, 4, 5, 0, 2]",316,279,56,109,218,6,102
3706,,7,76,pauli_polynomial_steiner_gray_clifford,"[1, 5, 3, 6, 4, 0, 2]",365,325,56,116,226,7,98
3707,,7,76,pauli_polynomial_steiner_gray_clifford,"[1, 6, 3, 5, 4, 0, 2]",347,309,52,107,208,9,107
3708,,7,76,pauli_polynomial_steiner_gray_clifford,"[1, 4, 5, 3, 6, 0, 2]",351,311,52,108,212,8,105
3709,,7,76,pauli_polynomial_steiner_gray_clifford,"[1, 4, 6, 3, 5, 0, 2]",337,305,57,115,228,5,97
3710,,7,76,pauli_polynomial_steiner_gray_clifford,"[1, 5, 4, 3, 6, 0, 2]",319,285,54,111,220,7,101
3711,,7,76,pauli_polynomial_steiner_gray_clifford,"[1, 6, 4, 3, 5, 0, 2]",335,296,58,113,236,5,93
3712,,7,76,pauli_polynomial_steiner_gray_clifford,"[1, 5, 6, 3, 4, 0, 2]",354,309,56,116,224,5,99
3713,,7,76,pauli_polynomial_steiner_gray_clifford,"[1, 6, 5, 3, 4, 0, 2]",354,309,55,111,224,6,99
3714,,7,76,pauli_polynomial_steiner_gray_clifford,"[1, 4, 5, 6, 3, 0, 2]",349,312,54,110,212,7,105
3715,,7,76,pauli_polynomial_steiner_gray_clifford,"[1, 4, 6, 5, 3, 0, 2]",351,311,57,113,230,6,96
3716,,7,76,pauli_polynomial_steiner_gray_clifford,"[1, 5, 4, 6, 3, 0, 2]",349,312,54,113,222,8,100
3717,,7,76,pauli_polynomial_steiner_gray_clifford,"[1, 6, 4, 5, 3, 0, 2]",345,305,55,111,222,9,100
3718,,7,76,pauli_polynomial_steiner_gray_clifford,"[1, 5, 6, 4, 3, 0, 2]",338,300,58,116,238,5,92
3719,,7,76,pauli_polynomial_steiner_gray_clifford,"[1, 6, 5, 4, 3, 0, 2]",350,314,56,111,220,7,101
3720,,7,76,pauli_polynomial_steiner_gray_clifford,"[2, 1, 3, 4, 5, 0, 6]",343,298,57,106,227,7,101
3721,,7,76,pauli_polynomial_steiner_gray_clifford,"[2, 1, 3, 4, 6, 0, 5]",347,317,58,113,237,5,95
3722,,7,76,pauli_polynomial_steiner_gray_clifford,"[2, 1, 3, 5, 4, 0, 6]",342,294,55,102,217,10,106
3723,,7,76,pauli_polynomial_steiner_gray_clifford,"[2, 1, 3, 6, 4, 0, 5]",352,320,57,106,225,6,101
3724,,7,76,pauli_polynomial_steiner_gray_clifford,"[2, 1, 3, 5, 6, 0, 4]",340,301,58,104,224,7,101
3725,,7,76,pauli_polynomial_steiner_gray_clifford,"[2, 1, 3, 6, 5, 0, 4]",336,296,59,101,222,5,102
3726,,7,76,pauli_polynomial_steiner_gray_clifford,"[2, 1, 4, 3, 5, 0, 6]",335,290,59,108,229,5,100
3727,,7,76,pauli_polynomial_steiner_gray_clifford,"[2, 1, 4, 3, 6, 0, 5]",362,311,58,115,221,4,103
3728,,7,76,pauli_polynomial_steiner_gray_clifford,"[2, 1, 5, 3, 4, 0, 6]",337,292,57,102,227,7,101
3729,,7,76,pauli_polynomial_steiner_gray_clifford,"[2, 1, 6, 3, 4, 0, 5]",337,298,54,101,217,5,105
3730,,7,76,pauli_polynomial_steiner_gray_clifford,"[2, 1, 5, 3, 6, 0, 4]",361,325,56,104,218,7,104
3731,,7,76,pauli_polynomial_steiner_gray_clifford,"[2, 1, 6, 3, 5, 0, 4]",355,311,54,96,216,6,105
3732,,7,76,pauli_polynomial_steiner_gray_clifford,"[2, 1, 4, 5, 3, 0, 6]",352,317,55,102,215,9,107
3733,,7,76,pauli_polynomial_steiner_gray_clifford,"[2, 1, 4, 6, 3, 0, 5]",349,312,58,111,223,5,102
3734,,7,76,pauli_polynomial_steiner_gray_clifford,"[2, 1, 5, 4, 3, 0, 6]",351,306,55,100,223,8,103
3735,,7,76,pauli_polynomial_steiner_gray_clifford,"[2, 1, 6, 4, 3, 0, 5]",346,304,55,104,231,5,98
3736,,7,76,pauli_polynomial_steiner_gray_clifford,"[2, 1, 5, 6, 3, 0, 4]",358,317,56,101,218,6,104
3737,,7,76,pauli_polynomial_steiner_gray_clifford,"[2, 1, 6, 5, 3, 0, 4]",324,275,53,96,218,7,104
3738,,7,76,pauli_polynomial_steiner_gray_clifford,"[2, 1, 4, 5, 6, 0, 3]",340,299,56,98,217,8,107
3739,,7,76,pauli_polynomial_steiner_gray_clifford,"[2, 1, 4, 6, 5, 0, 3]",348,307,60,100,233,5,99
3740,,7,76,pauli_polynomial_steiner_gray_clifford,"[2, 1, 5, 4, 6, 0, 3]",334,293,54,96,227,9,102
3741,,7,76,pauli_polynomial_steiner_gray_clifford,"[2, 1, 6, 4, 5, 0, 3]",342,296,53,93,225,8,103
3742,,7,76,pauli_polynomial_steiner_gray_clifford,"[2, 1, 5, 6, 4, 0, 3]",363,319,56,95,231,7,100
3743,,7,76,pauli_polynomial_steiner_gray_clifford,"[2, 1, 6, 5, 4, 0, 3]",341,296,51,90,213,9,109
3744,,7,76,pauli_polynomial_steiner_gray_clifford,"[3, 1, 2, 4, 5, 0, 6]",354,308,56,109,232,7,99
3745,,7,76,pauli_polynomial_steiner_gray_clifford,"[3, 1, 2, 4, 6, 0, 5]",352,301,61,116,242,5,93
3746,,7,76,pauli_polynomial_steiner_gray_clifford,"[3, 1, 2, 5, 4, 0, 6]",327,288,52,105,216,9,107
3747,,7,76,pauli_polynomial_steiner_gray_clifford,"[3, 1, 2, 6, 4, 0, 5]",351,307,55,109,228,6,100
3748,,7,76,pauli_polynomial_steiner_gray_clifford,"[3, 1, 2, 5, 6, 0, 4]",333,299,57,107,223,6,102
3749,,7,76,pauli_polynomial_steiner_gray_clifford,"[3, 1, 2, 6, 5, 0, 4]",345,311,55,104,225,5,101
3750,,7,76,pauli_polynomial_steiner_gray_clifford,"[4, 1, 2, 3, 5, 0, 6]",340,304,61,117,231,5,97
3751,,7,76,pauli_polynomial_steiner_gray_clifford,"[4, 1, 2, 3, 6, 0, 5]",353,312,57,124,223,4,100
3752,,7,76,pauli_polynomial_steiner_gray_clifford,"[5, 1, 2, 3, 4, 0, 6]",341,303,58,113,230,6,98
3753,,7,76,pauli_polynomial_steiner_gray_clifford,"[6, 1, 2, 3, 4, 0, 5]",346,306,55,105,228,5,99
3754,,7,76,pauli_polynomial_steiner_gray_clifford,"[5, 1, 2, 3, 6, 0, 4]",346,304,54,115,221,6,101
3755,,7,76,pauli_polynomial_steiner_gray_clifford,"[6, 1, 2, 3, 5, 0, 4]",349,307,55,100,227,6,99
3756,,7,76,pauli_polynomial_steiner_gray_clifford,"[4, 1, 2, 5, 3, 0, 6]",340,293,57,111,219,6,103
3757,,7,76,pauli_polynomial_steiner_gray_clifford,"[4, 1, 2, 6, 3, 0, 5]",343,308,53,120,213,4,105
3758,,7,76,pauli_polynomial_steiner_gray_clifford,"[5, 1, 2, 4, 3, 0, 6]",357,314,58,111,234,5,96
3759,,7,76,pauli_polynomial_steiner_gray_clifford,"[6, 1, 2, 4, 3, 0, 5]",355,306,57,108,232,4,97
3760,,7,76,pauli_polynomial_steiner_gray_clifford,"[5, 1, 2, 6, 3, 0, 4]",342,309,51,112,211,6,106
3761,,7,76,pauli_polynomial_steiner_gray_clifford,"[6, 1, 2, 5, 3, 0, 4]",350,310,54,100,215,7,105
3762,,7,76,pauli_polynomial_steiner_gray_clifford,"[4, 1, 2, 5, 6, 0, 3]",345,296,55,107,221,5,103
3763,,7,76,pauli_polynomial_steiner_gray_clifford,"[4, 1, 2, 6, 5, 0, 3]",343,300,55,109,223,4,102
3764,,7,76,pauli_polynomial_steiner_gray_clifford,"[5, 1, 2, 4, 6, 0, 3]",337,299,56,107,238,6,95
3765,,7,76,pauli_polynomial_steiner_gray_clifford,"[6, 1, 2, 4, 5, 0, 3]",363,324,50,97,226,7,102
3766,,7,76,pauli_polynomial_steiner_gray_clifford,"[5, 1, 2, 6, 4, 0, 3]",342,310,53,106,224,7,102
3767,,7,76,pauli_polynomial_steiner_gray_clifford,"[6, 1, 2, 5, 4, 0, 3]",325,285,47,94,210,9,110
3768,,7,76,pauli_polynomial_steiner_gray_clifford,"[3, 1, 4, 2, 5, 0, 6]",356,315,57,110,236,3,97
3769,,7,76,pauli_polynomial_steiner_gray_clifford,"[3, 1, 4, 2, 6, 0, 5]",367,322,60,117,232,3,98
3770,,7,76,pauli_polynomial_steiner_gray_clifford,"[3, 1, 5, 2, 4, 0, 6]",356,313,57,107,234,5,98
3771,,7,76,pauli_polynomial_steiner_gray_clifford,"[3, 1, 6, 2, 4, 0, 5]",327,287,56,107,228,4,100
3772,,7,76,pauli_polynomial_steiner_gray_clifford,"[3, 1, 5, 2, 6, 0, 4]",343,305,58,109,223,5,102
3773,,7,76,pauli_polynomial_steiner_gray_clifford,"[3, 1, 6, 2, 5, 0, 4]",337,291,54,102,221,4,103
3774,,7,76,pauli_polynomial_steiner_gray_clifford,"[4, 1, 3, 2, 5, 0, 6]",346,305,60,116,233,3,96
3775,,7,76,pauli_polynomial_steiner_gray_clifford,"[4, 1, 3, 2, 6, 0, 5]",351,311,56,123,229,3,97
3776,,7,76,pauli_polynomial_steiner_gray_clifford,"[5, 1, 3, 2, 4, 0, 6]",360,318,61,115,238,5,94
3777,,7,76,pauli_polynomial_steiner_gray_clifford,"[6, 1, 3, 2, 4, 0, 5]",361,320,59,108,236,4,95
3778,,7,76,pauli_polynomial_steiner_gray_clifford,"[5, 1, 3, 2, 6, 0, 4]",366,320,57,117,227,5,98
3779,,7,76,pauli_polynomial_steiner_gray_clifford,"[6, 1, 3, 2, 5, 0, 4]",340,300,59,103,229,4,98
3780,,7,76,pauli_polynomial_steiner_gray_clifford,"[4, 1, 5, 2, 3, 0, 6]",333,301,58,108,229,4,98
3781,,7,76,pauli_polynomial_steiner_gray_clifford,"[4, 1, 6, 2, 3, 0, 5]",360,321,55,120,223,3,100
3782,,7,76,pauli_polynomial_steiner_gray_clifford,"[5, 1, 4, 2, 3, 0, 6]",364,318,59,110,236,4,95
3783,,7,76,pauli_polynomial_steiner_gray_clifford,"[6, 1, 4, 2, 3, 0, 5]",377,328,62,115,234,3,96
3784,,7,76,pauli_polynomial_steiner_gray_clifford,"[5, 1, 6, 2, 3, 0, 4]",320,279,53,114,221,5,101
3785,,7,76,pauli_polynomial_steiner_gray_clifford,"[6, 1, 5, 2, 3, 0, 4]",350,306,59,107,225,5,100
3786,,7,76,pauli_polynomial_steiner_gray_clifford,"[4, 1, 5, 2, 6, 0, 3]",336,297,54,104,221,4,103
3787,,7,76,pauli_polynomial_steiner_gray_clifford,"[4, 1, 6, 2, 5, 0, 3]",348,302,55,109,219,3,104
3788,,7,76,pauli_polynomial_steiner_gray_clifford,"[5, 1, 4, 2, 6, 0, 3]",350,312,57,106,228,4,100
3789,,7,76,pauli_polynomial_steiner_gray_clifford,"[6, 1, 4, 2, 5, 0, 3]",356,320,57,104,230,3,100
3790,,7,76,pauli_polynomial_steiner_gray_clifford,"[5, 1, 6, 2, 4, 0, 3]",346,303,55,108,224,5,102
3791,,7,76,pauli_polynomial_steiner_gray_clifford,"[6, 1, 5, 2, 4, 0, 3]",347,299,54,101,228,5,101
3792,,7,76,pauli_polynomial_steiner_gray_clifford,"[3, 1, 4, 5, 2, 0, 6]",353,311,51,104,220,8,105
3793,,7,76,pauli_polynomial_steiner_gray_clifford,"[3, 1, 4, 6, 2, 0, 5]",330,286,57,115,232,5,98
3794,,7,76,pauli_polynomial_steiner_gray_clifford,"[3, 1, 5, 4, 2, 0, 6]",321,284,55,105,234,8,98
3795,,7,76,pauli_polynomial_steiner_gray_clifford,"[3, 1, 6, 4, 2, 0, 5]",364,326,59,112,242,5,93
3796,,7,76,pauli_polynomial_steiner_gray_clifford,"[3, 1, 5, 6, 2, 0, 4]",349,318,57,109,227,6,100
3797,,7,76,pauli_polynomial_steiner_gray_clifford,"[3, 1, 6, 5, 2, 0, 4]",347,312,55,105,223,6,102
3798,,7,76,pauli_polynomial_steiner_gray_clifford,"[4, 1, 3, 5, 2, 0, 6]",353,307,56,110,225,6,100
3799,,7,76,pauli_polynomial_steiner_gray_clifford,"[4, 1, 3, 6, 2, 0, 5]",386,337,54,121,219,4,102
3800,,7,76,pauli_polynomial_steiner_gray_clifford,"[5, 1, 3, 4, 2, 0, 6]",362,315,59,113,240,5,93
3801,,7,76,pauli_polynomial_steiner_gray_clifford,"[6, 1, 3, 4, 2, 0, 5]",360,317,58,113,238,4,94
3802,,7,76,pauli_polynomial_steiner_gray_clifford,"[5, 1, 3, 6, 2, 0, 4]",364,328,56,117,217,6,103
3803,,7,76,pauli_polynomial_steiner_gray_clifford,"[6, 1, 3, 5, 2, 0, 4]",353,306,57,106,221,7,102
3804,,7,76,pauli_polynomial_steiner_gray_clifford,"[4, 1, 5, 3, 2, 0, 6]",357,319,58,108,233,6,96
3805,,7,76,pauli_polynomial_steiner_gray_clifford,"[4, 1, 6, 3, 2, 0, 5]",360,314,57,122,223,4,100
3806,,7,76,pauli_polynomial_steiner_gray_clifford,"[5, 1, 4, 3, 2, 0, 6]",358,318,57,110,234,5,96
3807,,7,76,pauli_polynomial_steiner_gray_clifford,"[6, 1, 4, 3, 2, 0, 5]",341,302,59,117,232,4,97
3808,,7,76,pauli_polynomial_steiner_gray_clifford,"[5, 1, 6, 3, 2, 0, 4]",359,310,55,117,221,6,101
3809,,7,76,pauli_polynomial_steiner_gray_clifford,"[6, 1, 5, 3, 2, 0, 4]",324,287,58,110,229,7,98
3810,,7,76,pauli_polynomial_steiner_gray_clifford,"[4, 1, 5, 6, 2, 0, 3]",335,299,55,106,225,5,101
3811,,7,76,pauli_polynomial_steiner_gray_clifford,"[4, 1, 6, 5, 2, 0, 3]",365,316,56,109,221,5,103
3812,,7,76,pauli_polynomial_steiner_gray_clifford,"[5, 1, 4, 6, 2, 0, 3]",367,316,57,108,228,6,100
3813,,7,76,pauli_polynomial_steiner_gray_clifford,"[6, 1, 4, 5, 2, 0, 3]",340,301,53,104,214,8,108
3814,,7,76,pauli_polynomial_steiner_gray_clifford,"[5, 1, 6, 4, 2, 0, 3]",333,294,58,111,238,6,95
3815,,7,76,pauli_polynomial_steiner_gray_clifford,"[6, 1, 5, 4, 2, 0, 3]",347,301,53,104,228,8,101
3816,,7,76,pauli_polynomial_steiner_gray_clifford,"[3, 1, 4, 5, 6, 0, 2]",326,285,56,100,223,8,104
3817,,7,76,pauli_polynomial_steiner_gray_clifford,"[3, 1, 4, 6, 5, 0, 2]",361,314,59,104,239,5,96
3818,,7,76,pauli_polynomial_steiner_gray_clifford,"[3, 1, 5, 4, 6, 0, 2]",349,315,58,101,233,9,99
3819,,7,76,pauli_polynomial_steiner_gray_clifford,"[3, 1, 6, 4, 5, 0, 2]",361,320,57,101,231,8,100
3820,,7,76,pauli_polynomial_steiner_gray_clifford,"[3, 1, 5, 6, 4, 0, 2]",343,308,59,103,237,7,97
3821,,7,76,pauli_polynomial_steiner_gray_clifford,"[3, 1, 6, 5, 4, 0, 2]",340,298,55,99,219,9,106
3822,,7,76,pauli_polynomial_steiner_gray_clifford,"[4, 1, 3, 5, 6, 0, 2]",358,314,56,106,228,6,99
3823,,7,76,pauli_polynomial_steiner_gray_clifford,"[4, 1, 3, 6, 5, 0, 2]",349,304,58,110,226,4,100
3824,,7,76,pauli_polynomial_steiner_gray_clifford,"[5, 1, 3, 4, 6, 0, 2]",345,302,57,109,239,6,94
3825,,7,76,pauli_polynomial_steiner_gray_clifford,"[6, 1, 3, 4, 5, 0, 2]",346,304,55,102,227,7,101
3826,,7,76,pauli_polynomial_steiner_gray_clifford,"[5, 1, 3, 6, 4, 0, 2]",341,297,58,111,227,7,100
3827,,7,76,pauli_polynomial_steiner_gray_clifford,"[6, 1, 3, 5, 4, 0, 2]",338,296,54,100,217,10,106
3828,,7,76,pauli_polynomial_steiner_gray_clifford,"[4, 1, 5, 3, 6, 0, 2]",348,302,56,104,222,6,102
3829,,7,76,pauli_polynomial_steiner_gray_clifford,"[4, 1, 6, 3, 5, 0, 2]",329,294,59,111,220,5,103
3830,,7,76,pauli_polynomial_steiner_gray_clifford,"[5, 1, 4, 3, 6, 0, 2]",371,330,55,106,223,5,102
3831,,7,76,pauli_polynomial_steiner_gray_clifford,"[6, 1, 4, 3, 5, 0, 2]",365,317,58,106,229,5,100
3832,,7,76,pauli_polynomial_steiner_gray_clifford,"[5, 1, 6, 3, 4, 0, 2]",349,306,57,111,219,6,104
3833,,7,76,pauli_polynomial_steiner_gray_clifford,"[6, 1, 5, 3, 4, 0, 2]",344,304,57,104,227,7,101
3834,,7,76,pauli_polynomial_steiner_gray_clifford,"[4, 1, 5, 6, 3, 0, 2]",360,320,57,106,222,5,102
3835,,7,76,pauli_polynomial_steiner_gray_clifford,"[4, 1, 6, 5, 3, 0, 2]",342,297,58,109,222,6,102
3836,,7,76,pauli_polynomial_steiner_gray_clifford,"[5, 1, 4, 6, 3, 0, 2]",347,300,57,108,225,6,101
3837,,7,76,pauli_polynomial_steiner_gray_clifford,"[6, 1, 4, 5, 3, 0, 2]",327,295,57,104,215,9,107
3838,,7,76,pauli_polynomial_steiner_gray_clifford,"[5, 1, 6, 4, 3, 0, 2]",347,306,58,111,233,6,97
3839,,7,76,pauli_polynomial_steiner_gray_clifford,"[6, 1, 5, 4, 3, 0, 2]",360,314,57,104,223,8,103
3840,,7,76,pauli_polynomial_steiner_gray_clifford,"[2, 3, 1, 4, 5, 0, 6]",335,290,56,106,229,6,100
3841,,7,76,pauli_polynomial_steiner_gray_clifford,"[2, 3, 1, 4, 6, 0, 5]",361,323,57,113,239,4,94
3842,,7,76,pauli_polynomial_steiner_gray_clifford,"[2, 3, 1, 5, 4, 0, 6]",328,291,55,102,227,8,101
3843,,7,76,pauli_polynomial_steiner_gray_clifford,"[2, 3, 1, 6, 4, 0, 5]",347,309,56,106,235,5,96
3844,,7,76,pauli_polynomial_steiner_gray_clifford,"[2, 3, 1, 5, 6, 0, 4]",368,325,59,104,234,5,96
3845,,7,76,pauli_polynomial_steiner_gray_clifford,"[2, 3, 1, 6, 5, 0, 4]",332,299,59,101,232,4,97
3846,,7,76,pauli_polynomial_steiner_gray_clifford,"[2, 4, 1, 3, 5, 0, 6]",352,305,59,112,237,4,96
3847,,7,76,pauli_polynomial_steiner_gray_clifford,"[2, 4, 1, 3, 6, 0, 5]",352,310,58,119,229,3,99
3848,,7,76,pauli_polynomial_steiner_gray_clifford,"[2, 5, 1, 3, 4, 0, 6]",314,276,55,102,229,5,100
3849,,7,76,pauli_polynomial_steiner_gray_clifford,"[2, 6, 1, 3, 4, 0, 5]",337,289,52,98,223,4,102
3850,,7,76,pauli_polynomial_steiner_gray_clifford,"[2, 5, 1, 3, 6, 0, 4]",342,295,56,104,220,5,103
3851,,7,76,pauli_polynomial_steiner_gray_clifford,"[2, 6, 1, 3, 5, 0, 4]",363,315,54,93,222,5,102
3852,,7,76,pauli_polynomial_steiner_gray_clifford,"[2, 4, 1, 5, 3, 0, 6]",329,288,58,106,233,5,98
3853,,7,76,pauli_polynomial_steiner_gray_clifford,"[2, 4, 1, 6, 3, 0, 5]",360,317,59,115,223,3,102
3854,,7,76,pauli_polynomial_steiner_gray_clifford,"[2, 5, 1, 4, 3, 0, 6]",343,297,55,100,227,4,101
3855,,7,76,pauli_polynomial_steiner_gray_clifford,"[2, 6, 1, 4, 3, 0, 5]",339,301,54,101,221,3,103
3856,,7,76,pauli_polynomial_steiner_gray_clifford,"[2, 5, 1, 6, 3, 0, 4]",357,318,55,101,214,5,106
3857,,7,76,pauli_polynomial_steiner_gray_clifford,"[2, 6, 1, 5, 3, 0, 4]",333,301,53,93,218,6,104
3858,,7,76,pauli_polynomial_steiner_gray_clifford,"[2, 4, 1, 5, 6, 0, 3]",335,299,58,102,235,4,98
3859,,7,76,pauli_polynomial_steiner_gray_clifford,"[2, 4, 1, 6, 5, 0, 3]",324,283,60,104,233,3,99
3860,,7,76,pauli_polynomial_steiner_gray_clifford,"[2, 5, 1, 4, 6, 0, 3]",373,327,54,96,231,5,100
3861,,7,76,pauli_polynomial_steiner_gray_clifford,"[2, 6, 1, 4, 5, 0, 3]",320,279,52,90,215,6,108
3862,,7,76,pauli_polynomial_steiner_gray_clifford,"[2, 5, 1, 6, 4, 0, 3]",321,278,53,95,227,6,102
3863,,7,76,pauli_polynomial_steiner_gray_clifford,"[2, 6, 1, 5, 4, 0, 3]",344,303,49,87,213,8,109
3864,,7,76,pauli_polynomial_steiner_gray_clifford,"[3, 2, 1, 4, 5, 0, 6]",357,312,56,106,226,7,102
3865,,7,76,pauli_polynomial_steiner_gray_clifford,"[3, 2, 1, 4, 6, 0, 5]",340,301,59,113,236,5,96
3866,,7,76,pauli_polynomial_steiner_gray_clifford,"[3, 2, 1, 5, 4, 0, 6]",325,281,52,102,224,9,103
3867,,7,76,pauli_polynomial_steiner_gray_clifford,"[3, 2, 1, 6, 4, 0, 5]",355,309,53,106,232,6,98
3868,,7,76,pauli_polynomial_steiner_gray_clifford,"[3, 2, 1, 5, 6, 0, 4]",345,300,57,104,231,6,98
3869,,7,76,pauli_polynomial_steiner_gray_clifford,"[3, 2, 1, 6, 5, 0, 4]",352,305,55,101,229,5,99
3870,,7,76,pauli_polynomial_steiner_gray_clifford,"[4, 2, 1, 3, 5, 0, 6]",351,315,60,117,237,5,94
3871,,7,76,pauli_polynomial_steiner_gray_clifford,"[4, 2, 1, 3, 6, 0, 5]",351,310,58,124,229,4,97
3872,,7,76,pauli_polynomial_steiner_gray_clifford,"[5, 2, 1, 3, 4, 0, 6]",336,293,54,106,222,6,102
3873,,7,76,pauli_polynomial_steiner_gray_clifford,"[6, 2, 1, 3, 4, 0, 5]",330,295,52,100,224,5,101
3874,,7,76,pauli_polynomial_steiner_gray_clifford,"[5, 2, 1, 3, 6, 0, 4]",366,324,53,108,213,6,105
3875,,7,76,pauli_polynomial_steiner_gray_clifford,"[6, 2, 1, 3, 5, 0, 4]",336,299,53,95,223,6,101
3876,,7,76,pauli_polynomial_steiner_gray_clifford,"[4, 2, 1, 5, 3, 0, 6]",342,306,56,111,233,6,96
3877,,7,76,pauli_polynomial_steiner_gray_clifford,"[4, 2, 1, 6, 3, 0, 5]",352,318,54,120,223,4,100
3878,,7,76,pauli_polynomial_steiner_gray_clifford,"[5, 2, 1, 4, 3, 0, 6]",348,300,54,104,220,5,103
3879,,7,76,pauli_polynomial_steiner_gray_clifford,"[6, 2, 1, 4, 3, 0, 5]",367,327,54,103,222,4,102
3880,,7,76,pauli_polynomial_steiner_gray_clifford,"[5, 2, 1, 6, 3, 0, 4]",337,294,50,105,207,6,108
3881,,7,76,pauli_polynomial_steiner_gray_clifford,"[6, 2, 1, 5, 3, 0, 4]",341,300,52,95,219,7,103
3882,,7,76,pauli_polynomial_steiner_gray_clifford,"[4, 2, 1, 5, 6, 0, 3]",377,329,55,107,235,5,96
3883,,7,76,pauli_polynomial_steiner_gray_clifford,"[4, 2, 1, 6, 5, 0, 3]",344,305,55,109,233,4,97
3884,,7,76,pauli_polynomial_steiner_gray_clifford,"[5, 2, 1, 4, 6, 0, 3]",341,304,52,100,224,6,102
3885,,7,76,pauli_polynomial_steiner_gray_clifford,"[6, 2, 1, 4, 5, 0, 3]",346,295,49,92,216,7,107
3886,,7,76,pauli_polynomial_steiner_gray_clifford,"[5, 2, 1, 6, 4, 0, 3]",329,295,49,99,220,7,104
3887,,7,76,pauli_polynomial_steiner_gray_clifford,"[6, 2, 1, 5, 4, 0, 3]",329,294,46,89,214,9,108
3888,,7,76,pauli_polynomial_steiner_gray_clifford,"[3, 4, 1, 2, 5, 0, 6]",343,299,57,109,228,4,101
3889,,7,76,pauli_polynomial_steiner_gray_clifford,"[3, 4, 1, 2, 6, 0, 5]",339,289,56,116,224,4,102
3890,,7,76,pauli_polynomial_steiner_gray_clifford,"[3, 5, 1, 2, 4, 0, 6]",335,301,56,104,232,7,99
3891,,7,76,pauli_polynomial_steiner_gray_clifford,"[3, 6, 1, 2, 4, 0, 5]",339,295,53,100,222,5,103
3892,,7,76,pauli_polynomial_steiner_gray_clifford,"[3, 5, 1, 2, 6, 0, 4]",355,311,55,106,221,7,103
3893,,7,76,pauli_polynomial_steiner_gray_clifford,"[3, 6, 1, 2, 5, 0, 4]",337,294,53,95,215,5,106
3894,,7,76,pauli_polynomial_steiner_gray_clifford,"[4, 3, 1, 2, 5, 0, 6]",355,309,58,114,231,4,97
3895,,7,76,pauli_polynomial_steiner_gray_clifford,"[4, 3, 1, 2, 6, 0, 5]",360,325,54,121,227,4,98
3896,,7,76,pauli_polynomial_steiner_gray_clifford,"[5, 3, 1, 2, 4, 0, 6]",351,308,58,108,228,7,99
3897,,7,76,pauli_polynomial_steiner_gray_clifford,"[6, 3, 1, 2, 4, 0, 5]",345,308,56,102,226,5,100
3898,,7,76,pauli_polynomial_steiner_gray_clifford,"[5, 3, 1, 2, 6, 0, 4]",347,304,54,110,217,7,103
3899,,7,76,pauli_polynomial_steiner_gray_clifford,"[6, 3, 1, 2, 5, 0, 4]",339,301,56,97,219,5,103
3900,,7,76,pauli_polynomial_steiner_gray_clifford,"[4, 5, 1, 2, 3, 0, 6]",363,324,53,102,225,8,100
3901,,7,76,pauli_polynomial_steiner_gray_clifford,"[4, 6, 1, 2, 3, 0, 5]",362,315,55,120,233,5,95
3902,,7,76,pauli_polynomial_steiner_gray_clifford,"[5, 4, 1, 2, 3, 0, 6]",346,306,54,101,218,8,104
3903,,7,76,pauli_polynomial_steiner_gray_clifford,"[6, 4, 1, 2, 3, 0, 5]",342,304,60,117,234,5,96
3904,,7,76,pauli_polynomial_steiner_gray_clifford,"[5, 6, 1, 2, 3, 0, 4]",351,318,53,110,221,6,101
3905,,7,76,pauli_polynomial_steiner_gray_clifford,"[6, 5, 1, 2, 3, 0, 4]",362,322,57,108,229,6,98
3906,,7,76,pauli_polynomial_steiner_gray_clifford,"[4, 5, 1, 2, 6, 0, 3]",367,315,48,98,217,8,105
3907,,7,76,pauli_polynomial_steiner_gray_clifford,"[4, 6, 1, 2, 5, 0, 3]",328,276,54,109,229,5,99
3908,,7,76,pauli_polynomial_steiner_gray_clifford,"[5, 4, 1, 2, 6, 0, 3]",337,300,49,97,210,8,109
3909,,7,76,pauli_polynomial_steiner_gray_clifford,"[6, 4, 1, 2, 5, 0, 3]",330,279,56,106,230,5,100
3910,,7,76,pauli_polynomial_steiner_gray_clifford,"[5, 6, 1, 2, 4, 0, 3]",349,309,52,104,224,6,102
3911,,7,76,pauli_polynomial_steiner_gray_clifford,"[6, 5, 1, 2, 4, 0, 3]",323,278,53,102,232,6,99
3912,,7,76,pauli_polynomial_steiner_gray_clifford,"[3, 4, 1, 5, 2, 0, 6]",332,300,55,103,230,5,100
3913,,7,76,pauli_polynomial_steiner_gray_clifford,"[3, 4, 1, 6, 2, 0, 5]",344,298,55,114,224,4,102
3914,,7,76,pauli_polynomial_steiner_gray_clifford,"[3, 5, 1, 4, 2, 0, 6]",343,297,58,102,236,6,97
3915,,7,76,pauli_polynomial_steiner_gray_clifford,"[3, 6, 1, 4, 2, 0, 5]",343,308,58,105,226,4,101
3916,,7,76,pauli_polynomial_steiner_gray_clifford,"[3, 5, 1, 6, 2, 0, 4]",357,313,55,106,221,7,103
3917,,7,76,pauli_polynomial_steiner_gray_clifford,"[3, 6, 1, 5, 2, 0, 4]",349,306,55,98,217,6,105
3918,,7,76,pauli_polynomial_steiner_gray_clifford,"[4, 3, 1, 5, 2, 0, 6]",370,327,56,108,233,5,96
3919,,7,76,pauli_polynomial_steiner_gray_clifford,"[4, 3, 1, 6, 2, 0, 5]",360,309,53,119,227,4,98
3920,,7,76,pauli_polynomial_steiner_gray_clifford,"[5, 3, 1, 4, 2, 0, 6]",336,304,57,106,232,6,97
3921,,7,76,pauli_polynomial_steiner_gray_clifford,"[6, 3, 1, 4, 2, 0, 5]",333,300,56,107,230,4,98
3922,,7,76,pauli_polynomial_steiner_gray_clifford,"[5, 3, 1, 6, 2, 0, 4]",328,286,54,110,217,7,103
3923,,7,76,pauli_polynomial_steiner_gray_clifford,"[6, 3, 1, 5, 2, 0, 4]",345,311,56,100,221,6,102
3924,,7,76,pauli_polynomial_steiner_gray_clifford,"[4, 5, 1, 3, 2, 0, 6]",351,312,55,102,231,8,97
3925,,7,76,pauli_polynomial_steiner_gray_clifford,"[4, 6, 1, 3, 2, 0, 5]",360,323,58,122,239,5,92
3926,,7,76,pauli_polynomial_steiner_gray_clifford,"[5, 4, 1, 3, 2, 0, 6]",353,300,53,101,224,8,101
3927,,7,76,pauli_polynomial_steiner_gray_clifford,"[6, 4, 1, 3, 2, 0, 5]",341,295,58,119,240,5,93
3928,,7,76,pauli_polynomial_steiner_gray_clifford,"[5, 6, 1, 3, 2, 0, 4]",365,321,56,113,227,6,98
3929,,7,76,pauli_polynomial_steiner_gray_clifford,"[6, 5, 1, 3, 2, 0, 4]",334,297,58,111,235,6,95
3930,,7,76,pauli_polynomial_steiner_gray_clifford,"[4, 5, 1, 6, 2, 0, 3]",333,287,50,100,217,8,105
3931,,7,76,pauli_polynomial_steiner_gray_clifford,"[4, 6, 1, 5, 2, 0, 3]",323,276,56,109,231,6,98
3932,,7,76,pauli_polynomial_steiner_gray_clifford,"[5, 4, 1, 6, 2, 0, 3]",336,299,51,99,210,8,109
3933,,7,76,pauli_polynomial_steiner_gray_clifford,"[6, 4, 1, 5, 2, 0, 3]",352,310,56,106,232,6,99
3934,,7,76,pauli_polynomial_steiner_gray_clifford,"[5, 6, 1, 4, 2, 0, 3]",340,302,57,107,228,5,100
3935,,7,76,pauli_polynomial_steiner_gray_clifford,"[6, 5, 1, 4, 2, 0, 3]",331,294,56,105,236,5,97
3936,,7,76,pauli_polynomial_steiner_gray_clifford,"[3, 4, 1, 5, 6, 0, 2]",367,324,57,99,233,5,99
3937,,7,76,pauli_polynomial_steiner_gray_clifford,"[3, 4, 1, 6, 5, 0, 2]",359,314,58,103,231,4,100
3938,,7,76,pauli_polynomial_steiner_gray_clifford,"[3, 5, 1, 4, 6, 0, 2]",342,299,58,98,235,7,98
3939,,7,76,pauli_polynomial_steiner_gray_clifford,"[3, 6, 1, 4, 5, 0, 2]",324,280,55,94,215,7,108
3940,,7,76,pauli_polynomial_steiner_gray_clifford,"[3, 5, 1, 6, 4, 0, 2]",355,302,56,100,231,8,100
3941,,7,76,pauli_polynomial_steiner_gray_clifford,"[3, 6, 1, 5, 4, 0, 2]",329,292,52,92,213,9,109
3942,,7,76,pauli_polynomial_steiner_gray_clifford,"[4, 3, 1, 5, 6, 0, 2]",351,311,56,104,236,5,95
3943,,7,76,pauli_polynomial_steiner_gray_clifford,"[4, 3, 1, 6, 5, 0, 2]",352,306,57,108,234,4,96
3944,,7,76,pauli_polynomial_steiner_gray_clifford,"[5, 3, 1, 4, 6, 0, 2]",356,314,54,102,231,7,98
3945,,7,76,pauli_polynomial_steiner_gray_clifford,"[6, 3, 1, 4, 5, 0, 2]",350,306,52,96,219,7,105
3946,,7,76,pauli_polynomial_steiner_gray_clifford,"[5, 3, 1, 6, 4, 0, 2]",334,296,55,104,227,8,100
3947,,7,76,pauli_polynomial_steiner_gray_clifford,"[6, 3, 1, 5, 4, 0, 2]",327,290,52,94,217,9,106
3948,,7,76,pauli_polynomial_steiner_gray_clifford,"[4, 5, 1, 3, 6, 0, 2]",340,303,53,98,220,8,103
3949,,7,76,pauli_polynomial_steiner_gray_clifford,"[4, 6, 1, 3, 5, 0, 2]",365,319,58,111,236,6,95
3950,,7,76,pauli_polynomial_steiner_gray_clifford,"[5, 4, 1, 3, 6, 0, 2]",335,285,50,97,213,8,107
3951,,7,76,pauli_polynomial_steiner_gray_clifford,"[6, 4, 1, 3, 5, 0, 2]",336,294,56,108,237,6,96
3952,,7,76,pauli_polynomial_steiner_gray_clifford,"[5, 6, 1, 3, 4, 0, 2]",348,304,54,107,225,6,101
3953,,7,76,pauli_polynomial_steiner_gray_clifford,"[6, 5, 1, 3, 4, 0, 2]",341,297,55,105,233,6,98
3954,,7,76,pauli_polynomial_steiner_gray_clifford,"[4, 5, 1, 6, 3, 0, 2]",337,298,53,100,214,8,106
3955,,7,76,pauli_polynomial_steiner_gray_clifford,"[4, 6, 1, 5, 3, 0, 2]",347,313,57,109,232,7,97
3956,,7,76,pauli_polynomial_steiner_gray_clifford,"[5, 4, 1, 6, 3, 0, 2]",333,287,53,99,207,8,110
3957,,7,76,pauli_polynomial_steiner_gray_clifford,"[6, 4, 1, 5, 3, 0, 2]",337,295,58,106,233,7,98
3958,,7,76,pauli_polynomial_steiner_gray_clifford,"[5, 6, 1, 4, 3, 0, 2]",340,302,56,107,223,5,102
3959,,7,76,pauli_polynomial_steiner_gray_clifford,"[6, 5, 1, 4, 3, 0, 2]",331,292,57,105,231,5,99
3960,,7,76,pauli_polynomial_steiner_gray_clifford,"[2, 3, 4, 1, 5, 0, 6]",353,308,59,111,239,3,95
3961,,7,76,pauli_polynomial_steiner_gray_clifford,"[2, 3, 4, 1, 6, 0, 5]",313,276,57,118,231,3,98
3962,,7,76,pauli_polynomial_steiner_gray_clifford,"[2, 3, 5, 1, 4, 0, 6]",350,303,55,102,229,6,100
3963,,7,76,pauli_polynomial_steiner_gray_clifford,"[2, 3, 6, 1, 4, 0, 5]",336,292,54,105,219,4,104
3964,,7,76,pauli_polynomial_steiner_gray_clifford,"[2, 3, 5, 1, 6, 0, 4]",334,294,56,104,228,6,99
3965,,7,76,pauli_polynomial_steiner_gray_clifford,"[2, 3, 6, 1, 5, 0, 4]",335,289,57,100,226,4,100
3966,,7,76,pauli_polynomial_steiner_gray_clifford,"[2, 4, 3, 1, 5, 0, 6]",358,315,60,115,245,3,92
3967,,7,76,pauli_polynomial_steiner_gray_clifford,"[2, 4, 3, 1, 6, 0, 5]",347,305,58,122,237,3,95
3968,,7,76,pauli_polynomial_steiner_gray_clifford,"[2, 5, 3, 1, 4, 0, 6]",313,273,53,102,221,6,104
3969,,7,76,pauli_polynomial_steiner_gray_clifford,"[2, 6, 3, 1, 4, 0, 5]",336,291,53,102,215,4,106
3970,,7,76,pauli_polynomial_steiner_gray_clifford,"[2, 5, 3, 1, 6, 0, 4]",346,298,55,104,220,6,103
3971,,7,76,pauli_polynomial_steiner_gray_clifford,"[2, 6, 3, 1, 5, 0, 4]",359,313,57,97,222,4,102
3972,,7,76,pauli_polynomial_steiner_gray_clifford,"[2, 4, 5, 1, 3, 0, 6]",330,286,55,104,231,7,99
3973,,7,76,pauli_polynomial_steiner_gray_clifford,"[2, 4, 6, 1, 3, 0, 5]",368,326,58,116,239,4,94
3974,,7,76,pauli_polynomial_steiner_gray_clifford,"[2, 5, 4, 1, 3, 0, 6]",343,301,52,100,217,7,106
3975,,7,76,pauli_polynomial_steiner_gray_clifford,"[2, 6, 4, 1, 3, 0, 5]",338,299,56,109,229,4,99
3976,,7,76,pauli_polynomial_steiner_gray_clifford,"[2, 5, 6, 1, 3, 0, 4]",341,302,56,101,220,5,103
3977,,7,76,pauli_polynomial_steiner_gray_clifford,"[2, 6, 5, 1, 3, 0, 4]",335,295,57,98,224,5,101
3978,,7,76,pauli_polynomial_steiner_gray_clifford,"[2, 4, 5, 1, 6, 0, 3]",351,317,53,100,227,7,102
3979,,7,76,pauli_polynomial_steiner_gray_clifford,"[2, 4, 6, 1, 5, 0, 3]",332,288,58,105,243,4,94
3980,,7,76,pauli_polynomial_steiner_gray_clifford,"[2, 5, 4, 1, 6, 0, 3]",363,320,51,96,213,7,109
3981,,7,76,pauli_polynomial_steiner_gray_clifford,"[2, 6, 4, 1, 5, 0, 3]",328,293,57,98,233,4,99
3982,,7,76,pauli_polynomial_steiner_gray_clifford,"[2, 5, 6, 1, 4, 0, 3]",342,300,53,95,217,5,107
3983,,7,76,pauli_polynomial_steiner_gray_clifford,"[2, 6, 5, 1, 4, 0, 3]",345,303,54,92,221,5,105
3984,,7,76,pauli_polynomial_steiner_gray_clifford,"[3, 2, 4, 1, 5, 0, 6]",342,304,60,111,244,3,93
3985,,7,76,pauli_polynomial_steiner_gray_clifford,"[3, 2, 4, 1, 6, 0, 5]",347,300,60,118,236,3,96
3986,,7,76,pauli_polynomial_steiner_gray_clifford,"[3, 2, 5, 1, 4, 0, 6]",333,287,54,102,228,5,101
3987,,7,76,pauli_polynomial_steiner_gray_clifford,"[3, 2, 6, 1, 4, 0, 5]",346,308,52,105,222,4,103
3988,,7,76,pauli_polynomial_steiner_gray_clifford,"[3, 2, 5, 1, 6, 0, 4]",347,306,56,104,227,5,100
3989,,7,76,pauli_polynomial_steiner_gray_clifford,"[3, 2, 6, 1, 5, 0, 4]",319,280,54,100,229,4,99
3990,,7,76,pauli_polynomial_steiner_gray_clifford,"[4, 2, 3, 1, 5, 0, 6]",352,310,62,120,247,3,89
3991,,7,76,pauli_polynomial_steiner_gray_clifford,"[4, 2, 3, 1, 6, 0, 5]",363,321,59,127,239,3,92
3992,,7,76,pauli_polynomial_steiner_gray_clifford,"[5, 2, 3, 1, 4, 0, 6]",364,323,54,106,224,5,101
3993,,7,76,pauli_polynomial_steiner_gray_clifford,"[6, 2, 3, 1, 4, 0, 5]",329,283,54,104,226,4,100
3994,,7,76,pauli_polynomial_steiner_gray_clifford,"[5, 2, 3, 1, 6, 0, 4]",355,306,54,108,223,5,100
3995,,7,76,pauli_polynomial_steiner_gray_clifford,"[6, 2, 3, 1, 5, 0, 4]",321,282,57,99,233,4,96
3996,,7,76,pauli_polynomial_steiner_gray_clifford,"[4, 2, 5, 1, 3, 0, 6]",361,323,57,109,235,4,95
3997,,7,76,pauli_polynomial_steiner_gray_clifford,"[4, 2, 6, 1, 3, 0, 5]",337,291,55,121,229,3,97
3998,,7,76,pauli_polynomial_steiner_gray_clifford,"[5, 2, 4, 1, 3, 0, 6]",339,298,55,104,228,4,99
3999,,7,76,pauli_polynomial_steiner_gray_clifford,"[6, 2, 4, 1, 3, 0, 5]",350,309,58,111,230,3,98
4000,,7,76,pauli_polynomial_steiner_gray_clifford,"[5, 2, 6, 1, 3, 0, 4]",327,285,52,105,213,5,105
4001,,7,76,pauli_polynomial_steiner_gray_clifford,"[6, 2, 5, 1, 3, 0, 4]",354,304,57,100,221,5,102
4002,,7,76,pauli_polynomial_steiner_gray_clifford,"[4, 2, 5, 1, 6, 0, 3]",375,337,54,105,231,4,98
4003,,7,76,pauli_polynomial_steiner_gray_clifford,"[4, 2, 6, 1, 5, 0, 3]",336,295,55,110,233,3,97
4004,,7,76,pauli_polynomial_steiner_gray_clifford,"[5, 2, 4, 1, 6, 0, 3]",365,319,53,100,224,4,102
4005,,7,76,pauli_polynomial_steiner_gray_clifford,"[6, 2, 4, 1, 5, 0, 3]",353,316,56,100,234,3,98
4006,,7,76,pauli_polynomial_steiner_gray_clifford,"[5, 2, 6, 1, 4, 0, 3]",333,298,50,99,210,5,109
4007,,7,76,pauli_polynomial_steiner_gray_clifford,"[6, 2, 5, 1, 4, 0, 3]",341,305,52,94,218,5,106
4008,,7,76,pauli_polynomial_steiner_gray_clifford,"[3, 4, 2, 1, 5, 0, 6]",354,310,60,113,242,4,94
4009,,7,76,pauli_polynomial_steiner_gray_clifford,"[3, 4, 2, 1, 6, 0, 5]",362,319,58,120,234,4,97
4010,,7,76,pauli_polynomial_steiner_gray_clifford,"[3, 5, 2, 1, 4, 0, 6]",346,297,53,102,218,7,106
4011,,7,76,pauli_polynomial_steiner_gray_clifford,"[3, 6, 2, 1, 4, 0, 5]",324,291,51,101,212,5,108
4012,,7,76,pauli_polynomial_steiner_gray_clifford,"[3, 5, 2, 1, 6, 0, 4]",349,310,53,104,217,7,105
4013,,7,76,pauli_polynomial_steiner_gray_clifford,"[3, 6, 2, 1, 5, 0, 4]",338,299,53,96,219,5,104
4014,,7,76,pauli_polynomial_steiner_gray_clifford,"[4, 3, 2, 1, 5, 0, 6]",352,325,61,118,239,4,93
4015,,7,76,pauli_polynomial_steiner_gray_clifford,"[4, 3, 2, 1, 6, 0, 5]",327,290,56,125,231,4,96
4016,,7,76,pauli_polynomial_steiner_gray_clifford,"[5, 3, 2, 1, 4, 0, 6]",355,310,55,106,222,7,102
4017,,7,76,pauli_polynomial_steiner_gray_clifford,"[6, 3, 2, 1, 4, 0, 5]",348,302,54,103,220,5,103
4018,,7,76,pauli_polynomial_steiner_gray_clifford,"[5, 3, 2, 1, 6, 0, 4]",345,310,52,108,221,7,101
4019,,7,76,pauli_polynomial_steiner_gray_clifford,"[6, 3, 2, 1, 5, 0, 4]",329,292,56,98,227,5,99
4020,,7,76,pauli_polynomial_steiner_gray_clifford,"[4, 5, 2, 1, 3, 0, 6]",344,307,53,103,217,8,104
4021,,7,76,pauli_polynomial_steiner_gray_clifford,"[4, 6, 2, 1, 3, 0, 5]",351,305,54,121,229,5,97
4022,,7,76,pauli_polynomial_steiner_gray_clifford,"[5, 4, 2, 1, 3, 0, 6]",356,321,54,102,224,8,101
4023,,7,76,pauli_polynomial_steiner_gray_clifford,"[6, 4, 2, 1, 3, 0, 5]",361,325,59,118,240,5,93
4024,,7,76,pauli_polynomial_steiner_gray_clifford,"[5, 6, 2, 1, 3, 0, 4]",346,305,53,108,217,6,103
4025,,7,76,pauli_polynomial_steiner_gray_clifford,"[6, 5, 2, 1, 3, 0, 4]",340,298,57,106,221,6,102
4026,,7,76,pauli_polynomial_steiner_gray_clifford,"[4, 5, 2, 1, 6, 0, 3]",326,289,48,99,213,8,107
4027,,7,76,pauli_polynomial_steiner_gray_clifford,"[4, 6, 2, 1, 5, 0, 3]",330,290,54,110,233,5,97
4028,,7,76,pauli_polynomial_steiner_gray_clifford,"[5, 4, 2, 1, 6, 0, 3]",351,296,49,98,220,8,104
4029,,7,76,pauli_polynomial_steiner_gray_clifford,"[6, 4, 2, 1, 5, 0, 3]",327,286,56,107,244,5,93
4030,,7,76,pauli_polynomial_steiner_gray_clifford,"[5, 6, 2, 1, 4, 0, 3]",345,307,51,102,214,6,107
4031,,7,76,pauli_polynomial_steiner_gray_clifford,"[6, 5, 2, 1, 4, 0, 3]",362,315,52,100,218,6,106
4032,,7,76,pauli_polynomial_steiner_gray_clifford,"[3, 4, 5, 1, 2, 0, 6]",329,289,55,99,226,9,102
4033,,7,76,pauli_polynomial_steiner_gray_clifford,"[3, 4, 6, 1, 2, 0, 5]",345,292,56,115,234,6,97
4034,,7,76,pauli_polynomial_steiner_gray_clifford,"[3, 5, 4, 1, 2, 0, 6]",339,298,54,97,218,10,106
4035,,7,76,pauli_polynomial_steiner_gray_clifford,"[3, 6, 4, 1, 2, 0, 5]",349,303,57,109,226,6,101
4036,,7,76,pauli_polynomial_steiner_gray_clifford,"[3, 5, 6, 1, 2, 0, 4]",341,294,52,103,221,8,103
4037,,7,76,pauli_polynomial_steiner_gray_clifford,"[3, 6, 5, 1, 2, 0, 4]",360,316,54,99,221,7,103
4038,,7,76,pauli_polynomial_steiner_gray_clifford,"[4, 3, 5, 1, 2, 0, 6]",341,309,58,104,231,7,97
4039,,7,76,pauli_polynomial_steiner_gray_clifford,"[4, 3, 6, 1, 2, 0, 5]",350,307,55,120,221,5,101
4040,,7,76,pauli_polynomial_steiner_gray_clifford,"[5, 3, 4, 1, 2, 0, 6]",348,311,56,101,224,7,101
4041,,7,76,pauli_polynomial_steiner_gray_clifford,"[6, 3, 4, 1, 2, 0, 5]",331,285,56,111,222,5,102
4042,,7,76,pauli_polynomial_steiner_gray_clifford,"[5, 3, 6, 1, 2, 0, 4]",337,298,51,107,211,8,106
4043,,7,76,pauli_polynomial_steiner_gray_clifford,"[6, 3, 5, 1, 2, 0, 4]",347,299,54,101,219,8,103
4044,,7,76,pauli_polynomial_steiner_gray_clifford,"[4, 5, 3, 1, 2, 0, 6]",352,317,55,100,221,10,102
4045,,7,76,pauli_polynomial_steiner_gray_clifford,"[4, 6, 3, 1, 2, 0, 5]",362,321,57,122,229,6,97
4046,,7,76,pauli_polynomial_steiner_gray_clifford,"[5, 4, 3, 1, 2, 0, 6]",350,315,54,99,222,9,102
4047,,7,76,pauli_polynomial_steiner_gray_clifford,"[6, 4, 3, 1, 2, 0, 5]",370,329,57,119,238,6,94
4048,,7,76,pauli_polynomial_steiner_gray_clifford,"[5, 6, 3, 1, 2, 0, 4]",335,299,54,110,217,7,103
4049,,7,76,pauli_polynomial_steiner_gray_clifford,"[6, 5, 3, 1, 2, 0, 4]",340,298,55,108,225,8,100
4050,,7,76,pauli_polynomial_steiner_gray_clifford,"[4, 5, 6, 1, 2, 0, 3]",320,276,51,101,217,9,105
4051,,7,76,pauli_polynomial_steiner_gray_clifford,"[4, 6, 5, 1, 2, 0, 3]",349,308,56,107,235,7,96
4052,,7,76,pauli_polynomial_steiner_gray_clifford,"[5, 4, 6, 1, 2, 0, 3]",353,311,51,100,220,10,104
4053,,7,76,pauli_polynomial_steiner_gray_clifford,"[6, 4, 5, 1, 2, 0, 3]",321,287,53,104,228,10,101
4054,,7,76,pauli_polynomial_steiner_gray_clifford,"[5, 6, 4, 1, 2, 0, 3]",335,293,56,105,228,7,100
4055,,7,76,pauli_polynomial_steiner_gray_clifford,"[6, 5, 4, 1, 2, 0, 3]",347,314,53,103,218,9,106
4056,,7,76,pauli_polynomial_steiner_gray_clifford,"[3, 4, 5, 1, 6, 0, 2]",357,316,57,95,225,8,103
4057,,7,76,pauli_polynomial_steiner_gray_clifford,"[3, 4, 6, 1, 5, 0, 2]",329,281,60,104,241,5,95
4058,,7,76,pauli_polynomial_steiner_gray_clifford,"[3, 5, 4, 1, 6, 0, 2]",355,315,56,93,217,9,107
4059,,7,76,pauli_polynomial_steiner_gray_clifford,"[3, 6, 4, 1, 5, 0, 2]",348,304,59,98,233,5,99
4060,,7,76,pauli_polynomial_steiner_gray_clifford,"[3, 5, 6, 1, 4, 0, 2]",360,315,54,97,221,7,105
4061,,7,76,pauli_polynomial_steiner_gray_clifford,"[3, 6, 5, 1, 4, 0, 2]",334,287,54,93,221,6,105
4062,,7,76,pauli_polynomial_steiner_gray_clifford,"[4, 3, 5, 1, 6, 0, 2]",360,321,58,100,230,6,98
4063,,7,76,pauli_polynomial_steiner_gray_clifford,"[4, 3, 6, 1, 5, 0, 2]",335,298,60,109,228,4,99
4064,,7,76,pauli_polynomial_steiner_gray_clifford,"[5, 3, 4, 1, 6, 0, 2]",321,285,55,97,223,6,102
4065,,7,76,pauli_polynomial_steiner_gray_clifford,"[6, 3, 4, 1, 5, 0, 2]",333,288,57,100,229,4,100
4066,,7,76,pauli_polynomial_steiner_gray_clifford,"[5, 3, 6, 1, 4, 0, 2]",338,305,53,101,211,7,108
4067,,7,76,pauli_polynomial_steiner_gray_clifford,"[6, 3, 5, 1, 4, 0, 2]",318,282,53,95,219,7,105
4068,,7,76,pauli_polynomial_steiner_gray_clifford,"[4, 5, 3, 1, 6, 0, 2]",350,312,55,96,220,9,103
4069,,7,76,pauli_polynomial_steiner_gray_clifford,"[4, 6, 3, 1, 5, 0, 2]",368,323,60,111,236,5,95
4070,,7,76,pauli_polynomial_steiner_gray_clifford,"[5, 4, 3, 1, 6, 0, 2]",370,328,53,95,221,8,103
4071,,7,76,pauli_polynomial_steiner_gray_clifford,"[6, 4, 3, 1, 5, 0, 2]",349,301,58,108,245,5,92
4072,,7,76,pauli_polynomial_steiner_gray_clifford,"[5, 6, 3, 1, 4, 0, 2]",362,321,53,104,217,6,105
4073,,7,76,pauli_polynomial_steiner_gray_clifford,"[6, 5, 3, 1, 4, 0, 2]",339,292,53,102,225,7,102
4074,,7,76,pauli_polynomial_steiner_gray_clifford,"[4, 5, 6, 1, 3, 0, 2]",354,311,56,101,220,8,103
4075,,7,76,pauli_polynomial_steiner_gray_clifford,"[4, 6, 5, 1, 3, 0, 2]",369,331,59,107,238,6,94
4076,,7,76,pauli_polynomial_steiner_gray_clifford,"[5, 4, 6, 1, 3, 0, 2]",369,328,55,100,223,9,102
4077,,7,76,pauli_polynomial_steiner_gray_clifford,"[6, 4, 5, 1, 3, 0, 2]",323,290,57,104,231,9,99
4078,,7,76,pauli_polynomial_steiner_gray_clifford,"[5, 6, 4, 1, 3, 0, 2]",370,317,57,105,231,6,98
4079,,7,76,pauli_polynomial_steiner_gray_clifford,"[6, 5, 4, 1, 3, 0, 2]",345,317,56,103,221,8,104
4080,,7,76,pauli_polynomial_steiner_gray_clifford,"[2, 3, 4, 5, 1, 0, 6]",327,284,57,109,231,6,99
4081,,7,76,pauli_polynomial_steiner_gray_clifford,"[2, 3, 4, 6, 1, 0, 5]",339,294,59,122,239,3,94
4082,,7,76,pauli_polynomial_steiner_gray_clifford,"[2, 3, 5, 4, 1, 0, 6]",323,288,54,104,223,7,103
4083,,7,76,pauli_polynomial_steiner_gray_clifford,"[2, 3, 6, 4, 1, 0, 5]",330,281,57,116,231,3,98
4084,,7,76,pauli_polynomial_steiner_gray_clifford,"[2, 3, 5, 6, 1, 0, 4]",333,296,55,106,226,5,100
4085,,7,76,pauli_polynomial_steiner_gray_clifford,"[2, 3, 6, 5, 1, 0, 4]",350,309,56,105,226,4,100
4086,,7,76,pauli_polynomial_steiner_gray_clifford,"[2, 4, 3, 5, 1, 0, 6]",323,288,60,113,239,4,95
4087,,7,76,pauli_polynomial_steiner_gray_clifford,"[2, 4, 3, 6, 1, 0, 5]",337,296,61,126,229,2,99
4088,,7,76,pauli_polynomial_steiner_gray_clifford,"[2, 5, 3, 4, 1, 0, 6]",326,292,55,104,225,4,102
4089,,7,76,pauli_polynomial_steiner_gray_clifford,"[2, 6, 3, 4, 1, 0, 5]",329,293,57,113,219,2,104
4090,,7,76,pauli_polynomial_steiner_gray_clifford,"[2, 5, 3, 6, 1, 0, 4]",338,297,54,106,212,5,107
4091,,7,76,pauli_polynomial_steiner_gray_clifford,"[2, 6, 3, 5, 1, 0, 4]",354,304,55,102,216,5,105
4092,,7,76,pauli_polynomial_steiner_gray_clifford,"[2, 4, 5, 3, 1, 0, 6]",335,298,56,108,229,7,100
4093,,7,76,pauli_polynomial_steiner_gray_clifford,"[2, 4, 6, 3, 1, 0, 5]",356,312,60,124,237,3,95
4094,,7,76,pauli_polynomial_steiner_gray_clifford,"[2, 5, 4, 3, 1, 0, 6]",347,305,54,104,223,6,103
4095,,7,76,pauli_polynomial_steiner_gray_clifford,"[2, 6, 4, 3, 1, 0, 5]",345,305,58,117,235,3,96
4096,,7,76,pauli_polynomial_steiner_gray_clifford,"[2, 5, 6, 3, 1, 0, 4]",336,303,56,106,218,4,104
4097,,7,76,pauli_polynomial_steiner_gray_clifford,"[2, 6, 5, 3, 1, 0, 4]",323,292,56,103,222,5,102
4098,,7,76,pauli_polynomial_steiner_gray_clifford,"[2, 4, 5, 6, 1, 0, 3]",338,295,56,104,225,6,103
4099,,7,76,pauli_polynomial_steiner_gray_clifford,"[2, 4, 6, 5, 1, 0, 3]",339,300,59,107,243,4,94
4100,,7,76,pauli_polynomial_steiner_gray_clifford,"[2, 5, 4, 6, 1, 0, 3]",346,301,53,100,221,7,105
4101,,7,76,pauli_polynomial_steiner_gray_clifford,"[2, 6, 4, 5, 1, 0, 3]",341,295,55,100,225,7,103
4102,,7,76,pauli_polynomial_steiner_gray_clifford,"[2, 5, 6, 4, 1, 0, 3]",335,291,56,100,229,4,101
4103,,7,76,pauli_polynomial_steiner_gray_clifford,"[2, 6, 5, 4, 1, 0, 3]",333,293,55,97,215,6,108
4104,,7,76,pauli_polynomial_steiner_gray_clifford,"[3, 2, 4, 5, 1, 0, 6]",328,283,55,109,236,6,97
4105,,7,76,pauli_polynomial_steiner_gray_clifford,"[3, 2, 4, 6, 1, 0, 5]",329,284,60,122,244,3,92
4106,,7,76,pauli_polynomial_steiner_gray_clifford,"[3, 2, 5, 4, 1, 0, 6]",353,307,53,104,222,6,104
4107,,7,76,pauli_polynomial_steiner_gray_clifford,"[3, 2, 6, 4, 1, 0, 5]",326,287,58,116,234,3,97
4108,,7,76,pauli_polynomial_steiner_gray_clifford,"[3, 2, 5, 6, 1, 0, 4]",366,314,56,106,225,4,101
4109,,7,76,pauli_polynomial_steiner_gray_clifford,"[3, 2, 6, 5, 1, 0, 4]",349,303,56,105,229,4,99
4110,,7,76,pauli_polynomial_steiner_gray_clifford,"[4, 2, 3, 5, 1, 0, 6]",368,337,60,118,241,4,92
4111,,7,76,pauli_polynomial_steiner_gray_clifford,"[4, 2, 3, 6, 1, 0, 5]",335,291,60,131,231,2,96
4112,,7,76,pauli_polynomial_steiner_gray_clifford,"[5, 2, 3, 4, 1, 0, 6]",347,310,56,108,228,3,99
4113,,7,76,pauli_polynomial_steiner_gray_clifford,"[6, 2, 3, 4, 1, 0, 5]",348,300,58,115,230,2,98
4114,,7,76,pauli_polynomial_steiner_gray_clifford,"[5, 2, 3, 6, 1, 0, 4]",338,294,54,110,215,4,104
4115,,7,76,pauli_polynomial_steiner_gray_clifford,"[6, 2, 3, 5, 1, 0, 4]",360,322,56,104,227,5,99
4116,,7,76,pauli_polynomial_steiner_gray_clifford,"[4, 2, 5, 3, 1, 0, 6]",348,307,59,113,233,4,96
4117,,7,76,pauli_polynomial_steiner_gray_clifford,"[4, 2, 6, 3, 1, 0, 5]",346,307,60,129,227,2,98
4118,,7,76,pauli_polynomial_steiner_gray_clifford,"[5, 2, 4, 3, 1, 0, 6]",342,308,57,108,234,3,96
4119,,7,76,pauli_polynomial_steiner_gray_clifford,"[6, 2, 4, 3, 1, 0, 5]",355,313,60,119,236,2,95
4120,,7,76,pauli_polynomial_steiner_gray_clifford,"[5, 2, 6, 3, 1, 0, 4]",333,296,55,110,211,4,106
4121,,7,76,pauli_polynomial_steiner_gray_clifford,"[6, 2, 5, 3, 1, 0, 4]",344,299,57,105,219,5,103
4122,,7,76,pauli_polynomial_steiner_gray_clifford,"[4, 2, 5, 6, 1, 0, 3]",361,320,57,109,229,3,99
4123,,7,76,pauli_polynomial_steiner_gray_clifford,"[4, 2, 6, 5, 1, 0, 3]",349,307,58,112,233,3,97
4124,,7,76,pauli_polynomial_steiner_gray_clifford,"[5, 2, 4, 6, 1, 0, 3]",360,317,55,104,232,4,98
4125,,7,76,pauli_polynomial_steiner_gray_clifford,"[6, 2, 4, 5, 1, 0, 3]",327,285,53,102,226,6,102
4126,,7,76,pauli_polynomial_steiner_gray_clifford,"[5, 2, 6, 4, 1, 0, 3]",328,294,55,104,222,4,103
4127,,7,76,pauli_polynomial_steiner_gray_clifford,"[6, 2, 5, 4, 1, 0, 3]",348,305,52,99,212,6,109
4128,,7,76,pauli_polynomial_steiner_gray_clifford,"[3, 4, 2, 5, 1, 0, 6]",349,305,59,111,238,3,96
4129,,7,76,pauli_polynomial_steiner_gray_clifford,"[3, 4, 2, 6, 1, 0, 5]",370,324,60,124,232,2,98
4130,,7,76,pauli_polynomial_steiner_gray_clifford,"[3, 5, 2, 4, 1, 0, 6]",334,292,56,104,230,4,100
4131,,7,76,pauli_polynomial_steiner_gray_clifford,"[3, 6, 2, 4, 1, 0, 5]",332,286,59,112,224,2,102
4132,,7,76,pauli_polynomial_steiner_gray_clifford,"[3, 5, 2, 6, 1, 0, 4]",339,296,54,106,215,5,106
4133,,7,76,pauli_polynomial_steiner_gray_clifford,"[3, 6, 2, 5, 1, 0, 4]",325,288,56,101,215,4,106
4134,,7,76,pauli_polynomial_steiner_gray_clifford,"[4, 3, 2, 5, 1, 0, 6]",341,303,61,116,235,3,95
4135,,7,76,pauli_polynomial_steiner_gray_clifford,"[4, 3, 2, 6, 1, 0, 5]",352,308,58,129,229,2,97
4136,,7,76,pauli_polynomial_steiner_gray_clifford,"[5, 3, 2, 4, 1, 0, 6]",361,319,58,108,234,4,96
4137,,7,76,pauli_polynomial_steiner_gray_clifford,"[6, 3, 2, 4, 1, 0, 5]",320,281,59,114,232,2,97
4138,,7,76,pauli_polynomial_steiner_gray_clifford,"[5, 3, 2, 6, 1, 0, 4]",342,298,53,110,219,5,102
4139,,7,76,pauli_polynomial_steiner_gray_clifford,"[6, 3, 2, 5, 1, 0, 4]",331,293,57,103,223,4,101
4140,,7,76,pauli_polynomial_steiner_gray_clifford,"[4, 5, 2, 3, 1, 0, 6]",338,299,57,107,225,6,100
4141,,7,76,pauli_polynomial_steiner_gray_clifford,"[4, 6, 2, 3, 1, 0, 5]",342,303,60,129,237,3,93
4142,,7,76,pauli_polynomial_steiner_gray_clifford,"[5, 4, 2, 3, 1, 0, 6]",363,322,57,106,232,6,97
4143,,7,76,pauli_polynomial_steiner_gray_clifford,"[6, 4, 2, 3, 1, 0, 5]",367,329,62,126,248,3,89
4144,,7,76,pauli_polynomial_steiner_gray_clifford,"[5, 6, 2, 3, 1, 0, 4]",371,333,57,113,225,4,99
4145,,7,76,pauli_polynomial_steiner_gray_clifford,"[6, 5, 2, 3, 1, 0, 4]",344,306,59,111,229,4,98
4146,,7,76,pauli_polynomial_steiner_gray_clifford,"[4, 5, 2, 6, 1, 0, 3]",356,321,52,103,211,6,108
4147,,7,76,pauli_polynomial_steiner_gray_clifford,"[4, 6, 2, 5, 1, 0, 3]",345,295,58,112,229,4,99
4148,,7,76,pauli_polynomial_steiner_gray_clifford,"[5, 4, 2, 6, 1, 0, 3]",341,296,53,102,218,6,105
4149,,7,76,pauli_polynomial_steiner_gray_clifford,"[6, 4, 2, 5, 1, 0, 3]",368,320,57,109,240,4,95
4150,,7,76,pauli_polynomial_steiner_gray_clifford,"[5, 6, 2, 4, 1, 0, 3]",359,324,58,107,226,3,101
4151,,7,76,pauli_polynomial_steiner_gray_clifford,"[6, 5, 2, 4, 1, 0, 3]",329,295,56,105,230,3,100
4152,,7,76,pauli_polynomial_steiner_gray_clifford,"[3, 4, 5, 2, 1, 0, 6]",332,290,56,103,220,7,105
4153,,7,76,pauli_polynomial_steiner_gray_clifford,"[3, 4, 6, 2, 1, 0, 5]",335,294,59,121,232,4,98
4154,,7,76,pauli_polynomial_steiner_gray_clifford,"[3, 5, 4, 2, 1, 0, 6]",345,301,55,101,226,8,102
4155,,7,76,pauli_polynomial_steiner_gray_clifford,"[3, 6, 4, 2, 1, 0, 5]",363,323,60,115,234,4,97
4156,,7,76,pauli_polynomial_steiner_gray_clifford,"[3, 5, 6, 2, 1, 0, 4]",353,307,53,105,219,6,104
4157,,7,76,pauli_polynomial_steiner_gray_clifford,"[3, 6, 5, 2, 1, 0, 4]",326,287,55,101,215,5,106
4158,,7,76,pauli_polynomial_steiner_gray_clifford,"[4, 3, 5, 2, 1, 0, 6]",358,310,60,108,225,5,100
4159,,7,76,pauli_polynomial_steiner_gray_clifford,"[4, 3, 6, 2, 1, 0, 5]",350,305,58,126,219,3,102
4160,,7,76,pauli_polynomial_steiner_gray_clifford,"[5, 3, 4, 2, 1, 0, 6]",360,309,60,105,232,5,97
4161,,7,76,pauli_polynomial_steiner_gray_clifford,"[6, 3, 4, 2, 1, 0, 5]",345,308,61,117,230,3,98
4162,,7,76,pauli_polynomial_steiner_gray_clifford,"[5, 3, 6, 2, 1, 0, 4]",356,315,52,109,209,6,107
4163,,7,76,pauli_polynomial_steiner_gray_clifford,"[6, 3, 5, 2, 1, 0, 4]",323,283,55,103,213,6,106
4164,,7,76,pauli_polynomial_steiner_gray_clifford,"[4, 5, 3, 2, 1, 0, 6]",372,334,57,104,223,8,101
4165,,7,76,pauli_polynomial_steiner_gray_clifford,"[4, 6, 3, 2, 1, 0, 5]",357,314,60,128,231,4,96
4166,,7,76,pauli_polynomial_steiner_gray_clifford,"[5, 4, 3, 2, 1, 0, 6]",336,300,58,103,224,7,101
4167,,7,76,pauli_polynomial_steiner_gray_clifford,"[6, 4, 3, 2, 1, 0, 5]",360,314,62,125,240,4,93
4168,,7,76,pauli_polynomial_steiner_gray_clifford,"[5, 6, 3, 2, 1, 0, 4]",349,310,55,112,219,5,102
4169,,7,76,pauli_polynomial_steiner_gray_clifford,"[6, 5, 3, 2, 1, 0, 4]",336,299,56,110,227,6,99
4170,,7,76,pauli_polynomial_steiner_gray_clifford,"[4, 5, 6, 2, 1, 0, 3]",326,287,53,103,215,7,106
4171,,7,76,pauli_polynomial_steiner_gray_clifford,"[4, 6, 5, 2, 1, 0, 3]",340,297,58,109,229,5,99
4172,,7,76,pauli_polynomial_steiner_gray_clifford,"[5, 4, 6, 2, 1, 0, 3]",356,319,53,102,218,8,105
4173,,7,76,pauli_polynomial_steiner_gray_clifford,"[6, 4, 5, 2, 1, 0, 3]",348,305,54,106,222,8,104
4174,,7,76,pauli_polynomial_steiner_gray_clifford,"[5, 6, 4, 2, 1, 0, 3]",349,309,58,107,236,5,96
4175,,7,76,pauli_polynomial_steiner_gray_clifford,"[6, 5, 4, 2, 1, 0, 3]",340,300,54,105,226,7,102
4176,,7,76,pauli_polynomial_steiner_gray_clifford,"[3, 4, 5, 6, 1, 0, 2]",329,288,56,94,223,7,104
4177,,7,76,pauli_polynomial_steiner_gray_clifford,"[3, 4, 6, 5, 1, 0, 2]",325,291,58,99,241,5,95
4178,,7,76,pauli_polynomial_steiner_gray_clifford,"[3, 5, 4, 6, 1, 0, 2]",320,285,54,92,225,9,103
4179,,7,76,pauli_polynomial_steiner_gray_clifford,"[3, 6, 4, 5, 1, 0, 2]",350,302,54,93,225,8,103
4180,,7,76,pauli_polynomial_steiner_gray_clifford,"[3, 5, 6, 4, 1, 0, 2]",329,284,54,94,233,6,99
4181,,7,76,pauli_polynomial_steiner_gray_clifford,"[3, 6, 5, 4, 1, 0, 2]",331,286,52,90,215,7,108
4182,,7,76,pauli_polynomial_steiner_gray_clifford,"[4, 3, 5, 6, 1, 0, 2]",350,306,56,99,228,5,99
4183,,7,76,pauli_polynomial_steiner_gray_clifford,"[4, 3, 6, 5, 1, 0, 2]",346,298,57,104,228,4,99
4184,,7,76,pauli_polynomial_steiner_gray_clifford,"[5, 3, 4, 6, 1, 0, 2]",362,320,55,96,231,6,98
4185,,7,76,pauli_polynomial_steiner_gray_clifford,"[6, 3, 4, 5, 1, 0, 2]",353,317,54,95,221,7,104
4186,,7,76,pauli_polynomial_steiner_gray_clifford,"[5, 3, 6, 4, 1, 0, 2]",349,305,52,98,223,6,102
4187,,7,76,pauli_polynomial_steiner_gray_clifford,"[6, 3, 5, 4, 1, 0, 2]",314,269,50,92,213,8,108
4188,,7,76,pauli_polynomial_steiner_gray_clifford,"[4, 5, 3, 6, 1, 0, 2]",355,313,53,95,212,8,107
4189,,7,76,pauli_polynomial_steiner_gray_clifford,"[4, 6, 3, 5, 1, 0, 2]",338,301,56,106,230,6,98
4190,,7,76,pauli_polynomial_steiner_gray_clifford,"[5, 4, 3, 6, 1, 0, 2]",346,310,54,94,213,7,107
4191,,7,76,pauli_polynomial_steiner_gray_clifford,"[6, 4, 3, 5, 1, 0, 2]",357,315,57,103,239,6,95
4192,,7,76,pauli_polynomial_steiner_gray_clifford,"[5, 6, 3, 4, 1, 0, 2]",339,300,53,101,221,4,103
4193,,7,76,pauli_polynomial_steiner_gray_clifford,"[6, 5, 3, 4, 1, 0, 2]",340,291,53,99,229,5,100
4194,,7,76,pauli_polynomial_steiner_gray_clifford,"[4, 5, 6, 3, 1, 0, 2]",327,287,54,98,218,7,104
4195,,7,76,pauli_polynomial_steiner_gray_clifford,"[4, 6, 5, 3, 1, 0, 2]",324,287,56,104,236,6,95
4196,,7,76,pauli_polynomial_steiner_gray_clifford,"[5, 4, 6, 3, 1, 0, 2]",353,309,53,97,221,8,103
4197,,7,76,pauli_polynomial_steiner_gray_clifford,"[6, 4, 5, 3, 1, 0, 2]",358,315,54,101,229,9,100
4198,,7,76,pauli_polynomial_steiner_gray_clifford,"[5, 6, 4, 3, 1, 0, 2]",355,307,55,102,237,5,95
4199,,7,76,pauli_polynomial_steiner_gray_clifford,"[6, 5, 4, 3, 1, 0, 2]",354,311,54,100,227,7,101
4200,,7,76,pauli_polynomial_steiner_gray_clifford,"[2, 3, 4, 5, 6, 0, 1]",350,303,58,120,228,5,97
4201,,7,76,pauli_polynomial_steiner_gray_clifford,"[2, 3, 4, 6, 5, 0, 1]",336,300,62,126,244,2,89
4202,,7,76,pauli_polynomial_steiner_gray_clifford,"[2, 3, 5, 4, 6, 0, 1]",345,307,55,115,230,7,96
4203,,7,76,pauli_polynomial_steiner_gray_clifford,"[2, 3, 6, 4, 5, 0, 1]",337,285,57,120,228,5,97
4204,,7,76,pauli_polynomial_steiner_gray_clifford,"[2, 3, 5, 6, 4, 0, 1]",361,315,55,115,234,5,94
4205,,7,76,pauli_polynomial_steiner_gray_clifford,"[2, 3, 6, 5, 4, 0, 1]",337,285,53,114,216,6,103
4206,,7,76,pauli_polynomial_steiner_gray_clifford,"[2, 4, 3, 5, 6, 0, 1]",358,316,59,124,236,3,93
4207,,7,76,pauli_polynomial_steiner_gray_clifford,"[2, 4, 3, 6, 5, 0, 1]",337,297,62,130,234,1,94
4208,,7,76,pauli_polynomial_steiner_gray_clifford,"[2, 5, 3, 4, 6, 0, 1]",343,302,56,115,232,4,95
4209,,7,76,pauli_polynomial_steiner_gray_clifford,"[2, 6, 3, 4, 5, 0, 1]",325,275,57,117,216,4,103
4210,,7,76,pauli_polynomial_steiner_gray_clifford,"[2, 5, 3, 6, 4, 0, 1]",344,307,53,115,220,5,101
4211,,7,76,pauli_polynomial_steiner_gray_clifford,"[2, 6, 3, 5, 4, 0, 1]",325,275,51,111,206,7,108
4212,,7,76,pauli_polynomial_steiner_gray_clifford,"[2, 4, 5, 3, 6, 0, 1]",362,322,54,119,220,6,101
4213,,7,76,pauli_polynomial_steiner_gray_clifford,"[2, 4, 6, 3, 5, 0, 1]",334,287,59,128,236,3,93
4214,,7,76,pauli_polynomial_steiner_gray_clifford,"[2, 5, 4, 3, 6, 0, 1]",378,328,54,115,214,5,104
4215,,7,76,pauli_polynomial_steiner_gray_clifford,"[2, 6, 4, 3, 5, 0, 1]",348,308,59,121,234,3,94
4216,,7,76,pauli_polynomial_steiner_gray_clifford,"[2, 5, 6, 3, 4, 0, 1]",354,311,55,115,218,3,102
4217,,7,76,pauli_polynomial_steiner_gray_clifford,"[2, 6, 5, 3, 4, 0, 1]",353,309,55,112,222,4,100
4218,,7,76,pauli_polynomial_steiner_gray_clifford,"[2, 4, 5, 6, 3, 0, 1]",350,313,56,119,220,5,101
4219,,7,76,pauli_polynomial_steiner_gray_clifford,"[2, 4, 6, 5, 3, 0, 1]",346,302,58,122,238,4,92
4220,,7,76,pauli_polynomial_steiner_gray_clifford,"[2, 5, 4, 6, 3, 0, 1]",343,305,54,115,216,6,103
4221,,7,76,pauli_polynomial_steiner_gray_clifford,"[2, 6, 4, 5, 3, 0, 1]",328,290,55,115,220,7,101
4222,,7,76,pauli_polynomial_steiner_gray_clifford,"[2, 5, 6, 4, 3, 0, 1]",350,301,58,115,232,3,95
4223,,7,76,pauli_polynomial_steiner_gray_clifford,"[2, 6, 5, 4, 3, 0, 1]",343,302,57,112,218,5,102
4224,,7,76,pauli_polynomial_steiner_gray_clifford,"[3, 2, 4, 5, 6, 0, 1]",323,290,59,120,233,5,95
4225,,7,76,pauli_polynomial_steiner_gray_clifford,"[3, 2, 4, 6, 5, 0, 1]",375,325,64,126,249,2,87
4226,,7,76,pauli_polynomial_steiner_gray_clifford,"[3, 2, 5, 4, 6, 0, 1]",338,304,57,115,229,6,97
4227,,7,76,pauli_polynomial_steiner_gray_clifford,"[3, 2, 6, 4, 5, 0, 1]",328,289,59,120,231,5,96
4228,,7,76,pauli_polynomial_steiner_gray_clifford,"[3, 2, 5, 6, 4, 0, 1]",348,301,58,115,233,4,95
4229,,7,76,pauli_polynomial_steiner_gray_clifford,"[3, 2, 6, 5, 4, 0, 1]",328,289,55,114,219,6,102
4230,,7,76,pauli_polynomial_steiner_gray_clifford,"[4, 2, 3, 5, 6, 0, 1]",340,299,60,129,238,3,90
4231,,7,76,pauli_polynomial_steiner_gray_clifford,"[4, 2, 3, 6, 5, 0, 1]",362,314,63,135,236,1,91
4232,,7,76,pauli_polynomial_steiner_gray_clifford,"[5, 2, 3, 4, 6, 0, 1]",340,293,59,119,235,3,92
4233,,7,76,pauli_polynomial_steiner_gray_clifford,"[6, 2, 3, 4, 5, 0, 1]",319,279,59,119,227,4,97
4234,,7,76,pauli_polynomial_steiner_gray_clifford,"[5, 2, 3, 6, 4, 0, 1]",352,308,57,119,223,4,98
4235,,7,76,pauli_polynomial_steiner_gray_clifford,"[6, 2, 3, 5, 4, 0, 1]",319,279,54,113,217,7,102
4236,,7,76,pauli_polynomial_steiner_gray_clifford,"[4, 2, 5, 3, 6, 0, 1]",373,340,58,124,224,3,97
4237,,7,76,pauli_polynomial_steiner_gray_clifford,"[4, 2, 6, 3, 5, 0, 1]",348,314,61,133,226,2,96
4238,,7,76,pauli_polynomial_steiner_gray_clifford,"[5, 2, 4, 3, 6, 0, 1]",337,307,59,119,225,2,97
4239,,7,76,pauli_polynomial_steiner_gray_clifford,"[6, 2, 4, 3, 5, 0, 1]",370,317,62,123,235,2,93
4240,,7,76,pauli_polynomial_steiner_gray_clifford,"[5, 2, 6, 3, 4, 0, 1]",356,306,58,119,211,3,104
4241,,7,76,pauli_polynomial_steiner_gray_clifford,"[6, 2, 5, 3, 4, 0, 1]",341,301,58,114,219,4,101
4242,,7,76,pauli_polynomial_steiner_gray_clifford,"[4, 2, 5, 6, 3, 0, 1]",358,314,59,124,224,2,97
4243,,7,76,pauli_polynomial_steiner_gray_clifford,"[4, 2, 6, 5, 3, 0, 1]",347,307,59,127,228,3,95
4244,,7,76,pauli_polynomial_steiner_gray_clifford,"[5, 2, 4, 6, 3, 0, 1]",357,320,59,119,227,3,96
4245,,7,76,pauli_polynomial_steiner_gray_clifford,"[6, 2, 4, 5, 3, 0, 1]",348,308,57,117,221,6,100
4246,,7,76,pauli_polynomial_steiner_gray_clifford,"[5, 2, 6, 4, 3, 0, 1]",343,312,60,119,225,3,97
4247,,7,76,pauli_polynomial_steiner_gray_clifford,"[6, 2, 5, 4, 3, 0, 1]",336,290,58,114,215,5,103
4248,,7,76,pauli_polynomial_steiner_gray_clifford,"[3, 4, 2, 5, 6, 0, 1]",342,298,60,122,235,2,94
4249,,7,76,pauli_polynomial_steiner_gray_clifford,"[3, 4, 2, 6, 5, 0, 1]",351,318,63,128,237,1,93
4250,,7,76,pauli_polynomial_steiner_gray_clifford,"[3, 5, 2, 4, 6, 0, 1]",333,293,59,115,237,4,93
4251,,7,76,pauli_polynomial_steiner_gray_clifford,"[3, 6, 2, 4, 5, 0, 1]",309,282,57,116,221,4,101
4252,,7,76,pauli_polynomial_steiner_gray_clifford,"[3, 5, 2, 6, 4, 0, 1]",359,317,57,115,223,5,100
4253,,7,76,pauli_polynomial_steiner_gray_clifford,"[3, 6, 2, 5, 4, 0, 1]",309,282,52,110,205,6,109
4254,,7,76,pauli_polynomial_steiner_gray_clifford,"[4, 3, 2, 5, 6, 0, 1]",338,296,60,127,232,2,93
4255,,7,76,pauli_polynomial_steiner_gray_clifford,"[4, 3, 2, 6, 5, 0, 1]",361,317,62,133,234,1,92
4256,,7,76,pauli_polynomial_steiner_gray_clifford,"[5, 3, 2, 4, 6, 0, 1]",322,283,60,119,241,4,89
4257,,7,76,pauli_polynomial_steiner_gray_clifford,"[6, 3, 2, 4, 5, 0, 1]",316,281,57,118,229,4,96
4258,,7,76,pauli_polynomial_steiner_gray_clifford,"[5, 3, 2, 6, 4, 0, 1]",342,299,58,119,227,5,96
4259,,7,76,pauli_polynomial_steiner_gray_clifford,"[6, 3, 2, 5, 4, 0, 1]",316,281,53,112,213,6,104
4260,,7,76,pauli_polynomial_steiner_gray_clifford,"[4, 5, 2, 3, 6, 0, 1]",359,319,54,118,216,5,101
4261,,7,76,pauli_polynomial_steiner_gray_clifford,"[4, 6, 2, 3, 5, 0, 1]",341,313,61,133,236,3,91
4262,,7,76,pauli_polynomial_steiner_gray_clifford,"[5, 4, 2, 3, 6, 0, 1]",335,303,55,117,223,5,98
4263,,7,76,pauli_polynomial_steiner_gray_clifford,"[6, 4, 2, 3, 5, 0, 1]",349,307,62,130,247,3,87
4264,,7,76,pauli_polynomial_steiner_gray_clifford,"[5, 6, 2, 3, 4, 0, 1]",356,319,59,122,225,3,97
4265,,7,76,pauli_polynomial_steiner_gray_clifford,"[6, 5, 2, 3, 4, 0, 1]",329,288,59,120,229,3,96
4266,,7,76,pauli_polynomial_steiner_gray_clifford,"[4, 5, 2, 6, 3, 0, 1]",332,297,54,118,206,5,106
4267,,7,76,pauli_polynomial_steiner_gray_clifford,"[4, 6, 2, 5, 3, 0, 1]",359,316,59,127,224,4,97
4268,,7,76,pauli_polynomial_steiner_gray_clifford,"[5, 4, 2, 6, 3, 0, 1]",362,320,56,117,213,5,103
4269,,7,76,pauli_polynomial_steiner_gray_clifford,"[6, 4, 2, 5, 3, 0, 1]",364,315,60,124,235,4,93
4270,,7,76,pauli_polynomial_steiner_gray_clifford,"[5, 6, 2, 4, 3, 0, 1]",338,296,62,122,229,2,95
4271,,7,76,pauli_polynomial_steiner_gray_clifford,"[6, 5, 2, 4, 3, 0, 1]",366,320,61,120,233,2,94
4272,,7,76,pauli_polynomial_steiner_gray_clifford,"[3, 4, 5, 2, 6, 0, 1]",351,314,58,114,217,5,103
4273,,7,76,pauli_polynomial_steiner_gray_clifford,"[3, 4, 6, 2, 5, 0, 1]",366,326,62,125,233,2,95
4274,,7,76,pauli_polynomial_steiner_gray_clifford,"[3, 5, 4, 2, 6, 0, 1]",348,311,59,112,223,6,100
4275,,7,76,pauli_polynomial_steiner_gray_clifford,"[3, 6, 4, 2, 5, 0, 1]",338,290,61,119,235,2,94
4276,,7,76,pauli_polynomial_steiner_gray_clifford,"[3, 5, 6, 2, 4, 0, 1]",347,298,58,114,227,4,98
4277,,7,76,pauli_polynomial_steiner_gray_clifford,"[3, 6, 5, 2, 4, 0, 1]",324,274,56,110,223,3,100
4278,,7,76,pauli_polynomial_steiner_gray_clifford,"[4, 3, 5, 2, 6, 0, 1]",357,313,60,119,222,3,98
4279,,7,76,pauli_polynomial_steiner_gray_clifford,"[4, 3, 6, 2, 5, 0, 1]",358,311,62,130,220,1,99
4280,,7,76,pauli_polynomial_steiner_gray_clifford,"[5, 3, 4, 2, 6, 0, 1]",341,307,63,116,229,3,95
4281,,7,76,pauli_polynomial_steiner_gray_clifford,"[6, 3, 4, 2, 5, 0, 1]",358,322,62,121,231,1,95
4282,,7,76,pauli_polynomial_steiner_gray_clifford,"[5, 3, 6, 2, 4, 0, 1]",370,328,59,118,217,4,101
4283,,7,76,pauli_polynomial_steiner_gray_clifford,"[6, 3, 5, 2, 4, 0, 1]",345,291,56,112,221,4,100
4284,,7,76,pauli_polynomial_steiner_gray_clifford,"[4, 5, 3, 2, 6, 0, 1]",369,324,56,115,220,6,99
4285,,7,76,pauli_polynomial_steiner_gray_clifford,"[4, 6, 3, 2, 5, 0, 1]",360,314,63,132,232,2,93
4286,,7,76,pauli_polynomial_steiner_gray_clifford,"[5, 4, 3, 2, 6, 0, 1]",347,307,58,114,221,5,99
4287,,7,76,pauli_polynomial_steiner_gray_clifford,"[6, 4, 3, 2, 5, 0, 1]",361,317,64,129,241,2,90
4288,,7,76,pauli_polynomial_steiner_gray_clifford,"[5, 6, 3, 2, 4, 0, 1]",354,307,59,121,227,3,96
4289,,7,76,pauli_polynomial_steiner_gray_clifford,"[6, 5, 3, 2, 4, 0, 1]",357,312,58,119,235,4,93
4290,,7,76,pauli_polynomial_steiner_gray_clifford,"[4, 5, 6, 2, 3, 0, 1]",360,321,57,118,220,5,99
4291,,7,76,pauli_polynomial_steiner_gray_clifford,"[4, 6, 5, 2, 3, 0, 1]",370,326,62,124,234,3,92
4292,,7,76,pauli_polynomial_steiner_gray_clifford,"[5, 4, 6, 2, 3, 0, 1]",343,307,58,117,223,6,98
4293,,7,76,pauli_polynomial_steiner_gray_clifford,"[6, 4, 5, 2, 3, 0, 1]",355,312,60,121,227,6,97
4294,,7,76,pauli_polynomial_steiner_gray_clifford,"[5, 6, 4, 2, 3, 0, 1]",358,318,63,122,241,3,89
4295,,7,76,pauli_polynomial_steiner_gray_clifford,"[6, 5, 4, 2, 3, 0, 1]",362,319,60,120,231,5,95
4296,,7,76,pauli_polynomial_steiner_gray_clifford,"[3, 4, 5, 6, 2, 0, 1]",347,304,56,109,221,6,101
4297,,7,76,pauli_polynomial_steiner_gray_clifford,"[3, 4, 6, 5, 2, 0, 1]",342,299,57,114,235,4,94
4298,,7,76,pauli_polynomial_steiner_gray_clifford,"[3, 5, 4, 6, 2, 0, 1]",347,304,56,107,223,8,100
4299,,7,76,pauli_polynomial_steiner_gray_clifford,"[3, 6, 4, 5, 2, 0, 1]",351,309,53,108,219,7,102
4300,,7,76,pauli_polynomial_steiner_gray_clifford,"[3, 5, 6, 4, 2, 0, 1]",358,313,57,109,241,5,91
4301,,7,76,pauli_polynomial_steiner_gray_clifford,"[3, 6, 5, 4, 2, 0, 1]",340,293,53,105,223,6,100
4302,,7,76,pauli_polynomial_steiner_gray_clifford,"[4, 3, 5, 6, 2, 0, 1]",358,314,56,114,226,4,96
4303,,7,76,pauli_polynomial_steiner_gray_clifford,"[4, 3, 6, 5, 2, 0, 1]",325,291,56,119,222,3,98
4304,,7,76,pauli_polynomial_steiner_gray_clifford,"[5, 3, 4, 6, 2, 0, 1]",336,302,59,111,229,5,95
4305,,7,76,pauli_polynomial_steiner_gray_clifford,"[6, 3, 4, 5, 2, 0, 1]",346,307,54,110,215,6,103
4306,,7,76,pauli_polynomial_steiner_gray_clifford,"[5, 3, 6, 4, 2, 0, 1]",340,309,57,113,231,5,94
4307,,7,76,pauli_polynomial_steiner_gray_clifford,"[6, 3, 5, 4, 2, 0, 1]",348,303,52,107,221,7,100
4308,,7,76,pauli_polynomial_steiner_gray_clifford,"[4, 5, 3, 6, 2, 0, 1]",356,312,52,110,210,7,104
4309,,7,76,pauli_polynomial_steiner_gray_clifford,"[4, 6, 3, 5, 2, 0, 1]",341,295,56,121,224,5,97
4310,,7,76,pauli_polynomial_steiner_gray_clifford,"[5, 4, 3, 6, 2, 0, 1]",379,330,55,109,211,6,104
4311,,7,76,pauli_polynomial_steiner_gray_clifford,"[6, 4, 3, 5, 2, 0, 1]",352,321,58,118,233,5,94
4312,,7,76,pauli_polynomial_steiner_gray_clifford,"[5, 6, 3, 4, 2, 0, 1]",348,304,58,116,229,3,95
4313,,7,76,pauli_polynomial_steiner_gray_clifford,"[6, 5, 3, 4, 2, 0, 1]",331,302,57,114,237,4,92
4314,,7,76,pauli_polynomial_steiner_gray_clifford,"[4, 5, 6, 3, 2, 0, 1]",305,275,53,113,220,6,99
4315,,7,76,pauli_polynomial_steiner_gray_clifford,"[4, 6, 5, 3, 2, 0, 1]",344,306,57,119,238,5,90
4316,,7,76,pauli_polynomial_steiner_gray_clifford,"[5, 4, 6, 3, 2, 0, 1]",335,291,54,112,223,7,98
4317,,7,76,pauli_polynomial_steiner_gray_clifford,"[6, 4, 5, 3, 2, 0, 1]",351,301,56,116,231,8,95
4318,,7,76,pauli_polynomial_steiner_gray_clifford,"[5, 6, 4, 3, 2, 0, 1]",363,316,59,117,239,4,90
4319,,7,76,pauli_polynomial_steiner_gray_clifford,"[6, 5, 4, 3, 2, 0, 1]",348,312,57,115,229,6,96
4320,,7,76,pauli_polynomial_steiner_gray_clifford,"[1, 2, 3, 4, 5, 6, 0]",327,292,58,117,226,6,97
4321,,7,76,pauli_polynomial_steiner_gray_clifford,"[1, 2, 3, 4, 6, 5, 0]",351,311,61,122,242,3,89
4322,,7,76,pauli_polynomial_steiner_gray_clifford,"[1, 2, 3, 5, 4, 6, 0]",348,306,55,113,228,8,96
4323,,7,76,pauli_polynomial_steiner_gray_clifford,"[1, 2, 3, 6, 4, 5, 0]",392,345,56,115,226,6,97
4324,,7,76,pauli_polynomial_steiner_gray_clifford,"[1, 2, 3, 5, 6, 4, 0]",354,320,56,112,232,6,94
4325,,7,76,pauli_polynomial_steiner_gray_clifford,"[1, 2, 3, 6, 5, 4, 0]",349,315,54,109,214,7,103
4326,,7,76,pauli_polynomial_steiner_gray_clifford,"[1, 2, 4, 3, 5, 6, 0]",364,322,59,119,234,4,93
4327,,7,76,pauli_polynomial_steiner_gray_clifford,"[1, 2, 4, 3, 6, 5, 0]",350,309,61,124,232,2,94
4328,,7,76,pauli_polynomial_steiner_gray_clifford,"[1, 2, 5, 3, 4, 6, 0]",358,311,57,113,230,5,95
4329,,7,76,pauli_polynomial_steiner_gray_clifford,"[1, 2, 6, 3, 4, 5, 0]",354,312,54,110,214,5,103
4330,,7,76,pauli_polynomial_steiner_gray_clifford,"[1, 2, 5, 3, 6, 4, 0]",359,325,55,112,218,6,101
4331,,7,76,pauli_polynomial_steiner_gray_clifford,"[1, 2, 6, 3, 5, 4, 0]",356,315,50,104,204,8,108
4332,,7,76,pauli_polynomial_steiner_gray_clifford,"[1, 2, 4, 5, 3, 6, 0]",349,308,53,113,218,7,101
4333,,7,76,pauli_polynomial_steiner_gray_clifford,"[1, 2, 4, 6, 3, 5, 0]",359,315,58,120,234,4,93
4334,,7,76,pauli_polynomial_steiner_gray_clifford,"[1, 2, 5, 4, 3, 6, 0]",361,318,54,111,212,6,104
4335,,7,76,pauli_polynomial_steiner_gray_clifford,"[1, 2, 6, 4, 3, 5, 0]",334,287,56,113,232,4,94
4336,,7,76,pauli_polynomial_steiner_gray_clifford,"[1, 2, 5, 6, 3, 4, 0]",357,312,56,109,216,4,102
4337,,7,76,pauli_polynomial_steiner_gray_clifford,"[1, 2, 6, 5, 3, 4, 0]",354,315,53,104,220,5,100
4338,,7,76,pauli_polynomial_steiner_gray_clifford,"[1, 2, 4, 5, 6, 3, 0]",357,320,53,111,218,6,101
4339,,7,76,pauli_polynomial_steiner_gray_clifford,"[1, 2, 4, 6, 5, 3, 0]",346,304,56,113,236,5,92
4340,,7,76,pauli_polynomial_steiner_gray_clifford,"[1, 2, 5, 4, 6, 3, 0]",366,315,52,109,214,7,103
4341,,7,76,pauli_polynomial_steiner_gray_clifford,"[1, 2, 6, 4, 5, 3, 0]",364,315,51,106,218,8,101
4342,,7,76,pauli_polynomial_steiner_gray_clifford,"[1, 2, 5, 6, 4, 3, 0]",344,300,56,108,230,4,95
4343,,7,76,pauli_polynomial_steiner_gray_clifford,"[1, 2, 6, 5, 4, 3, 0]",376,335,52,103,216,6,102
4344,,7,76,pauli_polynomial_steiner_gray_clifford,"[1, 3, 2, 4, 5, 6, 0]",371,324,61,120,234,5,93
4345,,7,76,pauli_polynomial_steiner_gray_clifford,"[1, 3, 2, 4, 6, 5, 0]",361,320,65,125,250,2,85
4346,,7,76,pauli_polynomial_steiner_gray_clifford,"[1, 3, 2, 5, 4, 6, 0]",354,309,59,116,230,6,95
4347,,7,76,pauli_polynomial_steiner_gray_clifford,"[1, 3, 2, 6, 4, 5, 0]",344,307,60,118,232,5,94
4348,,7,76,pauli_polynomial_steiner_gray_clifford,"[1, 3, 2, 5, 6, 4, 0]",353,316,61,115,234,4,93
4349,,7,76,pauli_polynomial_steiner_gray_clifford,"[1, 3, 2, 6, 5, 4, 0]",339,298,58,112,220,6,100
4350,,7,76,pauli_polynomial_steiner_gray_clifford,"[1, 4, 2, 3, 5, 6, 0]",367,326,62,123,236,3,92
4351,,7,76,pauli_polynomial_steiner_gray_clifford,"[1, 4, 2, 3, 6, 5, 0]",371,330,64,128,234,1,93
4352,,7,76,pauli_polynomial_steiner_gray_clifford,"[1, 5, 2, 3, 4, 6, 0]",361,322,62,120,240,3,90
4353,,7,76,pauli_polynomial_steiner_gray_clifford,"[1, 6, 2, 3, 4, 5, 0]",352,320,57,112,224,4,98
4354,,7,76,pauli_polynomial_steiner_gray_clifford,"[1, 5, 2, 3, 6, 4, 0]",351,317,61,119,228,4,96
4355,,7,76,pauli_polynomial_steiner_gray_clifford,"[1, 6, 2, 3, 5, 4, 0]",354,315,54,106,214,7,103
4356,,7,76,pauli_polynomial_steiner_gray_clifford,"[1, 4, 2, 5, 3, 6, 0]",358,311,59,117,222,3,99
4357,,7,76,pauli_polynomial_steiner_gray_clifford,"[1, 4, 2, 6, 3, 5, 0]",365,319,62,124,224,2,98
4358,,7,76,pauli_polynomial_steiner_gray_clifford,"[1, 5, 2, 4, 3, 6, 0]",346,300,61,118,230,2,95
4359,,7,76,pauli_polynomial_steiner_gray_clifford,"[1, 6, 2, 4, 3, 5, 0]",348,306,60,115,232,2,94
4360,,7,76,pauli_polynomial_steiner_gray_clifford,"[1, 5, 2, 6, 3, 4, 0]",344,304,61,116,216,3,102
4361,,7,76,pauli_polynomial_steiner_gray_clifford,"[1, 6, 2, 5, 3, 4, 0]",371,325,57,106,216,4,102
4362,,7,76,pauli_polynomial_steiner_gray_clifford,"[1, 4, 2, 5, 6, 3, 0]",339,296,58,115,222,2,99
4363,,7,76,pauli_polynomial_steiner_gray_clifford,"[1, 4, 2, 6, 5, 3, 0]",353,313,59,117,226,3,97
4364,,7,76,pauli_polynomial_steiner_gray_clifford,"[1, 5, 2, 4, 6, 3, 0]",336,294,59,116,232,3,94
4365,,7,76,pauli_polynomial_steiner_gray_clifford,"[1, 6, 2, 4, 5, 3, 0]",336,291,54,108,218,6,101
4366,,7,76,pauli_polynomial_steiner_gray_clifford,"[1, 5, 2, 6, 4, 3, 0]",392,344,60,115,230,3,95
4367,,7,76,pauli_polynomial_steiner_gray_clifford,"[1, 6, 2, 5, 4, 3, 0]",348,310,54,105,212,5,104
4368,,7,76,pauli_polynomial_steiner_gray_clifford,"[1, 3, 4, 2, 5, 6, 0]",342,298,60,121,236,2,92
4369,,7,76,pauli_polynomial_steiner_gray_clifford,"[1, 3, 4, 2, 6, 5, 0]",378,339,62,126,238,1,91
4370,,7,76,pauli_polynomial_steiner_gray_clifford,"[1, 3, 5, 2, 4, 6, 0]",328,292,61,118,238,4,91
4371,,7,76,pauli_polynomial_steiner_gray_clifford,"[1, 3, 6, 2, 4, 5, 0]",336,298,59,116,222,4,99
4372,,7,76,pauli_polynomial_steiner_gray_clifford,"[1, 3, 5, 2, 6, 4, 0]",347,301,60,117,224,5,98
4373,,7,76,pauli_polynomial_steiner_gray_clifford,"[1, 3, 6, 2, 5, 4, 0]",366,324,56,110,206,6,107
4374,,7,76,pauli_polynomial_steiner_gray_clifford,"[1, 4, 3, 2, 5, 6, 0]",351,311,60,122,230,2,95
4375,,7,76,pauli_polynomial_steiner_gray_clifford,"[1, 4, 3, 2, 6, 5, 0]",391,339,61,127,232,1,94
4376,,7,76,pauli_polynomial_steiner_gray_clifford,"[1, 5, 3, 2, 4, 6, 0]",368,322,62,122,246,4,87
4377,,7,76,pauli_polynomial_steiner_gray_clifford,"[1, 6, 3, 2, 4, 5, 0]",358,315,58,115,226,4,97
4378,,7,76,pauli_polynomial_steiner_gray_clifford,"[1, 5, 3, 2, 6, 4, 0]",372,327,61,121,232,5,94
4379,,7,76,pauli_polynomial_steiner_gray_clifford,"[1, 6, 3, 2, 5, 4, 0]",334,298,56,109,210,6,105
4380,,7,76,pauli_polynomial_steiner_gray_clifford,"[1, 4, 5, 2, 3, 6, 0]",339,305,56,114,214,5,103
4381,,7,76,pauli_polynomial_steiner_gray_clifford,"[1, 4, 6, 2, 3, 5, 0]",333,304,62,124,234,3,93
4382,,7,76,pauli_polynomial_steiner_gray_clifford,"[1, 5, 4, 2, 3, 6, 0]",328,294,57,117,228,5,96
4383,,7,76,pauli_polynomial_steiner_gray_clifford,"[1, 6, 4, 2, 3, 5, 0]",370,323,62,122,244,3,88
4384,,7,76,pauli_polynomial_steiner_gray_clifford,"[1, 5, 6, 2, 3, 4, 0]",364,323,61,118,230,3,95
4385,,7,76,pauli_polynomial_steiner_gray_clifford,"[1, 6, 5, 2, 3, 4, 0]",369,329,60,113,226,3,97
4386,,7,76,pauli_polynomial_steiner_gray_clifford,"[1, 4, 5, 2, 6, 3, 0]",352,316,54,112,204,5,108
4387,,7,76,pauli_polynomial_steiner_gray_clifford,"[1, 4, 6, 2, 5, 3, 0]",345,306,59,117,222,4,99
4388,,7,76,pauli_polynomial_steiner_gray_clifford,"[1, 5, 4, 2, 6, 3, 0]",339,299,56,115,218,5,101
4389,,7,76,pauli_polynomial_steiner_gray_clifford,"[1, 6, 4, 2, 5, 3, 0]",360,321,59,115,232,4,94
4390,,7,76,pauli_polynomial_steiner_gray_clifford,"[1, 5, 6, 2, 4, 3, 0]",365,327,61,117,234,2,93
4391,,7,76,pauli_polynomial_steiner_gray_clifford,"[1, 6, 5, 2, 4, 3, 0]",363,315,59,112,230,2,95
4392,,7,76,pauli_polynomial_steiner_gray_clifford,"[1, 3, 4, 5, 2, 6, 0]",357,314,56,115,218,5,101
4393,,7,76,pauli_polynomial_steiner_gray_clifford,"[1, 3, 4, 6, 2, 5, 0]",346,301,60,124,234,2,93
4394,,7,76,pauli_polynomial_steiner_gray_clifford,"[1, 3, 5, 4, 2, 6, 0]",357,314,59,116,224,6,98
4395,,7,76,pauli_polynomial_steiner_gray_clifford,"[1, 3, 6, 4, 2, 5, 0]",381,332,62,121,236,2,92
4396,,7,76,pauli_polynomial_steiner_gray_clifford,"[1, 3, 5, 6, 2, 4, 0]",379,337,60,117,228,4,96
4397,,7,76,pauli_polynomial_steiner_gray_clifford,"[1, 3, 6, 5, 2, 4, 0]",340,308,59,113,224,3,98
4398,,7,76,pauli_polynomial_steiner_gray_clifford,"[1, 4, 3, 5, 2, 6, 0]",380,329,58,116,220,3,100
4399,,7,76,pauli_polynomial_steiner_gray_clifford,"[1, 4, 3, 6, 2, 5, 0]",378,329,60,125,218,1,101
4400,,7,76,pauli_polynomial_steiner_gray_clifford,"[1, 5, 3, 4, 2, 6, 0]",347,302,63,120,234,3,93
4401,,7,76,pauli_polynomial_steiner_gray_clifford,"[1, 6, 3, 4, 2, 5, 0]",345,313,62,120,228,1,96
4402,,7,76,pauli_polynomial_steiner_gray_clifford,"[1, 5, 3, 6, 2, 4, 0]",360,322,61,121,222,4,99
4403,,7,76,pauli_polynomial_steiner_gray_clifford,"[1, 6, 3, 5, 2, 4, 0]",368,323,58,112,218,4,101
4404,,7,76,pauli_polynomial_steiner_gray_clifford,"[1, 4, 5, 3, 2, 6, 0]",366,314,57,114,218,6,101
4405,,7,76,pauli_polynomial_steiner_gray_clifford,"[1, 4, 6, 3, 2, 5, 0]",372,324,63,126,230,2,95
4406,,7,76,pauli_polynomial_steiner_gray_clifford,"[1, 5, 4, 3, 2, 6, 0]",312,284,59,117,226,5,97
4407,,7,76,pauli_polynomial_steiner_gray_clifford,"[1, 6, 4, 3, 2, 5, 0]",368,330,63,124,238,2,91
4408,,7,76,pauli_polynomial_steiner_gray_clifford,"[1, 5, 6, 3, 2, 4, 0]",366,325,61,121,232,3,94
4409,,7,76,pauli_polynomial_steiner_gray_clifford,"[1, 6, 5, 3, 2, 4, 0]",329,291,59,116,232,4,94
4410,,7,76,pauli_polynomial_steiner_gray_clifford,"[1, 4, 5, 6, 2, 3, 0]",329,290,57,114,218,5,101
4411,,7,76,pauli_polynomial_steiner_gray_clifford,"[1, 4, 6, 5, 2, 3, 0]",353,316,61,117,232,3,94
4412,,7,76,pauli_polynomial_steiner_gray_clifford,"[1, 5, 4, 6, 2, 3, 0]",326,287,58,117,228,6,96
4413,,7,76,pauli_polynomial_steiner_gray_clifford,"[1, 6, 4, 5, 2, 3, 0]",356,312,58,115,224,6,98
4414,,7,76,pauli_polynomial_steiner_gray_clifford,"[1, 5, 6, 4, 2, 3, 0]",340,300,62,120,246,3,87
4415,,7,76,pauli_polynomial_steiner_gray_clifford,"[1, 6, 5, 4, 2, 3, 0]",349,304,58,115,228,5,96
4416,,7,76,pauli_polynomial_steiner_gray_clifford,"[1, 3, 4, 5, 6, 2, 0]",347,309,54,113,222,6,99
4417,,7,76,pauli_polynomial_steiner_gray_clifford,"[1, 3, 4, 6, 5, 2, 0]",351,310,56,117,236,4,92
4418,,7,76,pauli_polynomial_steiner_gray_clifford,"[1, 3, 5, 4, 6, 2, 0]",333,292,56,114,224,8,98
4419,,7,76,pauli_polynomial_steiner_gray_clifford,"[1, 3, 6, 4, 5, 2, 0]",362,322,55,114,220,7,100
4420,,7,76,pauli_polynomial_steiner_gray_clifford,"[1, 3, 5, 6, 4, 2, 0]",333,291,58,116,242,5,89
4421,,7,76,pauli_polynomial_steiner_gray_clifford,"[1, 3, 6, 5, 4, 2, 0]",352,316,55,112,224,6,98
4422,,7,76,pauli_polynomial_steiner_gray_clifford,"[1, 4, 3, 5, 6, 2, 0]",364,324,54,114,224,4,98
4423,,7,76,pauli_polynomial_steiner_gray_clifford,"[1, 4, 3, 6, 5, 2, 0]",340,297,55,118,220,3,100
4424,,7,76,pauli_polynomial_steiner_gray_clifford,"[1, 5, 3, 4, 6, 2, 0]",353,313,59,118,234,5,93
4425,,7,76,pauli_polynomial_steiner_gray_clifford,"[1, 6, 3, 4, 5, 2, 0]",364,324,55,113,212,6,104
4426,,7,76,pauli_polynomial_steiner_gray_clifford,"[1, 5, 3, 6, 4, 2, 0]",350,318,58,120,236,5,92
4427,,7,76,pauli_polynomial_steiner_gray_clifford,"[1, 6, 3, 5, 4, 2, 0]",327,287,53,111,218,7,101
4428,,7,76,pauli_polynomial_steiner_gray_clifford,"[1, 4, 5, 3, 6, 2, 0]",344,299,53,112,208,7,106
4429,,7,76,pauli_polynomial_steiner_gray_clifford,"[1, 4, 6, 3, 5, 2, 0]",334,299,57,119,222,5,99
4430,,7,76,pauli_polynomial_steiner_gray_clifford,"[1, 5, 4, 3, 6, 2, 0]",335,294,56,115,216,6,102
4431,,7,76,pauli_polynomial_steiner_gray_clifford,"[1, 6, 4, 3, 5, 2, 0]",332,291,58,117,230,5,95
4432,,7,76,pauli_polynomial_steiner_gray_clifford,"[1, 5, 6, 3, 4, 2, 0]",356,316,59,120,234,3,93
4433,,7,76,pauli_polynomial_steiner_gray_clifford,"[1, 6, 5, 3, 4, 2, 0]",368,311,57,115,234,4,93
4434,,7,76,pauli_polynomial_steiner_gray_clifford,"[1, 4, 5, 6, 3, 2, 0]",351,308,55,114,218,6,101
4435,,7,76,pauli_polynomial_steiner_gray_clifford,"[1, 4, 6, 5, 3, 2, 0]",336,292,58,117,236,5,92
4436,,7,76,pauli_polynomial_steiner_gray_clifford,"[1, 5, 4, 6, 3, 2, 0]",366,317,56,117,228,7,96
4437,,7,76,pauli_polynomial_steiner_gray_clifford,"[1, 6, 4, 5, 3, 2, 0]",356,320,56,115,228,8,96
4438,,7,76,pauli_polynomial_steiner_gray_clifford,"[1, 5, 6, 4, 3, 2, 0]",366,324,60,120,244,4,88
4439,,7,76,pauli_polynomial_steiner_gray_clifford,"[1, 6, 5, 4, 3, 2, 0]",375,333,57,115,226,6,97
4440,,7,76,pauli_polynomial_steiner_gray_clifford,"[2, 1, 3, 4, 5, 6, 0]",334,290,56,108,224,7,102
4441,,7,76,pauli_polynomial_steiner_gray_clifford,"[2, 1, 3, 4, 6, 5, 0]",346,308,59,113,240,4,94
4442,,7,76,pauli_polynomial_steiner_gray_clifford,"[2, 1, 3, 5, 4, 6, 0]",349,301,55,104,226,9,101
4443,,7,76,pauli_polynomial_steiner_gray_clifford,"[2, 1, 3, 6, 4, 5, 0]",346,301,56,106,224,7,102
4444,,7,76,pauli_polynomial_steiner_gray_clifford,"[2, 1, 3, 5, 6, 4, 0]",353,308,56,103,230,7,99
4445,,7,76,pauli_polynomial_steiner_gray_clifford,"[2, 1, 3, 6, 5, 4, 0]",348,302,54,100,212,8,108
4446,,7,76,pauli_polynomial_steiner_gray_clifford,"[2, 1, 4, 3, 5, 6, 0]",352,306,57,110,226,5,101
4447,,7,76,pauli_polynomial_steiner_gray_clifford,"[2, 1, 4, 3, 6, 5, 0]",343,296,59,115,224,3,102
4448,,7,76,pauli_polynomial_steiner_gray_clifford,"[2, 1, 5, 3, 4, 6, 0]",351,312,57,104,236,6,96
4449,,7,76,pauli_polynomial_steiner_gray_clifford,"[2, 1, 6, 3, 4, 5, 0]",355,310,54,101,216,6,106
4450,,7,76,pauli_polynomial_steiner_gray_clifford,"[2, 1, 5, 3, 6, 4, 0]",356,316,55,103,224,7,102
4451,,7,76,pauli_polynomial_steiner_gray_clifford,"[2, 1, 6, 3, 5, 4, 0]",358,321,50,95,206,9,111
4452,,7,76,pauli_polynomial_steiner_gray_clifford,"[2, 1, 4, 5, 3, 6, 0]",343,312,54,104,210,8,109
4453,,7,76,pauli_polynomial_steiner_gray_clifford,"[2, 1, 4, 6, 3, 5, 0]",338,297,58,111,226,5,101
4454,,7,76,pauli_polynomial_steiner_gray_clifford,"[2, 1, 5, 4, 3, 6, 0]",326,278,55,102,218,7,105
4455,,7,76,pauli_polynomial_steiner_gray_clifford,"[2, 1, 6, 4, 3, 5, 0]",342,304,56,104,234,5,97
4456,,7,76,pauli_polynomial_steiner_gray_clifford,"[2, 1, 5, 6, 3, 4, 0]",365,329,56,100,222,5,103
4457,,7,76,pauli_polynomial_steiner_gray_clifford,"[2, 1, 6, 5, 3, 4, 0]",344,293,53,95,222,6,103
4458,,7,76,pauli_polynomial_steiner_gray_clifford,"[2, 1, 4, 5, 6, 3, 0]",360,314,54,102,210,7,109
4459,,7,76,pauli_polynomial_steiner_gray_clifford,"[2, 1, 4, 6, 5, 3, 0]",357,314,56,104,228,6,100
4460,,7,76,pauli_polynomial_steiner_gray_clifford,"[2, 1, 5, 4, 6, 3, 0]",352,309,53,100,220,8,104
4461,,7,76,pauli_polynomial_steiner_gray_clifford,"[2, 1, 6, 4, 5, 3, 0]",343,309,51,97,220,9,104
4462,,7,76,pauli_polynomial_steiner_gray_clifford,"[2, 1, 5, 6, 4, 3, 0]",347,306,56,99,236,5,96
4463,,7,76,pauli_polynomial_steiner_gray_clifford,"[2, 1, 6, 5, 4, 3, 0]",343,306,52,94,218,7,105
4464,,7,76,pauli_polynomial_steiner_gray_clifford,"[3, 1, 2, 4, 5, 6, 0]",359,314,57,111,229,7,100
4465,,7,76,pauli_polynomial_steiner_gray_clifford,"[3, 1, 2, 4, 6, 5, 0]",344,301,61,116,245,4,92
4466,,7,76,pauli_polynomial_steiner_gray_clifford,"[3, 1, 2, 5, 4, 6, 0]",346,302,54,107,225,8,102
4467,,7,76,pauli_polynomial_steiner_gray_clifford,"[3, 1, 2, 6, 4, 5, 0]",360,315,53,109,227,7,101
4468,,7,76,pauli_polynomial_steiner_gray_clifford,"[3, 1, 2, 5, 6, 4, 0]",339,296,57,106,229,6,100
4469,,7,76,pauli_polynomial_steiner_gray_clifford,"[3, 1, 2, 6, 5, 4, 0]",357,309,52,103,215,8,107
4470,,7,76,pauli_polynomial_steiner_gray_clifford,"[4, 1, 2, 3, 5, 6, 0]",341,308,60,119,228,5,98
4471,,7,76,pauli_polynomial_steiner_gray_clifford,"[4, 1, 2, 3, 6, 5, 0]",358,321,61,124,226,3,99
4472,,7,76,pauli_polynomial_steiner_gray_clifford,"[5, 1, 2, 3, 4, 6, 0]",347,308,60,115,239,5,93
4473,,7,76,pauli_polynomial_steiner_gray_clifford,"[6, 1, 2, 3, 4, 5, 0]",347,301,56,105,227,6,100
4474,,7,76,pauli_polynomial_steiner_gray_clifford,"[5, 1, 2, 3, 6, 4, 0]",359,316,58,114,227,6,99
4475,,7,76,pauli_polynomial_steiner_gray_clifford,"[6, 1, 2, 3, 5, 4, 0]",365,320,53,99,217,9,105
4476,,7,76,pauli_polynomial_steiner_gray_clifford,"[4, 1, 2, 5, 3, 6, 0]",358,313,57,113,214,5,105
4477,,7,76,pauli_polynomial_steiner_gray_clifford,"[4, 1, 2, 6, 3, 5, 0]",331,295,56,120,216,4,104
4478,,7,76,pauli_polynomial_steiner_gray_clifford,"[5, 1, 2, 4, 3, 6, 0]",340,300,60,113,229,4,98
4479,,7,76,pauli_polynomial_steiner_gray_clifford,"[6, 1, 2, 4, 3, 5, 0]",358,319,59,108,235,4,96
4480,,7,76,pauli_polynomial_steiner_gray_clifford,"[5, 1, 2, 6, 3, 4, 0]",353,315,56,111,215,5,105
4481,,7,76,pauli_polynomial_steiner_gray_clifford,"[6, 1, 2, 5, 3, 4, 0]",344,306,56,99,219,6,104
4482,,7,76,pauli_polynomial_steiner_gray_clifford,"[4, 1, 2, 5, 6, 3, 0]",349,306,56,111,214,4,105
4483,,7,76,pauli_polynomial_steiner_gray_clifford,"[4, 1, 2, 6, 5, 3, 0]",364,314,54,113,218,5,103
4484,,7,76,pauli_polynomial_steiner_gray_clifford,"[5, 1, 2, 4, 6, 3, 0]",337,299,57,111,231,5,97
4485,,7,76,pauli_polynomial_steiner_gray_clifford,"[6, 1, 2, 4, 5, 3, 0]",359,320,52,101,221,8,103
4486,,7,76,pauli_polynomial_steiner_gray_clifford,"[5, 1, 2, 6, 4, 3, 0]",357,316,55,110,229,5,98
4487,,7,76,pauli_polynomial_steiner_gray_clifford,"[6, 1, 2, 5, 4, 3, 0]",362,318,52,98,215,7,106
4488,,7,76,pauli_polynomial_steiner_gray_clifford,"[3, 1, 4, 2, 5, 6, 0]",338,296,57,112,233,3,98
4489,,7,76,pauli_polynomial_steiner_gray_clifford,"[3, 1, 4, 2, 6, 5, 0]",340,301,59,117,235,2,97
4490,,7,76,pauli_polynomial_steiner_gray_clifford,"[3, 1, 5, 2, 4, 6, 0]",328,287,58,109,243,4,93
4491,,7,76,pauli_polynomial_steiner_gray_clifford,"[3, 1, 6, 2, 4, 5, 0]",336,301,53,107,227,5,101
4492,,7,76,pauli_polynomial_steiner_gray_clifford,"[3, 1, 5, 2, 6, 4, 0]",355,312,58,108,229,5,100
4493,,7,76,pauli_polynomial_steiner_gray_clifford,"[3, 1, 6, 2, 5, 4, 0]",362,319,51,101,211,7,109
4494,,7,76,pauli_polynomial_steiner_gray_clifford,"[4, 1, 3, 2, 5, 6, 0]",340,297,59,118,230,3,97
4495,,7,76,pauli_polynomial_steiner_gray_clifford,"[4, 1, 3, 2, 6, 5, 0]",339,295,59,123,232,2,96
4496,,7,76,pauli_polynomial_steiner_gray_clifford,"[5, 1, 3, 2, 4, 6, 0]",383,338,62,117,247,4,89
4497,,7,76,pauli_polynomial_steiner_gray_clifford,"[6, 1, 3, 2, 4, 5, 0]",371,330,58,108,235,5,96
4498,,7,76,pauli_polynomial_steiner_gray_clifford,"[5, 1, 3, 2, 6, 4, 0]",349,315,60,116,233,5,96
4499,,7,76,pauli_polynomial_steiner_gray_clifford,"[6, 1, 3, 2, 5, 4, 0]",357,311,56,102,219,7,104
4500,,7,76,pauli_polynomial_steiner_gray_clifford,"[4, 1, 5, 2, 3, 6, 0]",362,321,58,110,224,3,100
4501,,7,76,pauli_polynomial_steiner_gray_clifford,"[4, 1, 6, 2, 3, 5, 0]",358,313,58,120,226,3,99
4502,,7,76,pauli_polynomial_steiner_gray_clifford,"[5, 1, 4, 2, 3, 6, 0]",342,309,60,112,231,3,97
4503,,7,76,pauli_polynomial_steiner_gray_clifford,"[6, 1, 4, 2, 3, 5, 0]",348,305,63,115,237,3,95
4504,,7,76,pauli_polynomial_steiner_gray_clifford,"[5, 1, 6, 2, 3, 4, 0]",327,280,57,113,225,4,100
4505,,7,76,pauli_polynomial_steiner_gray_clifford,"[6, 1, 5, 2, 3, 4, 0]",336,292,60,106,229,4,99
4506,,7,76,pauli_polynomial_steiner_gray_clifford,"[4, 1, 5, 2, 6, 3, 0]",340,298,56,108,214,3,105
4507,,7,76,pauli_polynomial_steiner_gray_clifford,"[4, 1, 6, 2, 5, 3, 0]",346,301,56,113,214,4,105
4508,,7,76,pauli_polynomial_steiner_gray_clifford,"[5, 1, 4, 2, 6, 3, 0]",356,320,58,110,221,3,102
4509,,7,76,pauli_polynomial_steiner_gray_clifford,"[6, 1, 4, 2, 5, 3, 0]",353,311,59,108,225,4,101
4510,,7,76,pauli_polynomial_steiner_gray_clifford,"[5, 1, 6, 2, 4, 3, 0]",344,307,57,112,229,3,98
4511,,7,76,pauli_polynomial_steiner_gray_clifford,"[6, 1, 5, 2, 4, 3, 0]",332,291,58,105,233,3,97
4512,,7,76,pauli_polynomial_steiner_gray_clifford,"[3, 1, 4, 5, 2, 6, 0]",378,332,53,106,215,6,107
4513,,7,76,pauli_polynomial_steiner_gray_clifford,"[3, 1, 4, 6, 2, 5, 0]",354,317,57,115,231,3,99
4514,,7,76,pauli_polynomial_steiner_gray_clifford,"[3, 1, 5, 4, 2, 6, 0]",332,296,57,107,229,6,100
4515,,7,76,pauli_polynomial_steiner_gray_clifford,"[3, 1, 6, 4, 2, 5, 0]",328,286,59,112,241,3,94
4516,,7,76,pauli_polynomial_steiner_gray_clifford,"[3, 1, 5, 6, 2, 4, 0]",369,327,59,108,233,4,98
4517,,7,76,pauli_polynomial_steiner_gray_clifford,"[3, 1, 6, 5, 2, 4, 0]",355,311,57,104,229,4,100
4518,,7,76,pauli_polynomial_steiner_gray_clifford,"[4, 1, 3, 5, 2, 6, 0]",381,330,57,112,220,4,102
4519,,7,76,pauli_polynomial_steiner_gray_clifford,"[4, 1, 3, 6, 2, 5, 0]",356,317,58,121,218,2,103
4520,,7,76,pauli_polynomial_steiner_gray_clifford,"[5, 1, 3, 4, 2, 6, 0]",348,310,61,115,235,3,95
4521,,7,76,pauli_polynomial_steiner_gray_clifford,"[6, 1, 3, 4, 2, 5, 0]",349,314,60,113,237,2,95
4522,,7,76,pauli_polynomial_steiner_gray_clifford,"[5, 1, 3, 6, 2, 4, 0]",361,314,61,116,223,4,101
4523,,7,76,pauli_polynomial_steiner_gray_clifford,"[6, 1, 3, 5, 2, 4, 0]",354,320,59,105,227,5,100
4524,,7,76,pauli_polynomial_steiner_gray_clifford,"[4, 1, 5, 3, 2, 6, 0]",357,321,59,110,228,4,98
4525,,7,76,pauli_polynomial_steiner_gray_clifford,"[4, 1, 6, 3, 2, 5, 0]",364,325,62,122,222,2,101
4526,,7,76,pauli_polynomial_steiner_gray_clifford,"[5, 1, 4, 3, 2, 6, 0]",358,308,59,112,229,3,98
4527,,7,76,pauli_polynomial_steiner_gray_clifford,"[6, 1, 4, 3, 2, 5, 0]",353,306,62,117,231,2,98
4528,,7,76,pauli_polynomial_steiner_gray_clifford,"[5, 1, 6, 3, 2, 4, 0]",355,316,60,116,227,4,99
4529,,7,76,pauli_polynomial_steiner_gray_clifford,"[6, 1, 5, 3, 2, 4, 0]",355,317,60,109,235,5,96
4530,,7,76,pauli_polynomial_steiner_gray_clifford,"[4, 1, 5, 6, 2, 3, 0]",375,326,58,110,228,3,98
4531,,7,76,pauli_polynomial_steiner_gray_clifford,"[4, 1, 6, 5, 2, 3, 0]",368,324,60,113,224,3,100
4532,,7,76,pauli_polynomial_steiner_gray_clifford,"[5, 1, 4, 6, 2, 3, 0]",348,313,59,112,231,4,97
4533,,7,76,pauli_polynomial_steiner_gray_clifford,"[6, 1, 4, 5, 2, 3, 0]",365,324,58,108,217,6,105
4534,,7,76,pauli_polynomial_steiner_gray_clifford,"[5, 1, 6, 4, 2, 3, 0]",341,305,60,115,241,4,92
4535,,7,76,pauli_polynomial_steiner_gray_clifford,"[6, 1, 5, 4, 2, 3, 0]",343,306,57,108,231,6,98
4536,,7,76,pauli_polynomial_steiner_gray_clifford,"[3, 1, 4, 5, 6, 2, 0]",336,300,54,104,219,7,105
4537,,7,76,pauli_polynomial_steiner_gray_clifford,"[3, 1, 4, 6, 5, 2, 0]",359,311,56,108,233,5,98
4538,,7,76,pauli_polynomial_steiner_gray_clifford,"[3, 1, 5, 4, 6, 2, 0]",333,297,57,105,229,8,100
4539,,7,76,pauli_polynomial_steiner_gray_clifford,"[3, 1, 6, 4, 5, 2, 0]",340,304,55,105,225,8,102
4540,,7,76,pauli_polynomial_steiner_gray_clifford,"[3, 1, 5, 6, 4, 2, 0]",322,275,59,107,247,5,91
4541,,7,76,pauli_polynomial_steiner_gray_clifford,"[3, 1, 6, 5, 4, 2, 0]",325,284,55,103,229,7,100
4542,,7,76,pauli_polynomial_steiner_gray_clifford,"[4, 1, 3, 5, 6, 2, 0]",362,322,55,110,224,5,100
4543,,7,76,pauli_polynomial_steiner_gray_clifford,"[4, 1, 3, 6, 5, 2, 0]",356,314,56,114,220,4,102
4544,,7,76,pauli_polynomial_steiner_gray_clifford,"[5, 1, 3, 4, 6, 2, 0]",367,320,59,113,235,5,95
4545,,7,76,pauli_polynomial_steiner_gray_clifford,"[6, 1, 3, 4, 5, 2, 0]",349,302,55,106,221,7,103
4546,,7,76,pauli_polynomial_steiner_gray_clifford,"[5, 1, 3, 6, 4, 2, 0]",370,335,61,115,237,5,94
4547,,7,76,pauli_polynomial_steiner_gray_clifford,"[6, 1, 3, 5, 4, 2, 0]",349,302,56,104,227,8,100
4548,,7,76,pauli_polynomial_steiner_gray_clifford,"[4, 1, 5, 3, 6, 2, 0]",357,316,57,108,218,5,103
4549,,7,76,pauli_polynomial_steiner_gray_clifford,"[4, 1, 6, 3, 5, 2, 0]",350,307,59,115,214,5,105
4550,,7,76,pauli_polynomial_steiner_gray_clifford,"[5, 1, 4, 3, 6, 2, 0]",354,310,58,110,219,4,103
4551,,7,76,pauli_polynomial_steiner_gray_clifford,"[6, 1, 4, 3, 5, 2, 0]",330,284,59,110,223,5,102
4552,,7,76,pauli_polynomial_steiner_gray_clifford,"[5, 1, 6, 3, 4, 2, 0]",357,315,61,115,229,4,98
4553,,7,76,pauli_polynomial_steiner_gray_clifford,"[6, 1, 5, 3, 4, 2, 0]",342,296,60,108,237,5,95
4554,,7,76,pauli_polynomial_steiner_gray_clifford,"[4, 1, 5, 6, 3, 2, 0]",350,310,58,110,228,4,98
4555,,7,76,pauli_polynomial_steiner_gray_clifford,"[4, 1, 6, 5, 3, 2, 0]",350,294,59,113,228,5,98
4556,,7,76,pauli_polynomial_steiner_gray_clifford,"[5, 1, 4, 6, 3, 2, 0]",360,320,60,112,231,5,97
4557,,7,76,pauli_polynomial_steiner_gray_clifford,"[6, 1, 4, 5, 3, 2, 0]",318,280,59,108,221,8,103
4558,,7,76,pauli_polynomial_steiner_gray_clifford,"[5, 1, 6, 4, 3, 2, 0]",355,312,61,115,239,5,93
4559,,7,76,pauli_polynomial_steiner_gray_clifford,"[6, 1, 5, 4, 3, 2, 0]",353,316,59,108,229,7,99
4560,,7,76,pauli_polynomial_steiner_gray_clifford,"[2, 3, 1, 4, 5, 6, 0]",316,285,60,108,226,6,101
4561,,7,76,pauli_polynomial_steiner_gray_clifford,"[2, 3, 1, 4, 6, 5, 0]",355,316,63,113,242,3,93
4562,,7,76,pauli_polynomial_steiner_gray_clifford,"[2, 3, 1, 5, 4, 6, 0]",351,313,60,104,236,7,96
4563,,7,76,pauli_polynomial_steiner_gray_clifford,"[2, 3, 1, 6, 4, 5, 0]",333,298,60,106,234,6,97
4564,,7,76,pauli_polynomial_steiner_gray_clifford,"[2, 3, 1, 5, 6, 4, 0]",358,320,61,103,240,5,94
4565,,7,76,pauli_polynomial_steiner_gray_clifford,"[2, 3, 1, 6, 5, 4, 0]",327,288,58,100,222,7,103
4566,,7,76,pauli_polynomial_steiner_gray_clifford,"[2, 4, 1, 3, 5, 6, 0]",346,307,60,114,234,4,97
4567,,7,76,pauli_polynomial_steiner_gray_clifford,"[2, 4, 1, 3, 6, 5, 0]",341,302,62,119,232,2,98
4568,,7,76,pauli_polynomial_steiner_gray_clifford,"[2, 5, 1, 3, 4, 6, 0]",332,298,58,104,238,4,95
4569,,7,76,pauli_polynomial_steiner_gray_clifford,"[2, 6, 1, 3, 4, 5, 0]",350,297,54,98,222,5,103
4570,,7,76,pauli_polynomial_steiner_gray_clifford,"[2, 5, 1, 3, 6, 4, 0]",350,306,59,103,226,5,101
4571,,7,76,pauli_polynomial_steiner_gray_clifford,"[2, 6, 1, 3, 5, 4, 0]",327,292,53,92,212,8,108
4572,,7,76,pauli_polynomial_steiner_gray_clifford,"[2, 4, 1, 5, 3, 6, 0]",361,319,60,108,228,4,100
4573,,7,76,pauli_polynomial_steiner_gray_clifford,"[2, 4, 1, 6, 3, 5, 0]",343,301,62,115,226,3,101
4574,,7,76,pauli_polynomial_steiner_gray_clifford,"[2, 5, 1, 4, 3, 6, 0]",366,328,58,102,222,3,103
4575,,7,76,pauli_polynomial_steiner_gray_clifford,"[2, 6, 1, 4, 3, 5, 0]",345,309,57,101,224,3,102
4576,,7,76,pauli_polynomial_steiner_gray_clifford,"[2, 5, 1, 6, 3, 4, 0]",359,311,59,100,218,4,105
4577,,7,76,pauli_polynomial_steiner_gray_clifford,"[2, 6, 1, 5, 3, 4, 0]",332,297,56,92,222,5,103
4578,,7,76,pauli_polynomial_steiner_gray_clifford,"[2, 4, 1, 5, 6, 3, 0]",349,314,59,106,228,3,100
4579,,7,76,pauli_polynomial_steiner_gray_clifford,"[2, 4, 1, 6, 5, 3, 0]",343,308,59,108,228,4,100
4580,,7,76,pauli_polynomial_steiner_gray_clifford,"[2, 5, 1, 4, 6, 3, 0]",351,309,58,100,224,4,102
4581,,7,76,pauli_polynomial_steiner_gray_clifford,"[2, 6, 1, 4, 5, 3, 0]",335,290,54,94,210,7,109
4582,,7,76,pauli_polynomial_steiner_gray_clifford,"[2, 5, 1, 6, 4, 3, 0]",367,328,58,99,232,4,98
4583,,7,76,pauli_polynomial_steiner_gray_clifford,"[2, 6, 1, 5, 4, 3, 0]",347,307,54,91,218,6,105
4584,,7,76,pauli_polynomial_steiner_gray_clifford,"[3, 2, 1, 4, 5, 6, 0]",338,293,58,108,223,7,103
4585,,7,76,pauli_polynomial_steiner_gray_clifford,"[3, 2, 1, 4, 6, 5, 0]",340,295,61,113,239,4,95
4586,,7,76,pauli_polynomial_steiner_gray_clifford,"[3, 2, 1, 5, 4, 6, 0]",347,308,55,104,233,8,98
4587,,7,76,pauli_polynomial_steiner_gray_clifford,"[3, 2, 1, 6, 4, 5, 0]",342,299,53,106,231,7,99
4588,,7,76,pauli_polynomial_steiner_gray_clifford,"[3, 2, 1, 5, 6, 4, 0]",353,312,57,103,237,6,96
4589,,7,76,pauli_polynomial_steiner_gray_clifford,"[3, 2, 1, 6, 5, 4, 0]",325,284,52,100,219,8,105
4590,,7,76,pauli_polynomial_steiner_gray_clifford,"[4, 2, 1, 3, 5, 6, 0]",345,307,60,119,234,5,95
4591,,7,76,pauli_polynomial_steiner_gray_clifford,"[4, 2, 1, 3, 6, 5, 0]",356,319,61,124,232,3,96
4592,,7,76,pauli_polynomial_steiner_gray_clifford,"[5, 2, 1, 3, 4, 6, 0]",340,303,56,108,231,5,97
4593,,7,76,pauli_polynomial_steiner_gray_clifford,"[6, 2, 1, 3, 4, 5, 0]",328,288,53,100,223,6,102
4594,,7,76,pauli_polynomial_steiner_gray_clifford,"[5, 2, 1, 3, 6, 4, 0]",357,314,56,107,219,6,103
4595,,7,76,pauli_polynomial_steiner_gray_clifford,"[6, 2, 1, 3, 5, 4, 0]",331,300,52,94,213,9,107
4596,,7,76,pauli_polynomial_steiner_gray_clifford,"[4, 2, 1, 5, 3, 6, 0]",359,326,57,113,228,5,98
4597,,7,76,pauli_polynomial_steiner_gray_clifford,"[4, 2, 1, 6, 3, 5, 0]",345,318,56,120,226,4,99
4598,,7,76,pauli_polynomial_steiner_gray_clifford,"[5, 2, 1, 4, 3, 6, 0]",364,323,56,106,215,4,105
4599,,7,76,pauli_polynomial_steiner_gray_clifford,"[6, 2, 1, 4, 3, 5, 0]",343,301,56,103,225,4,101
4600,,7,76,pauli_polynomial_steiner_gray_clifford,"[5, 2, 1, 6, 3, 4, 0]",364,321,54,104,211,5,107
4601,,7,76,pauli_polynomial_steiner_gray_clifford,"[6, 2, 1, 5, 3, 4, 0]",336,295,55,94,223,6,102
4602,,7,76,pauli_polynomial_steiner_gray_clifford,"[4, 2, 1, 5, 6, 3, 0]",360,321,56,111,228,4,98
4603,,7,76,pauli_polynomial_steiner_gray_clifford,"[4, 2, 1, 6, 5, 3, 0]",340,298,54,113,228,5,98
4604,,7,76,pauli_polynomial_steiner_gray_clifford,"[5, 2, 1, 4, 6, 3, 0]",360,313,55,104,217,5,104
4605,,7,76,pauli_polynomial_steiner_gray_clifford,"[6, 2, 1, 4, 5, 3, 0]",358,312,52,96,211,8,108
4606,,7,76,pauli_polynomial_steiner_gray_clifford,"[5, 2, 1, 6, 4, 3, 0]",360,313,53,103,225,5,100
4607,,7,76,pauli_polynomial_steiner_gray_clifford,"[6, 2, 1, 5, 4, 3, 0]",338,296,52,93,219,7,104
4608,,7,76,pauli_polynomial_steiner_gray_clifford,"[3, 4, 1, 2, 5, 6, 0]",347,307,56,111,225,4,102
4609,,7,76,pauli_polynomial_steiner_gray_clifford,"[3, 4, 1, 2, 6, 5, 0]",333,299,55,116,227,3,101
4610,,7,76,pauli_polynomial_steiner_gray_clifford,"[3, 5, 1, 2, 4, 6, 0]",312,277,57,106,241,6,94
4611,,7,76,pauli_polynomial_steiner_gray_clifford,"[3, 6, 1, 2, 4, 5, 0]",367,316,50,100,221,6,104
4612,,7,76,pauli_polynomial_steiner_gray_clifford,"[3, 5, 1, 2, 6, 4, 0]",351,309,54,105,227,7,101
4613,,7,76,pauli_polynomial_steiner_gray_clifford,"[3, 6, 1, 2, 5, 4, 0]",348,310,48,94,205,8,112
4614,,7,76,pauli_polynomial_steiner_gray_clifford,"[4, 3, 1, 2, 5, 6, 0]",357,316,58,116,228,4,98
4615,,7,76,pauli_polynomial_steiner_gray_clifford,"[4, 3, 1, 2, 6, 5, 0]",346,302,56,121,230,3,97
4616,,7,76,pauli_polynomial_steiner_gray_clifford,"[5, 3, 1, 2, 4, 6, 0]",373,327,60,110,237,6,94
4617,,7,76,pauli_polynomial_steiner_gray_clifford,"[6, 3, 1, 2, 4, 5, 0]",340,306,56,102,225,6,101
4618,,7,76,pauli_polynomial_steiner_gray_clifford,"[5, 3, 1, 2, 6, 4, 0]",368,329,55,109,223,7,101
4619,,7,76,pauli_polynomial_steiner_gray_clifford,"[6, 3, 1, 2, 5, 4, 0]",314,275,53,96,209,8,109
4620,,7,76,pauli_polynomial_steiner_gray_clifford,"[4, 5, 1, 2, 3, 6, 0]",334,304,53,104,220,7,102
4621,,7,76,pauli_polynomial_steiner_gray_clifford,"[4, 6, 1, 2, 3, 5, 0]",335,296,56,120,236,5,94
4622,,7,76,pauli_polynomial_steiner_gray_clifford,"[5, 4, 1, 2, 3, 6, 0]",351,309,54,103,213,7,106
4623,,7,76,pauli_polynomial_steiner_gray_clifford,"[6, 4, 1, 2, 3, 5, 0]",331,300,61,117,237,5,95
4624,,7,76,pauli_polynomial_steiner_gray_clifford,"[5, 6, 1, 2, 3, 4, 0]",323,287,55,109,225,5,100
4625,,7,76,pauli_polynomial_steiner_gray_clifford,"[6, 5, 1, 2, 3, 4, 0]",352,305,59,107,233,5,97
4626,,7,76,pauli_polynomial_steiner_gray_clifford,"[4, 5, 1, 2, 6, 3, 0]",345,309,49,102,210,7,107
4627,,7,76,pauli_polynomial_steiner_gray_clifford,"[4, 6, 1, 2, 5, 3, 0]",341,307,54,113,224,6,100
4628,,7,76,pauli_polynomial_steiner_gray_clifford,"[5, 4, 1, 2, 6, 3, 0]",359,316,49,101,203,7,111
4629,,7,76,pauli_polynomial_steiner_gray_clifford,"[6, 4, 1, 2, 5, 3, 0]",308,271,57,110,225,6,101
4630,,7,76,pauli_polynomial_steiner_gray_clifford,"[5, 6, 1, 2, 4, 3, 0]",347,307,55,108,229,4,98
4631,,7,76,pauli_polynomial_steiner_gray_clifford,"[6, 5, 1, 2, 4, 3, 0]",328,288,58,106,237,4,95
4632,,7,76,pauli_polynomial_steiner_gray_clifford,"[3, 4, 1, 5, 2, 6, 0]",329,289,56,105,225,3,102
4633,,7,76,pauli_polynomial_steiner_gray_clifford,"[3, 4, 1, 6, 2, 5, 0]",346,314,55,114,223,2,103
4634,,7,76,pauli_polynomial_steiner_gray_clifford,"[3, 5, 1, 4, 2, 6, 0]",382,336,60,104,231,4,99
4635,,7,76,pauli_polynomial_steiner_gray_clifford,"[3, 6, 1, 4, 2, 5, 0]",342,302,58,105,225,2,102
4636,,7,76,pauli_polynomial_steiner_gray_clifford,"[3, 5, 1, 6, 2, 4, 0]",335,297,56,105,227,5,101
4637,,7,76,pauli_polynomial_steiner_gray_clifford,"[3, 6, 1, 5, 2, 4, 0]",345,309,55,97,223,4,103
4638,,7,76,pauli_polynomial_steiner_gray_clifford,"[4, 3, 1, 5, 2, 6, 0]",368,331,58,110,228,3,98
4639,,7,76,pauli_polynomial_steiner_gray_clifford,"[4, 3, 1, 6, 2, 5, 0]",340,299,56,119,226,2,99
4640,,7,76,pauli_polynomial_steiner_gray_clifford,"[5, 3, 1, 4, 2, 6, 0]",331,290,60,108,227,4,99
4641,,7,76,pauli_polynomial_steiner_gray_clifford,"[6, 3, 1, 4, 2, 5, 0]",340,295,59,107,229,2,99
4642,,7,76,pauli_polynomial_steiner_gray_clifford,"[5, 3, 1, 6, 2, 4, 0]",365,317,57,109,223,5,101
4643,,7,76,pauli_polynomial_steiner_gray_clifford,"[6, 3, 1, 5, 2, 4, 0]",325,288,58,99,227,4,100
4644,,7,76,pauli_polynomial_steiner_gray_clifford,"[4, 5, 1, 3, 2, 6, 0]",353,310,56,104,226,6,99
4645,,7,76,pauli_polynomial_steiner_gray_clifford,"[4, 6, 1, 3, 2, 5, 0]",362,327,61,122,238,3,93
4646,,7,76,pauli_polynomial_steiner_gray_clifford,"[5, 4, 1, 3, 2, 6, 0]",356,312,54,103,219,6,103
4647,,7,76,pauli_polynomial_steiner_gray_clifford,"[6, 4, 1, 3, 2, 5, 0]",332,288,61,119,239,3,94
4648,,7,76,pauli_polynomial_steiner_gray_clifford,"[5, 6, 1, 3, 2, 4, 0]",354,311,59,112,233,4,96
4649,,7,76,pauli_polynomial_steiner_gray_clifford,"[6, 5, 1, 3, 2, 4, 0]",378,331,61,110,241,4,93
4650,,7,76,pauli_polynomial_steiner_gray_clifford,"[4, 5, 1, 6, 2, 3, 0]",333,291,52,104,220,6,102
4651,,7,76,pauli_polynomial_steiner_gray_clifford,"[4, 6, 1, 5, 2, 3, 0]",351,309,59,113,234,4,95
4652,,7,76,pauli_polynomial_steiner_gray_clifford,"[5, 4, 1, 6, 2, 3, 0]",334,293,52,103,213,6,106
4653,,7,76,pauli_polynomial_steiner_gray_clifford,"[6, 4, 1, 5, 2, 3, 0]",340,292,60,110,235,4,96
4654,,7,76,pauli_polynomial_steiner_gray_clifford,"[5, 6, 1, 4, 2, 3, 0]",355,319,60,111,231,3,97
4655,,7,76,pauli_polynomial_steiner_gray_clifford,"[6, 5, 1, 4, 2, 3, 0]",369,328,61,109,239,3,94
4656,,7,76,pauli_polynomial_steiner_gray_clifford,"[3, 4, 1, 5, 6, 2, 0]",346,305,56,103,229,4,100
4657,,7,76,pauli_polynomial_steiner_gray_clifford,"[3, 4, 1, 6, 5, 2, 0]",342,309,56,107,225,4,102
4658,,7,76,pauli_polynomial_steiner_gray_clifford,"[3, 5, 1, 4, 6, 2, 0]",343,294,59,102,231,6,99
4659,,7,76,pauli_polynomial_steiner_gray_clifford,"[3, 6, 1, 4, 5, 2, 0]",333,299,54,98,209,7,110
4660,,7,76,pauli_polynomial_steiner_gray_clifford,"[3, 5, 1, 6, 4, 2, 0]",321,271,58,104,241,6,94
4661,,7,76,pauli_polynomial_steiner_gray_clifford,"[3, 6, 1, 5, 4, 2, 0]",358,315,53,96,223,7,103
4662,,7,76,pauli_polynomial_steiner_gray_clifford,"[4, 3, 1, 5, 6, 2, 0]",347,304,57,108,232,4,96
4663,,7,76,pauli_polynomial_steiner_gray_clifford,"[4, 3, 1, 6, 5, 2, 0]",362,316,57,112,228,4,98
4664,,7,76,pauli_polynomial_steiner_gray_clifford,"[5, 3, 1, 4, 6, 2, 0]",356,321,58,106,227,6,99
4665,,7,76,pauli_polynomial_steiner_gray_clifford,"[6, 3, 1, 4, 5, 2, 0]",364,326,54,100,213,7,107
4666,,7,76,pauli_polynomial_steiner_gray_clifford,"[5, 3, 1, 6, 4, 2, 0]",357,314,60,108,237,6,94
4667,,7,76,pauli_polynomial_steiner_gray_clifford,"[6, 3, 1, 5, 4, 2, 0]",351,310,56,98,227,7,100
4668,,7,76,pauli_polynomial_steiner_gray_clifford,"[4, 5, 1, 3, 6, 2, 0]",372,330,55,102,216,7,104
4669,,7,76,pauli_polynomial_steiner_gray_clifford,"[4, 6, 1, 3, 5, 2, 0]",361,317,59,115,230,6,97
4670,,7,76,pauli_polynomial_steiner_gray_clifford,"[5, 4, 1, 3, 6, 2, 0]",345,308,53,101,209,7,108
4671,,7,76,pauli_polynomial_steiner_gray_clifford,"[6, 4, 1, 3, 5, 2, 0]",357,322,58,112,231,6,98
4672,,7,76,pauli_polynomial_steiner_gray_clifford,"[5, 6, 1, 3, 4, 2, 0]",366,334,58,111,235,4,95
4673,,7,76,pauli_polynomial_steiner_gray_clifford,"[6, 5, 1, 3, 4, 2, 0]",366,331,59,109,243,4,92
4674,,7,76,pauli_polynomial_steiner_gray_clifford,"[4, 5, 1, 6, 3, 2, 0]",360,323,55,104,220,7,102
4675,,7,76,pauli_polynomial_steiner_gray_clifford,"[4, 6, 1, 5, 3, 2, 0]",347,310,59,113,238,6,93
4676,,7,76,pauli_polynomial_steiner_gray_clifford,"[5, 4, 1, 6, 3, 2, 0]",360,317,56,103,213,7,106
4677,,7,76,pauli_polynomial_steiner_gray_clifford,"[6, 4, 1, 5, 3, 2, 0]",344,299,61,110,239,6,94
4678,,7,76,pauli_polynomial_steiner_gray_clifford,"[5, 6, 1, 4, 3, 2, 0]",359,320,59,111,229,4,98
4679,,7,76,pauli_polynomial_steiner_gray_clifford,"[6, 5, 1, 4, 3, 2, 0]",355,314,60,109,237,4,95
4680,,7,76,pauli_polynomial_steiner_gray_clifford,"[2, 3, 4, 1, 5, 6, 0]",369,325,61,113,236,3,96
4681,,7,76,pauli_polynomial_steiner_gray_clifford,"[2, 3, 4, 1, 6, 5, 0]",335,292,62,118,234,2,97
4682,,7,76,pauli_polynomial_steiner_gray_clifford,"[2, 3, 5, 1, 4, 6, 0]",338,299,60,104,238,5,95
4683,,7,76,pauli_polynomial_steiner_gray_clifford,"[2, 3, 6, 1, 4, 5, 0]",343,298,59,105,218,5,105
4684,,7,76,pauli_polynomial_steiner_gray_clifford,"[2, 3, 5, 1, 6, 4, 0]",342,305,58,103,234,6,97
4685,,7,76,pauli_polynomial_steiner_gray_clifford,"[2, 3, 6, 1, 5, 4, 0]",344,303,56,99,216,7,106
4686,,7,76,pauli_polynomial_steiner_gray_clifford,"[2, 4, 3, 1, 5, 6, 0]",360,318,60,117,242,3,93
4687,,7,76,pauli_polynomial_steiner_gray_clifford,"[2, 4, 3, 1, 6, 5, 0]",343,300,61,122,240,2,94
4688,,7,76,pauli_polynomial_steiner_gray_clifford,"[2, 5, 3, 1, 4, 6, 0]",348,296,56,104,230,5,99
4689,,7,76,pauli_polynomial_steiner_gray_clifford,"[2, 6, 3, 1, 4, 5, 0]",328,285,55,102,214,5,107
4690,,7,76,pauli_polynomial_steiner_gray_clifford,"[2, 5, 3, 1, 6, 4, 0]",340,298,57,103,226,6,101
4691,,7,76,pauli_polynomial_steiner_gray_clifford,"[2, 6, 3, 1, 5, 4, 0]",322,287,55,96,212,7,108
4692,,7,76,pauli_polynomial_steiner_gray_clifford,"[2, 4, 5, 1, 3, 6, 0]",354,308,57,106,226,6,101
4693,,7,76,pauli_polynomial_steiner_gray_clifford,"[2, 4, 6, 1, 3, 5, 0]",370,323,61,116,242,4,93
4694,,7,76,pauli_polynomial_steiner_gray_clifford,"[2, 5, 4, 1, 3, 6, 0]",350,304,54,102,212,6,108
4695,,7,76,pauli_polynomial_steiner_gray_clifford,"[2, 6, 4, 1, 3, 5, 0]",349,308,58,109,232,4,98
4696,,7,76,pauli_polynomial_steiner_gray_clifford,"[2, 5, 6, 1, 3, 4, 0]",341,298,57,100,224,4,102
4697,,7,76,pauli_polynomial_steiner_gray_clifford,"[2, 6, 5, 1, 3, 4, 0]",334,287,57,97,228,4,100
4698,,7,76,pauli_polynomial_steiner_gray_clifford,"[2, 4, 5, 1, 6, 3, 0]",355,312,55,104,220,6,104
4699,,7,76,pauli_polynomial_steiner_gray_clifford,"[2, 4, 6, 1, 5, 3, 0]",350,308,58,109,238,5,95
4700,,7,76,pauli_polynomial_steiner_gray_clifford,"[2, 5, 4, 1, 6, 3, 0]",344,300,55,100,206,6,111
4701,,7,76,pauli_polynomial_steiner_gray_clifford,"[2, 6, 4, 1, 5, 3, 0]",364,322,58,102,228,5,100
4702,,7,76,pauli_polynomial_steiner_gray_clifford,"[2, 5, 6, 1, 4, 3, 0]",351,309,57,99,222,3,103
4703,,7,76,pauli_polynomial_steiner_gray_clifford,"[2, 6, 5, 1, 4, 3, 0]",349,306,57,96,226,3,101
4704,,7,76,pauli_polynomial_steiner_gray_clifford,"[3, 2, 4, 1, 5, 6, 0]",327,292,60,113,241,3,94
4705,,7,76,pauli_polynomial_steiner_gray_clifford,"[3, 2, 4, 1, 6, 5, 0]",371,330,61,118,239,2,95
4706,,7,76,pauli_polynomial_steiner_gray_clifford,"[3, 2, 5, 1, 4, 6, 0]",328,286,57,104,237,4,96
4707,,7,76,pauli_polynomial_steiner_gray_clifford,"[3, 2, 6, 1, 4, 5, 0]",339,292,53,105,221,5,104
4708,,7,76,pauli_polynomial_steiner_gray_clifford,"[3, 2, 5, 1, 6, 4, 0]",337,294,56,103,233,5,98
4709,,7,76,pauli_polynomial_steiner_gray_clifford,"[3, 2, 6, 1, 5, 4, 0]",348,308,51,99,219,7,105
4710,,7,76,pauli_polynomial_steiner_gray_clifford,"[4, 2, 3, 1, 5, 6, 0]",339,289,61,122,244,3,90
4711,,7,76,pauli_polynomial_steiner_gray_clifford,"[4, 2, 3, 1, 6, 5, 0]",350,309,61,127,242,2,91
4712,,7,76,pauli_polynomial_steiner_gray_clifford,"[5, 2, 3, 1, 4, 6, 0]",352,322,56,108,233,4,96
4713,,7,76,pauli_polynomial_steiner_gray_clifford,"[6, 2, 3, 1, 4, 5, 0]",352,304,55,104,225,5,101
4714,,7,76,pauli_polynomial_steiner_gray_clifford,"[5, 2, 3, 1, 6, 4, 0]",350,302,56,107,229,5,98
4715,,7,76,pauli_polynomial_steiner_gray_clifford,"[6, 2, 3, 1, 5, 4, 0]",341,303,55,98,223,7,102
4716,,7,76,pauli_polynomial_steiner_gray_clifford,"[4, 2, 5, 1, 3, 6, 0]",352,311,58,111,230,3,97
4717,,7,76,pauli_polynomial_steiner_gray_clifford,"[4, 2, 6, 1, 3, 5, 0]",343,308,57,121,232,3,96
4718,,7,76,pauli_polynomial_steiner_gray_clifford,"[5, 2, 4, 1, 3, 6, 0]",344,309,56,106,223,3,101
4719,,7,76,pauli_polynomial_steiner_gray_clifford,"[6, 2, 4, 1, 3, 5, 0]",363,315,59,111,233,3,97
4720,,7,76,pauli_polynomial_steiner_gray_clifford,"[5, 2, 6, 1, 3, 4, 0]",343,302,53,104,217,4,104
4721,,7,76,pauli_polynomial_steiner_gray_clifford,"[6, 2, 5, 1, 3, 4, 0]",335,295,57,99,225,4,101
4722,,7,76,pauli_polynomial_steiner_gray_clifford,"[4, 2, 5, 1, 6, 3, 0]",370,332,56,109,224,3,100
4723,,7,76,pauli_polynomial_steiner_gray_clifford,"[4, 2, 6, 1, 5, 3, 0]",355,306,55,114,228,4,98
4724,,7,76,pauli_polynomial_steiner_gray_clifford,"[5, 2, 4, 1, 6, 3, 0]",362,317,56,104,217,3,104
4725,,7,76,pauli_polynomial_steiner_gray_clifford,"[6, 2, 4, 1, 5, 3, 0]",341,296,58,104,229,4,99
4726,,7,76,pauli_polynomial_steiner_gray_clifford,"[5, 2, 6, 1, 4, 3, 0]",330,296,53,103,215,3,105
4727,,7,76,pauli_polynomial_steiner_gray_clifford,"[6, 2, 5, 1, 4, 3, 0]",331,290,56,98,223,3,102
4728,,7,76,pauli_polynomial_steiner_gray_clifford,"[3, 4, 2, 1, 5, 6, 0]",351,313,58,115,239,4,95
4729,,7,76,pauli_polynomial_steiner_gray_clifford,"[3, 4, 2, 1, 6, 5, 0]",328,286,57,120,237,3,96
4730,,7,76,pauli_polynomial_steiner_gray_clifford,"[3, 5, 2, 1, 4, 6, 0]",349,303,55,104,227,6,101
4731,,7,76,pauli_polynomial_steiner_gray_clifford,"[3, 6, 2, 1, 4, 5, 0]",320,280,50,101,211,6,109
4732,,7,76,pauli_polynomial_steiner_gray_clifford,"[3, 5, 2, 1, 6, 4, 0]",327,286,52,103,223,7,103
4733,,7,76,pauli_polynomial_steiner_gray_clifford,"[3, 6, 2, 1, 5, 4, 0]",346,304,48,95,209,8,110
4734,,7,76,pauli_polynomial_steiner_gray_clifford,"[4, 3, 2, 1, 5, 6, 0]",352,313,60,120,236,4,94
4735,,7,76,pauli_polynomial_steiner_gray_clifford,"[4, 3, 2, 1, 6, 5, 0]",337,300,58,125,234,3,95
4736,,7,76,pauli_polynomial_steiner_gray_clifford,"[5, 3, 2, 1, 4, 6, 0]",339,309,58,108,231,6,97
4737,,7,76,pauli_polynomial_steiner_gray_clifford,"[6, 3, 2, 1, 4, 5, 0]",326,289,56,103,219,6,104
4738,,7,76,pauli_polynomial_steiner_gray_clifford,"[5, 3, 2, 1, 6, 4, 0]",342,292,53,107,227,7,99
4739,,7,76,pauli_polynomial_steiner_gray_clifford,"[6, 3, 2, 1, 5, 4, 0]",340,299,53,97,217,8,105
4740,,7,76,pauli_polynomial_steiner_gray_clifford,"[4, 5, 2, 1, 3, 6, 0]",332,290,53,105,212,7,106
4741,,7,76,pauli_polynomial_steiner_gray_clifford,"[4, 6, 2, 1, 3, 5, 0]",356,317,55,121,232,5,96
4742,,7,76,pauli_polynomial_steiner_gray_clifford,"[5, 4, 2, 1, 3, 6, 0]",354,313,54,104,219,7,103
4743,,7,76,pauli_polynomial_steiner_gray_clifford,"[6, 4, 2, 1, 3, 5, 0]",333,285,60,118,243,5,92
4744,,7,76,pauli_polynomial_steiner_gray_clifford,"[5, 6, 2, 1, 3, 4, 0]",339,304,53,107,221,5,102
4745,,7,76,pauli_polynomial_steiner_gray_clifford,"[6, 5, 2, 1, 3, 4, 0]",342,296,57,105,225,5,101
4746,,7,76,pauli_polynomial_steiner_gray_clifford,"[4, 5, 2, 1, 6, 3, 0]",362,326,49,103,206,7,109
4747,,7,76,pauli_polynomial_steiner_gray_clifford,"[4, 6, 2, 1, 5, 3, 0]",356,321,53,114,228,6,98
4748,,7,76,pauli_polynomial_steiner_gray_clifford,"[5, 4, 2, 1, 6, 3, 0]",328,294,49,102,213,7,106
4749,,7,76,pauli_polynomial_steiner_gray_clifford,"[6, 4, 2, 1, 5, 3, 0]",360,322,56,111,239,6,94
4750,,7,76,pauli_polynomial_steiner_gray_clifford,"[5, 6, 2, 1, 4, 3, 0]",341,305,53,106,219,4,103
4751,,7,76,pauli_polynomial_steiner_gray_clifford,"[6, 5, 2, 1, 4, 3, 0]",352,308,56,104,223,4,102
4752,,7,76,pauli_polynomial_steiner_gray_clifford,"[3, 4, 5, 1, 2, 6, 0]",347,303,53,101,221,7,104
4753,,7,76,pauli_polynomial_steiner_gray_clifford,"[3, 4, 6, 1, 2, 5, 0]",338,299,56,115,233,4,98
4754,,7,76,pauli_polynomial_steiner_gray_clifford,"[3, 5, 4, 1, 2, 6, 0]",352,306,53,99,213,8,108
4755,,7,76,pauli_polynomial_steiner_gray_clifford,"[3, 6, 4, 1, 2, 5, 0]",330,283,57,109,225,4,102
4756,,7,76,pauli_polynomial_steiner_gray_clifford,"[3, 5, 6, 1, 2, 4, 0]",325,288,53,102,227,6,101
4757,,7,76,pauli_polynomial_steiner_gray_clifford,"[3, 6, 5, 1, 2, 4, 0]",325,288,54,98,227,5,101
4758,,7,76,pauli_polynomial_steiner_gray_clifford,"[4, 3, 5, 1, 2, 6, 0]",340,302,57,106,226,5,99
4759,,7,76,pauli_polynomial_steiner_gray_clifford,"[4, 3, 6, 1, 2, 5, 0]",348,302,58,120,220,3,102
4760,,7,76,pauli_polynomial_steiner_gray_clifford,"[5, 3, 4, 1, 2, 6, 0]",329,287,56,103,219,5,103
4761,,7,76,pauli_polynomial_steiner_gray_clifford,"[6, 3, 4, 1, 2, 5, 0]",314,279,59,111,221,3,103
4762,,7,76,pauli_polynomial_steiner_gray_clifford,"[5, 3, 6, 1, 2, 4, 0]",352,309,54,106,217,6,104
4763,,7,76,pauli_polynomial_steiner_gray_clifford,"[6, 3, 5, 1, 2, 4, 0]",324,282,56,100,225,6,101
4764,,7,76,pauli_polynomial_steiner_gray_clifford,"[4, 5, 3, 1, 2, 6, 0]",343,305,53,102,216,8,104
4765,,7,76,pauli_polynomial_steiner_gray_clifford,"[4, 6, 3, 1, 2, 5, 0]",341,303,59,122,228,4,98
4766,,7,76,pauli_polynomial_steiner_gray_clifford,"[5, 4, 3, 1, 2, 6, 0]",341,303,52,101,217,7,104
4767,,7,76,pauli_polynomial_steiner_gray_clifford,"[6, 4, 3, 1, 2, 5, 0]",352,309,59,119,237,4,95
4768,,7,76,pauli_polynomial_steiner_gray_clifford,"[5, 6, 3, 1, 2, 4, 0]",349,305,57,109,223,5,101
4769,,7,76,pauli_polynomial_steiner_gray_clifford,"[6, 5, 3, 1, 2, 4, 0]",340,306,58,107,231,6,98
4770,,7,76,pauli_polynomial_steiner_gray_clifford,"[4, 5, 6, 1, 2, 3, 0]",335,304,53,105,220,7,102
4771,,7,76,pauli_polynomial_steiner_gray_clifford,"[4, 6, 5, 1, 2, 3, 0]",344,306,58,111,238,5,93
4772,,7,76,pauli_polynomial_steiner_gray_clifford,"[5, 4, 6, 1, 2, 3, 0]",356,314,52,104,223,8,101
4773,,7,76,pauli_polynomial_steiner_gray_clifford,"[6, 4, 5, 1, 2, 3, 0]",362,314,56,108,231,8,98
4774,,7,76,pauli_polynomial_steiner_gray_clifford,"[5, 6, 4, 1, 2, 3, 0]",368,327,59,109,231,5,97
4775,,7,76,pauli_polynomial_steiner_gray_clifford,"[6, 5, 4, 1, 2, 3, 0]",350,305,58,107,221,7,103
4776,,7,76,pauli_polynomial_steiner_gray_clifford,"[3, 4, 5, 1, 6, 2, 0]",336,293,54,99,221,7,104
4777,,7,76,pauli_polynomial_steiner_gray_clifford,"[3, 4, 6, 1, 5, 2, 0]",338,296,58,108,235,5,97
4778,,7,76,pauli_polynomial_steiner_gray_clifford,"[3, 5, 4, 1, 6, 2, 0]",338,295,54,97,213,8,108
4779,,7,76,pauli_polynomial_steiner_gray_clifford,"[3, 6, 4, 1, 5, 2, 0]",360,309,57,102,227,5,101
4780,,7,76,pauli_polynomial_steiner_gray_clifford,"[3, 5, 6, 1, 4, 2, 0]",344,306,57,101,231,5,99
4781,,7,76,pauli_polynomial_steiner_gray_clifford,"[3, 6, 5, 1, 4, 2, 0]",334,290,56,97,231,4,99
4782,,7,76,pauli_polynomial_steiner_gray_clifford,"[4, 3, 5, 1, 6, 2, 0]",335,294,57,104,226,5,99
4783,,7,76,pauli_polynomial_steiner_gray_clifford,"[4, 3, 6, 1, 5, 2, 0]",348,305,60,113,222,4,101
4784,,7,76,pauli_polynomial_steiner_gray_clifford,"[5, 3, 4, 1, 6, 2, 0]",345,302,56,101,219,5,103
4785,,7,76,pauli_polynomial_steiner_gray_clifford,"[6, 3, 4, 1, 5, 2, 0]",339,307,58,104,223,4,102
4786,,7,76,pauli_polynomial_steiner_gray_clifford,"[5, 3, 6, 1, 4, 2, 0]",349,309,59,105,221,5,102
4787,,7,76,pauli_polynomial_steiner_gray_clifford,"[6, 3, 5, 1, 4, 2, 0]",341,303,58,99,229,5,99
4788,,7,76,pauli_polynomial_steiner_gray_clifford,"[4, 5, 3, 1, 6, 2, 0]",346,301,53,100,216,8,104
4789,,7,76,pauli_polynomial_steiner_gray_clifford,"[4, 6, 3, 1, 5, 2, 0]",349,303,59,115,230,5,97
4790,,7,76,pauli_polynomial_steiner_gray_clifford,"[5, 4, 3, 1, 6, 2, 0]",344,299,52,99,217,7,104
4791,,7,76,pauli_polynomial_steiner_gray_clifford,"[6, 4, 3, 1, 5, 2, 0]",368,325,58,112,239,5,94
4792,,7,76,pauli_polynomial_steiner_gray_clifford,"[5, 6, 3, 1, 4, 2, 0]",350,311,57,108,227,4,99
4793,,7,76,pauli_polynomial_steiner_gray_clifford,"[6, 5, 3, 1, 4, 2, 0]",357,318,57,106,235,5,96
4794,,7,76,pauli_polynomial_steiner_gray_clifford,"[4, 5, 6, 1, 3, 2, 0]",350,308,57,105,226,7,99
4795,,7,76,pauli_polynomial_steiner_gray_clifford,"[4, 6, 5, 1, 3, 2, 0]",350,317,60,111,244,5,90
4796,,7,76,pauli_polynomial_steiner_gray_clifford,"[5, 4, 6, 1, 3, 2, 0]",342,302,57,104,229,8,98
4797,,7,76,pauli_polynomial_steiner_gray_clifford,"[6, 4, 5, 1, 3, 2, 0]",334,294,59,108,237,8,95
4798,,7,76,pauli_polynomial_steiner_gray_clifford,"[5, 6, 4, 1, 3, 2, 0]",361,322,59,109,237,5,94
4799,,7,76,pauli_polynomial_steiner_gray_clifford,"[6, 5, 4, 1, 3, 2, 0]",349,307,58,107,227,7,100
4800,,7,76,pauli_polynomial_steiner_gray_clifford,"[2, 3, 4, 5, 1, 6, 0]",346,305,59,111,228,6,100
4801,,7,76,pauli_polynomial_steiner_gray_clifford,"[2, 3, 4, 6, 1, 5, 0]",311,275,63,122,244,3,92
4802,,7,76,pauli_polynomial_steiner_gray_clifford,"[2, 3, 5, 4, 1, 6, 0]",344,299,58,106,220,7,104
4803,,7,76,pauli_polynomial_steiner_gray_clifford,"[2, 3, 6, 4, 1, 5, 0]",341,303,63,116,236,3,96
4804,,7,76,pauli_polynomial_steiner_gray_clifford,"[2, 3, 5, 6, 1, 4, 0]",351,307,57,105,224,5,102
4805,,7,76,pauli_polynomial_steiner_gray_clifford,"[2, 3, 6, 5, 1, 4, 0]",315,278,58,104,224,4,102
4806,,7,76,pauli_polynomial_steiner_gray_clifford,"[2, 4, 3, 5, 1, 6, 0]",351,317,60,115,236,4,96
4807,,7,76,pauli_polynomial_steiner_gray_clifford,"[2, 4, 3, 6, 1, 5, 0]",341,301,63,126,234,2,97
4808,,7,76,pauli_polynomial_steiner_gray_clifford,"[2, 5, 3, 4, 1, 6, 0]",330,291,57,106,222,4,103
4809,,7,76,pauli_polynomial_steiner_gray_clifford,"[2, 6, 3, 4, 1, 5, 0]",325,282,60,113,224,2,102
4810,,7,76,pauli_polynomial_steiner_gray_clifford,"[2, 5, 3, 6, 1, 4, 0]",359,315,56,105,210,5,109
4811,,7,76,pauli_polynomial_steiner_gray_clifford,"[2, 6, 3, 5, 1, 4, 0]",331,286,56,101,214,5,107
4812,,7,76,pauli_polynomial_steiner_gray_clifford,"[2, 4, 5, 3, 1, 6, 0]",340,302,57,110,226,7,101
4813,,7,76,pauli_polynomial_steiner_gray_clifford,"[2, 4, 6, 3, 1, 5, 0]",349,315,63,124,242,3,93
4814,,7,76,pauli_polynomial_steiner_gray_clifford,"[2, 5, 4, 3, 1, 6, 0]",356,319,55,106,220,6,104
4815,,7,76,pauli_polynomial_steiner_gray_clifford,"[2, 6, 4, 3, 1, 5, 0]",351,309,60,117,240,3,94
4816,,7,76,pauli_polynomial_steiner_gray_clifford,"[2, 5, 6, 3, 1, 4, 0]",345,309,56,105,216,4,106
4817,,7,76,pauli_polynomial_steiner_gray_clifford,"[2, 6, 5, 3, 1, 4, 0]",323,283,55,102,220,5,104
4818,,7,76,pauli_polynomial_steiner_gray_clifford,"[2, 4, 5, 6, 1, 3, 0]",323,283,57,108,226,6,101
4819,,7,76,pauli_polynomial_steiner_gray_clifford,"[2, 4, 6, 5, 1, 3, 0]",356,321,60,111,244,4,92
4820,,7,76,pauli_polynomial_steiner_gray_clifford,"[2, 5, 4, 6, 1, 3, 0]",368,323,56,104,222,7,103
4821,,7,76,pauli_polynomial_steiner_gray_clifford,"[2, 6, 4, 5, 1, 3, 0]",321,283,57,104,226,7,101
4822,,7,76,pauli_polynomial_steiner_gray_clifford,"[2, 5, 6, 4, 1, 3, 0]",342,310,58,104,230,4,99
4823,,7,76,pauli_polynomial_steiner_gray_clifford,"[2, 6, 5, 4, 1, 3, 0]",357,316,56,101,216,6,106
4824,,7,76,pauli_polynomial_steiner_gray_clifford,"[3, 2, 4, 5, 1, 6, 0]",320,278,55,111,233,6,98
4825,,7,76,pauli_polynomial_steiner_gray_clifford,"[3, 2, 4, 6, 1, 5, 0]",346,312,60,122,249,3,90
4826,,7,76,pauli_polynomial_steiner_gray_clifford,"[3, 2, 5, 4, 1, 6, 0]",381,338,55,106,219,6,105
4827,,7,76,pauli_polynomial_steiner_gray_clifford,"[3, 2, 6, 4, 1, 5, 0]",343,302,60,116,239,3,95
4828,,7,76,pauli_polynomial_steiner_gray_clifford,"[3, 2, 5, 6, 1, 4, 0]",362,319,56,105,223,4,103
4829,,7,76,pauli_polynomial_steiner_gray_clifford,"[3, 2, 6, 5, 1, 4, 0]",329,293,56,104,227,4,101
4830,,7,76,pauli_polynomial_steiner_gray_clifford,"[4, 2, 3, 5, 1, 6, 0]",366,320,59,120,238,4,93
4831,,7,76,pauli_polynomial_steiner_gray_clifford,"[4, 2, 3, 6, 1, 5, 0]",318,278,61,131,236,2,94
4832,,7,76,pauli_polynomial_steiner_gray_clifford,"[5, 2, 3, 4, 1, 6, 0]",357,314,57,110,225,3,100
4833,,7,76,pauli_polynomial_steiner_gray_clifford,"[6, 2, 3, 4, 1, 5, 0]",360,313,60,115,235,2,96
4834,,7,76,pauli_polynomial_steiner_gray_clifford,"[5, 2, 3, 6, 1, 4, 0]",341,299,56,109,213,4,106
4835,,7,76,pauli_polynomial_steiner_gray_clifford,"[6, 2, 3, 5, 1, 4, 0]",321,281,57,103,225,5,101
4836,,7,76,pauli_polynomial_steiner_gray_clifford,"[4, 2, 5, 3, 1, 6, 0]",365,313,59,115,230,4,97
4837,,7,76,pauli_polynomial_steiner_gray_clifford,"[4, 2, 6, 3, 1, 5, 0]",358,311,62,129,232,2,96
4838,,7,76,pauli_polynomial_steiner_gray_clifford,"[5, 2, 4, 3, 1, 6, 0]",346,306,57,110,231,3,97
4839,,7,76,pauli_polynomial_steiner_gray_clifford,"[6, 2, 4, 3, 1, 5, 0]",364,317,61,119,241,2,93
4840,,7,76,pauli_polynomial_steiner_gray_clifford,"[5, 2, 6, 3, 1, 4, 0]",366,327,55,109,209,4,108
4841,,7,76,pauli_polynomial_steiner_gray_clifford,"[6, 2, 5, 3, 1, 4, 0]",329,288,56,104,217,5,105
4842,,7,76,pauli_polynomial_steiner_gray_clifford,"[4, 2, 5, 6, 1, 3, 0]",367,328,58,113,230,3,97
4843,,7,76,pauli_polynomial_steiner_gray_clifford,"[4, 2, 6, 5, 1, 3, 0]",338,306,59,116,234,3,95
4844,,7,76,pauli_polynomial_steiner_gray_clifford,"[5, 2, 4, 6, 1, 3, 0]",352,310,57,108,233,4,96
4845,,7,76,pauli_polynomial_steiner_gray_clifford,"[6, 2, 4, 5, 1, 3, 0]",304,274,56,106,227,6,100
4846,,7,76,pauli_polynomial_steiner_gray_clifford,"[5, 2, 6, 4, 1, 3, 0]",353,309,56,108,223,4,101
4847,,7,76,pauli_polynomial_steiner_gray_clifford,"[6, 2, 5, 4, 1, 3, 0]",361,320,54,103,213,6,107
4848,,7,76,pauli_polynomial_steiner_gray_clifford,"[3, 4, 2, 5, 1, 6, 0]",364,314,57,113,235,3,97
4849,,7,76,pauli_polynomial_steiner_gray_clifford,"[3, 4, 2, 6, 1, 5, 0]",332,287,58,124,237,2,96
4850,,7,76,pauli_polynomial_steiner_gray_clifford,"[3, 5, 2, 4, 1, 6, 0]",346,309,57,106,227,4,101
4851,,7,76,pauli_polynomial_steiner_gray_clifford,"[3, 6, 2, 4, 1, 5, 0]",370,319,59,112,229,2,100
4852,,7,76,pauli_polynomial_steiner_gray_clifford,"[3, 5, 2, 6, 1, 4, 0]",348,304,53,105,213,5,108
4853,,7,76,pauli_polynomial_steiner_gray_clifford,"[3, 6, 2, 5, 1, 4, 0]",339,301,54,100,213,4,108
4854,,7,76,pauli_polynomial_steiner_gray_clifford,"[4, 3, 2, 5, 1, 6, 0]",348,310,60,118,232,3,96
4855,,7,76,pauli_polynomial_steiner_gray_clifford,"[4, 3, 2, 6, 1, 5, 0]",362,317,59,129,234,2,95
4856,,7,76,pauli_polynomial_steiner_gray_clifford,"[5, 3, 2, 4, 1, 6, 0]",373,329,60,110,231,4,97
4857,,7,76,pauli_polynomial_steiner_gray_clifford,"[6, 3, 2, 4, 1, 5, 0]",333,298,62,114,237,2,95
4858,,7,76,pauli_polynomial_steiner_gray_clifford,"[5, 3, 2, 6, 1, 4, 0]",365,314,54,109,217,5,104
4859,,7,76,pauli_polynomial_steiner_gray_clifford,"[6, 3, 2, 5, 1, 4, 0]",333,290,57,102,221,4,103
4860,,7,76,pauli_polynomial_steiner_gray_clifford,"[4, 5, 2, 3, 1, 6, 0]",346,305,56,109,222,6,101
4861,,7,76,pauli_polynomial_steiner_gray_clifford,"[4, 6, 2, 3, 1, 5, 0]",365,330,61,129,242,3,91
4862,,7,76,pauli_polynomial_steiner_gray_clifford,"[5, 4, 2, 3, 1, 6, 0]",338,299,56,108,229,6,98
4863,,7,76,pauli_polynomial_steiner_gray_clifford,"[6, 4, 2, 3, 1, 5, 0]",349,307,63,126,253,3,87
4864,,7,76,pauli_polynomial_steiner_gray_clifford,"[5, 6, 2, 3, 1, 4, 0]",361,322,56,112,223,4,101
4865,,7,76,pauli_polynomial_steiner_gray_clifford,"[6, 5, 2, 3, 1, 4, 0]",360,317,58,110,227,4,100
4866,,7,76,pauli_polynomial_steiner_gray_clifford,"[4, 5, 2, 6, 1, 3, 0]",338,295,52,107,212,6,106
4867,,7,76,pauli_polynomial_steiner_gray_clifford,"[4, 6, 2, 5, 1, 3, 0]",350,306,58,116,230,4,97
4868,,7,76,pauli_polynomial_steiner_gray_clifford,"[5, 4, 2, 6, 1, 3, 0]",338,303,52,106,219,6,103
4869,,7,76,pauli_polynomial_steiner_gray_clifford,"[6, 4, 2, 5, 1, 3, 0]",356,315,58,113,241,4,93
4870,,7,76,pauli_polynomial_steiner_gray_clifford,"[5, 6, 2, 4, 1, 3, 0]",351,306,58,111,227,3,99
4871,,7,76,pauli_polynomial_steiner_gray_clifford,"[6, 5, 2, 4, 1, 3, 0]",348,304,58,109,231,3,98
4872,,7,76,pauli_polynomial_steiner_gray_clifford,"[3, 4, 5, 2, 1, 6, 0]",343,298,52,105,217,7,106
4873,,7,76,pauli_polynomial_steiner_gray_clifford,"[3, 4, 6, 2, 1, 5, 0]",345,305,57,121,237,4,96
4874,,7,76,pauli_polynomial_steiner_gray_clifford,"[3, 5, 4, 2, 1, 6, 0]",339,295,52,103,223,8,103
4875,,7,76,pauli_polynomial_steiner_gray_clifford,"[3, 6, 4, 2, 1, 5, 0]",350,308,58,115,239,4,95
4876,,7,76,pauli_polynomial_steiner_gray_clifford,"[3, 5, 6, 2, 1, 4, 0]",326,285,52,104,217,6,106
4877,,7,76,pauli_polynomial_steiner_gray_clifford,"[3, 6, 5, 2, 1, 4, 0]",354,318,53,100,213,5,108
4878,,7,76,pauli_polynomial_steiner_gray_clifford,"[4, 3, 5, 2, 1, 6, 0]",347,304,57,110,222,5,101
4879,,7,76,pauli_polynomial_steiner_gray_clifford,"[4, 3, 6, 2, 1, 5, 0]",348,305,59,126,224,3,100
4880,,7,76,pauli_polynomial_steiner_gray_clifford,"[5, 3, 4, 2, 1, 6, 0]",359,323,58,107,229,5,98
4881,,7,76,pauli_polynomial_steiner_gray_clifford,"[6, 3, 4, 2, 1, 5, 0]",336,297,62,117,235,3,96
4882,,7,76,pauli_polynomial_steiner_gray_clifford,"[5, 3, 6, 2, 1, 4, 0]",344,297,53,108,207,6,109
4883,,7,76,pauli_polynomial_steiner_gray_clifford,"[6, 3, 5, 2, 1, 4, 0]",324,294,55,102,211,6,108
4884,,7,76,pauli_polynomial_steiner_gray_clifford,"[4, 5, 3, 2, 1, 6, 0]",356,308,53,106,220,8,102
4885,,7,76,pauli_polynomial_steiner_gray_clifford,"[4, 6, 3, 2, 1, 5, 0]",350,315,60,128,236,4,94
4886,,7,76,pauli_polynomial_steiner_gray_clifford,"[5, 4, 3, 2, 1, 6, 0]",368,324,54,105,221,7,102
4887,,7,76,pauli_polynomial_steiner_gray_clifford,"[6, 4, 3, 2, 1, 5, 0]",353,319,62,125,245,4,91
4888,,7,76,pauli_polynomial_steiner_gray_clifford,"[5, 6, 3, 2, 1, 4, 0]",357,320,56,111,217,5,104
4889,,7,76,pauli_polynomial_steiner_gray_clifford,"[6, 5, 3, 2, 1, 4, 0]",340,306,57,109,225,6,101
4890,,7,76,pauli_polynomial_steiner_gray_clifford,"[4, 5, 6, 2, 1, 3, 0]",324,279,53,107,216,7,104
4891,,7,76,pauli_polynomial_steiner_gray_clifford,"[4, 6, 5, 2, 1, 3, 0]",340,297,58,113,230,5,97
4892,,7,76,pauli_polynomial_steiner_gray_clifford,"[5, 4, 6, 2, 1, 3, 0]",357,324,52,106,219,8,103
4893,,7,76,pauli_polynomial_steiner_gray_clifford,"[6, 4, 5, 2, 1, 3, 0]",335,300,55,110,223,8,102
4894,,7,76,pauli_polynomial_steiner_gray_clifford,"[5, 6, 4, 2, 1, 3, 0]",367,322,59,111,237,5,94
4895,,7,76,pauli_polynomial_steiner_gray_clifford,"[6, 5, 4, 2, 1, 3, 0]",342,299,57,109,227,7,100
4896,,7,76,pauli_polynomial_steiner_gray_clifford,"[3, 4, 5, 6, 1, 2, 0]",333,293,51,98,221,8,104
4897,,7,76,pauli_polynomial_steiner_gray_clifford,"[3, 4, 6, 5, 1, 2, 0]",352,310,55,103,239,6,95
4898,,7,76,pauli_polynomial_steiner_gray_clifford,"[3, 5, 4, 6, 1, 2, 0]",347,306,50,96,223,10,103
4899,,7,76,pauli_polynomial_steiner_gray_clifford,"[3, 6, 4, 5, 1, 2, 0]",342,293,51,97,223,9,103
4900,,7,76,pauli_polynomial_steiner_gray_clifford,"[3, 5, 6, 4, 1, 2, 0]",353,313,54,98,231,7,99
4901,,7,76,pauli_polynomial_steiner_gray_clifford,"[3, 6, 5, 4, 1, 2, 0]",350,303,51,94,213,8,108
4902,,7,76,pauli_polynomial_steiner_gray_clifford,"[4, 3, 5, 6, 1, 2, 0]",338,307,53,103,226,6,99
4903,,7,76,pauli_polynomial_steiner_gray_clifford,"[4, 3, 6, 5, 1, 2, 0]",361,325,56,108,226,5,99
4904,,7,76,pauli_polynomial_steiner_gray_clifford,"[5, 3, 4, 6, 1, 2, 0]",355,304,54,100,229,7,98
4905,,7,76,pauli_polynomial_steiner_gray_clifford,"[6, 3, 4, 5, 1, 2, 0]",312,273,54,99,219,8,104
4906,,7,76,pauli_polynomial_steiner_gray_clifford,"[5, 3, 6, 4, 1, 2, 0]",353,321,55,102,221,7,102
4907,,7,76,pauli_polynomial_steiner_gray_clifford,"[6, 3, 5, 4, 1, 2, 0]",337,293,52,96,211,9,108
4908,,7,76,pauli_polynomial_steiner_gray_clifford,"[4, 5, 3, 6, 1, 2, 0]",346,302,49,99,210,9,107
4909,,7,76,pauli_polynomial_steiner_gray_clifford,"[4, 6, 3, 5, 1, 2, 0]",317,280,54,110,228,7,98
4910,,7,76,pauli_polynomial_steiner_gray_clifford,"[5, 4, 3, 6, 1, 2, 0]",375,329,51,98,211,8,107
4911,,7,76,pauli_polynomial_steiner_gray_clifford,"[6, 4, 3, 5, 1, 2, 0]",351,311,56,107,237,7,95
4912,,7,76,pauli_polynomial_steiner_gray_clifford,"[5, 6, 3, 4, 1, 2, 0]",359,320,54,105,219,5,103
4913,,7,76,pauli_polynomial_steiner_gray_clifford,"[6, 5, 3, 4, 1, 2, 0]",373,326,54,103,227,6,100
4914,,7,76,pauli_polynomial_steiner_gray_clifford,"[4, 5, 6, 3, 1, 2, 0]",358,310,53,102,216,8,104
4915,,7,76,pauli_polynomial_steiner_gray_clifford,"[4, 6, 5, 3, 1, 2, 0]",330,292,55,108,234,7,95
4916,,7,76,pauli_polynomial_steiner_gray_clifford,"[5, 4, 6, 3, 1, 2, 0]",363,318,53,101,219,9,103
4917,,7,76,pauli_polynomial_steiner_gray_clifford,"[6, 4, 5, 3, 1, 2, 0]",346,307,54,105,227,10,100
4918,,7,76,pauli_polynomial_steiner_gray_clifford,"[5, 6, 4, 3, 1, 2, 0]",370,318,55,106,235,6,95
4919,,7,76,pauli_polynomial_steiner_gray_clifford,"[6, 5, 4, 3, 1, 2, 0]",344,305,54,104,225,8,101
4920,,7,76,pauli_polynomial_steiner_gray_clifford,"[2, 3, 4, 5, 6, 1, 0]",338,295,58,115,226,5,101
4921,,7,76,pauli_polynomial_steiner_gray_clifford,"[2, 3, 4, 6, 5, 1, 0]",329,287,61,121,244,3,92
4922,,7,76,pauli_polynomial_steiner_gray_clifford,"[2, 3, 5, 4, 6, 1, 0]",343,302,56,110,228,7,100
4923,,7,76,pauli_polynomial_steiner_gray_clifford,"[2, 3, 6, 4, 5, 1, 0]",341,302,58,115,228,6,100
4924,,7,76,pauli_polynomial_steiner_gray_clifford,"[2, 3, 5, 6, 4, 1, 0]",326,283,57,110,236,4,96
4925,,7,76,pauli_polynomial_steiner_gray_clifford,"[2, 3, 6, 5, 4, 1, 0]",330,283,56,109,218,5,105
4926,,7,76,pauli_polynomial_steiner_gray_clifford,"[2, 4, 3, 5, 6, 1, 0]",337,298,58,119,234,3,97
4927,,7,76,pauli_polynomial_steiner_gray_clifford,"[2, 4, 3, 6, 5, 1, 0]",356,308,60,125,234,2,97
4928,,7,76,pauli_polynomial_steiner_gray_clifford,"[2, 5, 3, 4, 6, 1, 0]",359,315,57,110,230,4,99
4929,,7,76,pauli_polynomial_steiner_gray_clifford,"[2, 6, 3, 4, 5, 1, 0]",346,300,57,112,216,5,106
4930,,7,76,pauli_polynomial_steiner_gray_clifford,"[2, 5, 3, 6, 4, 1, 0]",359,312,55,110,222,4,103
4931,,7,76,pauli_polynomial_steiner_gray_clifford,"[2, 6, 3, 5, 4, 1, 0]",334,293,53,106,208,6,110
4932,,7,76,pauli_polynomial_steiner_gray_clifford,"[2, 4, 5, 3, 6, 1, 0]",352,305,55,114,218,6,105
4933,,7,76,pauli_polynomial_steiner_gray_clifford,"[2, 4, 6, 3, 5, 1, 0]",333,291,59,123,236,4,96
4934,,7,76,pauli_polynomial_steiner_gray_clifford,"[2, 5, 4, 3, 6, 1, 0]",345,299,56,110,212,5,108
4935,,7,76,pauli_polynomial_steiner_gray_clifford,"[2, 6, 4, 3, 5, 1, 0]",357,317,59,116,234,4,97
4936,,7,76,pauli_polynomial_steiner_gray_clifford,"[2, 5, 6, 3, 4, 1, 0]",331,295,56,110,220,2,104
4937,,7,76,pauli_polynomial_steiner_gray_clifford,"[2, 6, 5, 3, 4, 1, 0]",338,297,55,107,224,3,102
4938,,7,76,pauli_polynomial_steiner_gray_clifford,"[2, 4, 5, 6, 3, 1, 0]",346,302,57,114,224,5,102
4939,,7,76,pauli_polynomial_steiner_gray_clifford,"[2, 4, 6, 5, 3, 1, 0]",329,290,59,117,242,4,93
4940,,7,76,pauli_polynomial_steiner_gray_clifford,"[2, 5, 4, 6, 3, 1, 0]",351,312,56,110,220,6,104
4941,,7,76,pauli_polynomial_steiner_gray_clifford,"[2, 6, 4, 5, 3, 1, 0]",337,302,56,110,224,7,102
4942,,7,76,pauli_polynomial_steiner_gray_clifford,"[2, 5, 6, 4, 3, 1, 0]",351,304,58,110,236,3,96
4943,,7,76,pauli_polynomial_steiner_gray_clifford,"[2, 6, 5, 4, 3, 1, 0]",336,300,56,107,222,5,103
4944,,7,76,pauli_polynomial_steiner_gray_clifford,"[3, 2, 4, 5, 6, 1, 0]",357,315,57,115,231,5,99
4945,,7,76,pauli_polynomial_steiner_gray_clifford,"[3, 2, 4, 6, 5, 1, 0]",374,329,61,121,249,3,90
4946,,7,76,pauli_polynomial_steiner_gray_clifford,"[3, 2, 5, 4, 6, 1, 0]",342,302,56,110,227,6,101
4947,,7,76,pauli_polynomial_steiner_gray_clifford,"[3, 2, 6, 4, 5, 1, 0]",340,299,58,115,231,6,99
4948,,7,76,pauli_polynomial_steiner_gray_clifford,"[3, 2, 5, 6, 4, 1, 0]",352,306,58,110,235,3,97
4949,,7,76,pauli_polynomial_steiner_gray_clifford,"[3, 2, 6, 5, 4, 1, 0]",327,291,56,109,221,5,104
4950,,7,76,pauli_polynomial_steiner_gray_clifford,"[4, 2, 3, 5, 6, 1, 0]",351,308,59,124,236,3,94
4951,,7,76,pauli_polynomial_steiner_gray_clifford,"[4, 2, 3, 6, 5, 1, 0]",317,285,61,130,236,2,94
4952,,7,76,pauli_polynomial_steiner_gray_clifford,"[5, 2, 3, 4, 6, 1, 0]",369,323,59,114,233,3,96
4953,,7,76,pauli_polynomial_steiner_gray_clifford,"[6, 2, 3, 4, 5, 1, 0]",326,287,59,114,227,5,100
4954,,7,76,pauli_polynomial_steiner_gray_clifford,"[5, 2, 3, 6, 4, 1, 0]",368,327,58,114,225,3,100
4955,,7,76,pauli_polynomial_steiner_gray_clifford,"[6, 2, 3, 5, 4, 1, 0]",327,286,56,108,219,6,104
4956,,7,76,pauli_polynomial_steiner_gray_clifford,"[4, 2, 5, 3, 6, 1, 0]",360,312,59,119,222,3,101
4957,,7,76,pauli_polynomial_steiner_gray_clifford,"[4, 2, 6, 3, 5, 1, 0]",332,289,61,128,226,3,99
4958,,7,76,pauli_polynomial_steiner_gray_clifford,"[5, 2, 4, 3, 6, 1, 0]",358,322,60,114,223,2,101
4959,,7,76,pauli_polynomial_steiner_gray_clifford,"[6, 2, 4, 3, 5, 1, 0]",341,292,62,118,235,3,96
4960,,7,76,pauli_polynomial_steiner_gray_clifford,"[5, 2, 6, 3, 4, 1, 0]",374,331,58,114,213,2,106
4961,,7,76,pauli_polynomial_steiner_gray_clifford,"[6, 2, 5, 3, 4, 1, 0]",341,298,58,109,221,3,103
4962,,7,76,pauli_polynomial_steiner_gray_clifford,"[4, 2, 5, 6, 3, 1, 0]",350,307,60,119,228,2,98
4963,,7,76,pauli_polynomial_steiner_gray_clifford,"[4, 2, 6, 5, 3, 1, 0]",345,307,60,122,232,3,96
4964,,7,76,pauli_polynomial_steiner_gray_clifford,"[5, 2, 4, 6, 3, 1, 0]",380,345,60,114,231,3,97
4965,,7,76,pauli_polynomial_steiner_gray_clifford,"[6, 2, 4, 5, 3, 1, 0]",360,309,58,112,225,6,101
4966,,7,76,pauli_polynomial_steiner_gray_clifford,"[5, 2, 6, 4, 3, 1, 0]",353,308,59,114,229,3,98
4967,,7,76,pauli_polynomial_steiner_gray_clifford,"[6, 2, 5, 4, 3, 1, 0]",347,304,57,109,219,5,104
4968,,7,76,pauli_polynomial_steiner_gray_clifford,"[3, 4, 2, 5, 6, 1, 0]",349,305,59,117,233,2,98
4969,,7,76,pauli_polynomial_steiner_gray_clifford,"[3, 4, 2, 6, 5, 1, 0]",351,310,61,123,237,2,96
4970,,7,76,pauli_polynomial_steiner_gray_clifford,"[3, 5, 2, 4, 6, 1, 0]",344,301,58,110,235,4,97
4971,,7,76,pauli_polynomial_steiner_gray_clifford,"[3, 6, 2, 4, 5, 1, 0]",319,289,56,111,221,5,104
4972,,7,76,pauli_polynomial_steiner_gray_clifford,"[3, 5, 2, 6, 4, 1, 0]",350,306,57,110,225,4,102
4973,,7,76,pauli_polynomial_steiner_gray_clifford,"[3, 6, 2, 5, 4, 1, 0]",352,305,53,105,207,5,111
4974,,7,76,pauli_polynomial_steiner_gray_clifford,"[4, 3, 2, 5, 6, 1, 0]",327,292,61,122,230,2,97
4975,,7,76,pauli_polynomial_steiner_gray_clifford,"[4, 3, 2, 6, 5, 1, 0]",342,294,62,128,234,2,95
4976,,7,76,pauli_polynomial_steiner_gray_clifford,"[5, 3, 2, 4, 6, 1, 0]",369,328,60,114,239,4,93
4977,,7,76,pauli_polynomial_steiner_gray_clifford,"[6, 3, 2, 4, 5, 1, 0]",313,279,58,113,229,5,99
4978,,7,76,pauli_polynomial_steiner_gray_clifford,"[5, 3, 2, 6, 4, 1, 0]",385,332,59,114,229,4,98
4979,,7,76,pauli_polynomial_steiner_gray_clifford,"[6, 3, 2, 5, 4, 1, 0]",353,310,56,107,215,5,106
4980,,7,76,pauli_polynomial_steiner_gray_clifford,"[4, 5, 2, 3, 6, 1, 0]",354,317,57,113,214,5,105
4981,,7,76,pauli_polynomial_steiner_gray_clifford,"[4, 6, 2, 3, 5, 1, 0]",361,316,61,128,236,4,94
4982,,7,76,pauli_polynomial_steiner_gray_clifford,"[5, 4, 2, 3, 6, 1, 0]",366,325,57,112,221,5,102
4983,,7,76,pauli_polynomial_steiner_gray_clifford,"[6, 4, 2, 3, 5, 1, 0]",360,325,62,125,247,4,90
4984,,7,76,pauli_polynomial_steiner_gray_clifford,"[5, 6, 2, 3, 4, 1, 0]",363,315,59,117,227,2,99
4985,,7,76,pauli_polynomial_steiner_gray_clifford,"[6, 5, 2, 3, 4, 1, 0]",356,313,60,115,231,2,98
4986,,7,76,pauli_polynomial_steiner_gray_clifford,"[4, 5, 2, 6, 3, 1, 0]",359,320,57,113,210,5,107
4987,,7,76,pauli_polynomial_steiner_gray_clifford,"[4, 6, 2, 5, 3, 1, 0]",365,331,60,122,228,4,98
4988,,7,76,pauli_polynomial_steiner_gray_clifford,"[5, 4, 2, 6, 3, 1, 0]",359,320,58,112,217,5,104
4989,,7,76,pauli_polynomial_steiner_gray_clifford,"[6, 4, 2, 5, 3, 1, 0]",333,295,61,119,239,4,94
4990,,7,76,pauli_polynomial_steiner_gray_clifford,"[5, 6, 2, 4, 3, 1, 0]",374,326,61,117,233,2,96
4991,,7,76,pauli_polynomial_steiner_gray_clifford,"[6, 5, 2, 4, 3, 1, 0]",345,307,61,115,237,2,95
4992,,7,76,pauli_polynomial_steiner_gray_clifford,"[3, 4, 5, 2, 6, 1, 0]",349,307,55,109,215,5,107
4993,,7,76,pauli_polynomial_steiner_gray_clifford,"[3, 4, 6, 2, 5, 1, 0]",319,286,61,120,233,3,98
4994,,7,76,pauli_polynomial_steiner_gray_clifford,"[3, 5, 4, 2, 6, 1, 0]",349,298,55,107,221,6,104
4995,,7,76,pauli_polynomial_steiner_gray_clifford,"[3, 6, 4, 2, 5, 1, 0]",356,316,59,114,235,3,97
4996,,7,76,pauli_polynomial_steiner_gray_clifford,"[3, 5, 6, 2, 4, 1, 0]",353,314,58,109,229,3,100
4997,,7,76,pauli_polynomial_steiner_gray_clifford,"[3, 6, 5, 2, 4, 1, 0]",349,305,56,105,225,2,102
4998,,7,76,pauli_polynomial_steiner_gray_clifford,"[4, 3, 5, 2, 6, 1, 0]",336,296,59,114,220,3,102
4999,,7,76,pauli_polynomial_steiner_gray_clifford,"[4, 3, 6, 2, 5, 1, 0]",349,311,63,125,220,2,102
5000,,7,76,pauli_polynomial_steiner_gray_clifford,"[5, 3, 4, 2, 6, 1, 0]",348,314,60,111,227,3,99
5001,,7,76,pauli_polynomial_steiner_gray_clifford,"[6, 3, 4, 2, 5, 1, 0]",354,320,62,116,231,2,98
5002,,7,76,pauli_polynomial_steiner_gray_clifford,"[5, 3, 6, 2, 4, 1, 0]",371,325,60,113,219,3,103
5003,,7,76,pauli_polynomial_steiner_gray_clifford,"[6, 3, 5, 2, 4, 1, 0]",341,298,58,107,223,3,102
5004,,7,76,pauli_polynomial_steiner_gray_clifford,"[4, 5, 3, 2, 6, 1, 0]",351,306,55,110,218,6,103
5005,,7,76,pauli_polynomial_steiner_gray_clifford,"[4, 6, 3, 2, 5, 1, 0]",336,296,62,127,232,3,96
5006,,7,76,pauli_polynomial_steiner_gray_clifford,"[5, 4, 3, 2, 6, 1, 0]",360,312,56,109,219,5,103
5007,,7,76,pauli_polynomial_steiner_gray_clifford,"[6, 4, 3, 2, 5, 1, 0]",331,288,63,124,241,3,93
5008,,7,76,pauli_polynomial_steiner_gray_clifford,"[5, 6, 3, 2, 4, 1, 0]",361,322,60,116,229,2,98
5009,,7,76,pauli_polynomial_steiner_gray_clifford,"[6, 5, 3, 2, 4, 1, 0]",353,304,60,114,237,3,95
5010,,7,76,pauli_polynomial_steiner_gray_clifford,"[4, 5, 6, 2, 3, 1, 0]",369,325,59,113,224,5,100
5011,,7,76,pauli_polynomial_steiner_gray_clifford,"[4, 6, 5, 2, 3, 1, 0]",356,323,62,119,238,3,93
5012,,7,76,pauli_polynomial_steiner_gray_clifford,"[5, 4, 6, 2, 3, 1, 0]",375,328,59,112,227,6,99
5013,,7,76,pauli_polynomial_steiner_gray_clifford,"[6, 4, 5, 2, 3, 1, 0]",361,315,60,116,231,6,98
5014,,7,76,pauli_polynomial_steiner_gray_clifford,"[5, 6, 4, 2, 3, 1, 0]",352,306,63,117,245,3,90
5015,,7,76,pauli_polynomial_steiner_gray_clifford,"[6, 5, 4, 2, 3, 1, 0]",346,305,61,115,235,5,96
5016,,7,76,pauli_polynomial_steiner_gray_clifford,"[3, 4, 5, 6, 2, 1, 0]",326,284,53,104,219,6,105
5017,,7,76,pauli_polynomial_steiner_gray_clifford,"[3, 4, 6, 5, 2, 1, 0]",345,307,57,109,233,4,98
5018,,7,76,pauli_polynomial_steiner_gray_clifford,"[3, 5, 4, 6, 2, 1, 0]",346,312,52,102,221,8,104
5019,,7,76,pauli_polynomial_steiner_gray_clifford,"[3, 6, 4, 5, 2, 1, 0]",327,286,52,103,217,7,106
5020,,7,76,pauli_polynomial_steiner_gray_clifford,"[3, 5, 6, 4, 2, 1, 0]",345,316,56,104,239,5,95
5021,,7,76,pauli_polynomial_steiner_gray_clifford,"[3, 6, 5, 4, 2, 1, 0]",331,285,52,100,221,6,104
5022,,7,76,pauli_polynomial_steiner_gray_clifford,"[4, 3, 5, 6, 2, 1, 0]",349,313,55,109,224,4,100
5023,,7,76,pauli_polynomial_steiner_gray_clifford,"[4, 3, 6, 5, 2, 1, 0]",348,308,58,114,220,3,102
5024,,7,76,pauli_polynomial_steiner_gray_clifford,"[5, 3, 4, 6, 2, 1, 0]",352,318,56,106,227,5,99
5025,,7,76,pauli_polynomial_steiner_gray_clifford,"[6, 3, 4, 5, 2, 1, 0]",348,306,55,105,213,6,107
5026,,7,76,pauli_polynomial_steiner_gray_clifford,"[5, 3, 6, 4, 2, 1, 0]",337,305,57,108,229,5,98
5027,,7,76,pauli_polynomial_steiner_gray_clifford,"[6, 3, 5, 4, 2, 1, 0]",327,283,53,102,219,7,104
5028,,7,76,pauli_polynomial_steiner_gray_clifford,"[4, 5, 3, 6, 2, 1, 0]",330,285,51,105,208,7,108
5029,,7,76,pauli_polynomial_steiner_gray_clifford,"[4, 6, 3, 5, 2, 1, 0]",362,312,56,116,222,5,101
5030,,7,76,pauli_polynomial_steiner_gray_clifford,"[5, 4, 3, 6, 2, 1, 0]",376,332,53,104,209,6,108
5031,,7,76,pauli_polynomial_steiner_gray_clifford,"[6, 4, 3, 5, 2, 1, 0]",358,309,58,113,231,5,98
5032,,7,76,pauli_polynomial_steiner_gray_clifford,"[5, 6, 3, 4, 2, 1, 0]",363,316,58,111,227,3,99
5033,,7,76,pauli_polynomial_steiner_gray_clifford,"[6, 5, 3, 4, 2, 1, 0]",372,318,58,109,235,4,96
5034,,7,76,pauli_polynomial_steiner_gray_clifford,"[4, 5, 6, 3, 2, 1, 0]",361,317,55,108,218,6,103
5035,,7,76,pauli_polynomial_steiner_gray_clifford,"[4, 6, 5, 3, 2, 1, 0]",354,322,57,114,236,5,94
5036,,7,76,pauli_polynomial_steiner_gray_clifford,"[5, 4, 6, 3, 2, 1, 0]",359,314,55,107,221,7,102
5037,,7,76,pauli_polynomial_steiner_gray_clifford,"[6, 4, 5, 3, 2, 1, 0]",361,321,56,111,229,8,99
5038,,7,76,pauli_polynomial_steiner_gray_clifford,"[5, 6, 4, 3, 2, 1, 0]",365,329,59,112,237,4,94
5039,,7,76,pauli_polynomial_steiner_gray_clifford,"[6, 5, 4, 3, 2, 1, 0]",332,284,58,110,227,6,100
